Workbook

Sheet Overview
A1: Request for Information Summary
A3: Trade | B3: Planned Equipment Material Approval | C3: Rev0 | N3: Rev1 | Z3: Rev2
C4: GAA Stats | D4: CTA Stats | F4: AUR Stats | H4: STT Stats | N4: GAA Stats | P4: CTA Stats | R4: AUR Stats | T4: STT Stats | Z4: GAA Stats | AB4: CTA Stats | AD4: AUR Stats | AF4: STT Stats
C5: Total Submission | D5: Total reviewed | E5: Total outstanding | F5: Total reviewed | G5: Total outstanding | H5: Total reviewed | I5: Total outstanding | J5: Status A | K5: Status B | L5: Status C | N5: Pending resubmission | O5: Submitted | P5: Total reviewed | Q5: Total outstanding | R5: Total reviewed | S5: Total outstanding | T5: Total reviewed | U5: Total outstanding | V5: Status A | W5: Status B | X5: Status C | Z5: Pending resubmission | AA5: Submitted | AB5: Total reviewed | AC5: Total outstanding | AD5: Total reviewed | AE5: Total outstanding | AF5: Total reviewed | AG5: Total outstanding | AH5: Status A | AI5: Status B | AJ5: Status C
A6: Structural | B6: {=SUMPRODUCT((ST!$C$4:$C$1000<>"")*(ST!$D$4:$D$1000<>""))} -> 1 | C6: {=SUMPRODUCT((ST!$C$4:$C$1000<>"")*(ST!$M$4:$M$1000<>""))} -> 1 | D6: =SUMPRODUCT((ST!$C$4:$C$1000<>"")*(ST!$N$4:$N$1000<>"")) -> 1 | E6: =SUMPRODUCT((ST!$C$4:$C$1000<>"")*(ST!$M$4:$M$1000<>"")*(ST!$N$4:$N$1000="")) -> 0 | F6: =SUMPRODUCT((ST!$C$4:$C$1000<>"")*(ST!$O$4:$O$1000<>"")) -> 1 | G6: =SUMPRODUCT((ST!$C$4:$C$1000<>"")*(ST!$M$4:$M$1000<>"")*(ST!$O$4:$O$1000="")) -> 0 | H6: =SUMPRODUCT((ST!$C$4:$C$1000<>"")*(ST!$P$4:$P$1000<>"")) -> 0 | I6: =SUMPRODUCT((ST!$C$4:$C$1000<>"")*(ST!$M$4:$M$1000<>"")*(ST!$P$4:$P$1000="")) -> 1 | J6: =SUMPRODUCT((ST!$C$4:$C$1000<>"")*(ST!$Q$4:$Q$1000="A")) -> 0 | K6: =SUMPRODUCT((ST!$C$4:$C$1000<>"")*(ST!$Q$4:$Q$1000="B")) -> 0 | L6: =SUMPRODUCT((ST!$C$4:$C$1000<>"")*(ST!$Q$4:$Q$1000="C")) -> 0 | N6: =L6 -> 0 | O6: =SUMPRODUCT((ST!$C$4:$C$1000<>"")*(ST!$R$4:$R$1000<>"")) -> 0 | P6: =SUMPRODUCT((ST!$C$4:$C$1000<>"")*(ST!$S$4:$S$1000<>"")) -> 0 | Q6: =SUMPRODUCT((ST!$C$4:$C$1000<>"")*(ST!$R$4:$R$1000<>"")*(ST!$S$4:$S$1000="")) -> 0 | R6: =SUMPRODUCT((ST!$C$4:$C$1000<>"")*(ST!$T$4:$T$1000<>"")) -> 0 | S6: =SUMPRODUCT((ST!$C$4:$C$1000<>"")*(ST!$R$4:$R$1000<>"")*(ST!$T$4:$T$1000="")) -> 0 | T6: =SUMPRODUCT((ST!$C$4:$C$1000<>"")*(ST!$U$4:$U$1000<>"")) -> 0 | U6: =SUMPRODUCT((ST!$C$4:$C$1000<>"")*(ST!$R$4:$R$1000<>"")*(ST!$U$4:$U$1000="")) -> 0 | V6: =SUMPRODUCT((ST!$C$4:$C$1000<>"")*(ST!$V$4:$V$1000="A")) -> 0 | W6: =SUMPRODUCT((ST!$C$4:$C$1000<>"")*(ST!$V$4:$V$1000="B")) -> 0 | X6: =SUMPRODUCT((ST!$C$4:$C$1000<>"")*(ST!$V$4:$V$1000="C")) -> 0 | Z6: =X6 -> 0 | AA6: =SUMPRODUCT((ST!$C$4:$C$1000<>"")*(ST!$W$4:$W$1000<>"")) -> 0 | AB6: =SUMPRODUCT((ST!$C$4:$C$1000<>"")*(ST!$X$4:$X$1000<>"")) -> 0 | AC6: =SUMPRODUCT((ST!$C$4:$C$1000<>"")*(ST!$W$4:$W$1000<>"")*(ST!$X$4:$X$1000="")) -> 0 | AD6: =SUMPRODUCT((ST!$C$4:$C$1000<>"")*(ST!$Y$4:$Y$1000<>"")) -> 0 | AE6: =SUMPRODUCT((ST!$C$4:$C$1000<>"")*(ST!$W$4:$W$1000<>"")*(ST!$Y$4:$Y$1000="")) -> 0 | AF6: =SUMPRODUCT((ST!$C$4:$C$1000<>"")*(ST!$Z$4:$Z$1000<>"")) -> 0 | AG6: =SUMPRODUCT((ST!$C$4:$C$1000<>"")*(ST!$W$4:$W$1000<>"")*(ST!$Z$4:$Z$1000="")) -> 0 | AH6: =SUMPRODUCT((ST!$C$4:$C$1000<>"")*(ST!$AA$4:$AA$1000="A")) -> 0 | AI6: =SUMPRODUCT((ST!$C$4:$C$1000<>"")*(ST!$AA$4:$AA$1000="B")) -> 0 | AJ6: =SUMPRODUCT((ST!$C$4:$C$1000<>"")*(ST!$AA$4:$AA$1000="C")) -> 0
A7: Architectural | B7: {=SUMPRODUCT((AR!$C$4:$C$989<>"")*(AR!$D$4:$D$989<>""))} -> 38 | C7: =SUMPRODUCT((AR!$C$4:$C$989<>"")*(AR!$M$4:$M$989<>"")) -> 38 | D7: =SUMPRODUCT((AR!$C$4:$C$989<>"")*(AR!$N$4:$N$989<>"")) -> 37 | E7: =SUMPRODUCT((AR!$C$4:$C$989<>"")*(AR!$M$4:$M$989<>"")*(AR!$N$4:$N$989="")) -> 1 | F7: =SUMPRODUCT((AR!$C$4:$C$989<>"")*(AR!$O$4:$O$989<>"")) -> 37 | G7: =SUMPRODUCT((AR!$C$4:$C$989<>"")*(AR!$M$4:$M$989<>"")*(AR!$O$4:$O$989="")) -> 1 | H7: =SUMPRODUCT((AR!$C$4:$C$989<>"")*(AR!$P$4:$P$989<>"")) -> 24 | I7: =SUMPRODUCT((AR!$C$4:$C$989<>"")*(AR!$M$4:$M$989<>"")*(AR!$P$4:$P$989="")) -> 14 | J7: =SUMPRODUCT((AR!$C$4:$C$989<>"")*(AR!$Q$4:$Q$989="A")) -> 1 | K7: =SUMPRODUCT((AR!$C$4:$C$989<>"")*(AR!$Q$4:$Q$989="B")) -> 15 | L7: =SUMPRODUCT((AR!$C$4:$C$989<>"")*(AR!$Q$4:$Q$989="C")) -> 0 | N7: =L7 -> 0 | O7: =SUMPRODUCT((AR!$C$4:$C$989<>"")*(AR!$R$4:$R$989<>"")) -> 1 | P7: =SUMPRODUCT((AR!$C$4:$C$989<>"")*(AR!$S$4:$S$989<>"")) -> 0 | Q7: =SUMPRODUCT((AR!$C$4:$C$989<>"")*(AR!$R$4:$R$989<>"")*(AR!$S$4:$S$989="")) -> 1 | R7: =SUMPRODUCT((AR!$C$4:$C$989<>"")*(AR!$T$4:$T$989<>"")) -> 0 | S7: =SUMPRODUCT((AR!$C$4:$C$989<>"")*(AR!$R$4:$R$989<>"")*(AR!$T$4:$T$989="")) -> 1 | T7: =SUMPRODUCT((AR!$C$4:$C$989<>"")*(AR!$U$4:$U$989<>"")) -> 0 | U7: =SUMPRODUCT((AR!$C$4:$C$989<>"")*(AR!$R$4:$R$989<>"")*(AR!$U$4:$U$989="")) -> 1 | V7: =SUMPRODUCT((AR!$C$4:$C$989<>"")*(AR!$V$4:$V$989="A")) -> 0 | W7: =SUMPRODUCT((AR!$C$4:$C$989<>"")*(AR!$V$4:$V$989="B")) -> 0 | X7: =SUMPRODUCT((AR!$C$4:$C$989<>"")*(AR!$V$4:$V$989="C")) -> 0 | Z7: =X7 -> 0 | AA7: =SUMPRODUCT((AR!$C$4:$C$989<>"")*(AR!$W$4:$W$989<>"")) -> 0 | AB7: =SUMPRODUCT((AR!$C$4:$C$989<>"")*(AR!$X$4:$X$989<>"")) -> 0 | AC7: =SUMPRODUCT((AR!$C$4:$C$989<>"")*(AR!$W$4:$W$989<>"")*(AR!$X$4:$X$989="")) -> 0 | AD7: =SUMPRODUCT((AR!$C$4:$C$989<>"")*(AR!$Y$4:$Y$989<>"")) -> 0 | AE7: =SUMPRODUCT((AR!$C$4:$C$989<>"")*(AR!$W$4:$W$989<>"")*(AR!$Y$4:$Y$989="")) -> 0 | AF7: =SUMPRODUCT((AR!$C$4:$C$989<>"")*(AR!$Z$4:$Z$989<>"")) -> 0 | AG7: =SUMPRODUCT((AR!$C$4:$C$989<>"")*(AR!$W$4:$W$989<>"")*(AR!$Z$4:$Z$989="")) -> 0 | AH7: =SUMPRODUCT((AR!$C$4:$C$989<>"")*(AR!$AA$4:$AA$989="A")) -> 0 | AI7: =SUMPRODUCT((AR!$C$4:$C$989<>"")*(AR!$AA$4:$AA$989="B")) -> 0 | AJ7: =SUMPRODUCT((AR!$C$4:$C$989<>"")*(AR!$AA$4:$AA$989="C")) -> 0
A8: Mechanical | B8: =SUMPRODUCT((ME!$C$4:$C$981<>"")*(ME!$D$4:$D$981<>"")) -> 24 | C8: =SUMPRODUCT((ME!$C$4:$C$981<>"")*(ME!$N$4:$N$981<>"")) -> 24 | D8: =SUMPRODUCT((ME!$C$4:$C$981<>"")*(ME!$O$4:$O$981<>"")) -> 21 | E8: =SUMPRODUCT((ME!$C$4:$C$981<>"")*(ME!$N$4:$N$981<>"")*(ME!$O$4:$O$981="")) -> 3 | F8: =SUMPRODUCT((ME!$C$4:$C$981<>"")*(ME!$P$4:$P$981<>"")) -> 12 | G8: =SUMPRODUCT((ME!$C$4:$C$981<>"")*(ME!$N$4:$N$981<>"")*(ME!$P$4:$P$981="")) -> 12 | H8: =SUMPRODUCT((ME!$C$4:$C$981<>"")*(ME!$Q$4:$Q$981<>"")) -> 2 | I8: =SUMPRODUCT((ME!$C$4:$C$981<>"")*(ME!$N$4:$N$981<>"")*(ME!$Q$4:$Q$981="")) -> 22 | J8: =SUMPRODUCT((ME!$C$4:$C$981<>"")*(ME!$R$4:$R$981="A")) -> 0 | K8: =SUMPRODUCT((ME!$C$4:$C$981<>"")*(ME!$R$4:$R$981="B")) -> 2 | L8: =SUMPRODUCT((ME!$C$4:$C$981<>"")*(ME!$R$4:$R$981="C")) -> 0 | N8: =L8 -> 0 | O8: =SUMPRODUCT((ME!$C$4:$C$981<>"")*(ME!$S$4:$S$981<>"")) -> 0 | P8: =SUMPRODUCT((ME!$C$4:$C$981<>"")*(ME!$T$4:$T$981<>"")) -> 0 | Q8: =SUMPRODUCT((ME!$C$4:$C$981<>"")*(ME!$S$4:$S$981<>"")*(ME!$T$4:$T$981="")) -> 0 | R8: =SUMPRODUCT((ME!$C$4:$C$981<>"")*(ME!$U$4:$U$981<>"")) -> 0 | S8: =SUMPRODUCT((ME!$C$4:$C$981<>"")*(ME!$S$4:$S$981<>"")*(ME!$U$4:$U$981="")) -> 0 | T8: =SUMPRODUCT((ME!$C$4:$C$981<>"")*(ME!$V$4:$V$981<>"")) -> 0 | U8: =SUMPRODUCT((ME!$C$4:$C$981<>"")*(ME!$S$4:$S$981<>"")*(ME!$V$4:$V$981="")) -> 0 | V8: =SUMPRODUCT((ME!$C$4:$C$981<>"")*(ME!$W$4:$W$981="A")) -> 0 | W8: =SUMPRODUCT((ME!$C$4:$C$981<>"")*(ME!$W$4:$W$981="B")) -> 0 | X8: =SUMPRODUCT((ME!$C$4:$C$981<>"")*(ME!$W$4:$W$981="C")) -> 0 | Z8: =X8 -> 0 | AA8: =SUMPRODUCT((ME!$C$4:$C$981<>"")*(ME!$X$4:$X$981<>"")) -> 0 | AB8: =SUMPRODUCT((ME!$C$4:$C$981<>"")*(ME!$Y$4:$Y$981<>"")) -> 0 | AC8: =SUMPRODUCT((ME!$C$4:$C$981<>"")*(ME!$X$4:$X$981<>"")*(ME!$Y$4:$Y$981="")) -> 0 | AD8: =SUMPRODUCT((ME!$C$4:$C$981<>"")*(ME!$Z$4:$Z$981<>"")) -> 0 | AE8: =SUMPRODUCT((ME!$C$4:$C$981<>"")*(ME!$X$4:$X$981<>"")*(ME!$Z$4:$Z$981="")) -> 0 | AF8: =SUMPRODUCT((ME!$C$4:$C$981<>"")*(ME!$AA$4:$AA$981<>"")) -> 0 | AG8: =SUMPRODUCT((ME!$C$4:$C$981<>"")*(ME!$X$4:$X$981<>"")*(ME!$AA$4:$AA$981="")) -> 0 | AH8: =SUMPRODUCT((ME!$C$4:$C$981<>"")*(ME!$AB$4:$AB$981="A")) -> 0 | AI8: =SUMPRODUCT((ME!$C$4:$C$981<>"")*(ME!$AB$4:$AB$981="B")) -> 0 | AJ8: =SUMPRODUCT((ME!$C$4:$C$981<>"")*(ME!$AB$4:$AB$981="C")) -> 0
A9: Fire Protection | B9: =SUMPRODUCT((FI!$C$4:$C$976<>"")*(FI!$D$4:$D$976<>"")) -> 14 | C9: =SUMPRODUCT((FI!$C$4:$C$976<>"")*(FI!$N$4:$N$976<>"")) -> 14 | D9: =SUMPRODUCT((FI!$C$4:$C$976<>"")*(FI!$O$4:$O$976<>"")) -> 14 | E9: =SUMPRODUCT((FI!$C$4:$C$976<>"")*(FI!$N$4:$N$976<>"")*(FI!$O$4:$O$976="")) -> 0 | F9: =SUMPRODUCT((FI!$C$4:$C$976<>"")*(FI!$P$4:$P$976<>"")) -> 0 | G9: =SUMPRODUCT((FI!$C$4:$C$976<>"")*(FI!$N$4:$N$976<>"")*(FI!$P$4:$P$976="")) -> 14 | H9: =SUMPRODUCT((FI!$C$4:$C$976<>"")*(FI!$Q$4:$Q$976<>"")) -> 0 | I9: =SUMPRODUCT((FI!$C$4:$C$976<>"")*(FI!$N$4:$N$976<>"")*(FI!$Q$4:$Q$976="")) -> 14 | J9: =SUMPRODUCT((FI!$C$4:$C$976<>"")*(FI!$R$4:$R$976="A")) -> 0 | K9: =SUMPRODUCT((FI!$C$4:$C$976<>"")*(FI!$R$4:$R$976="B")) -> 0 | L9: =SUMPRODUCT((FI!$C$4:$C$976<>"")*(FI!$R$4:$R$976="C")) -> 0 | N9: =L9 -> 0 | O9: =SUMPRODUCT((FI!$C$4:$C$976<>"")*(FI!$S$4:$S$976<>"")) -> 0 | P9: =SUMPRODUCT((FI!$C$4:$C$976<>"")*(FI!$T$4:$T$976<>"")) -> 0 | Q9: =SUMPRODUCT((FI!$C$4:$C$976<>"")*(FI!$S$4:$S$976<>"")*(FI!$T$4:$T$976="")) -> 0 | R9: =SUMPRODUCT((FI!$C$4:$C$976<>"")*(FI!$U$4:$U$976<>"")) -> 0 | S9: =SUMPRODUCT((FI!$C$4:$C$976<>"")*(FI!$S$4:$S$976<>"")*(FI!$U$4:$U$976="")) -> 0 | T9: =SUMPRODUCT((FI!$C$4:$C$976<>"")*(FI!$V$4:$V$976<>"")) -> 0 | U9: =SUMPRODUCT((FI!$C$4:$C$976<>"")*(FI!$S$4:$S$976<>"")*(FI!$V$4:$V$976="")) -> 0 | V9: =SUMPRODUCT((FI!$C$4:$C$976<>"")*(FI!$W$4:$W$976="A")) -> 0 | W9: =SUMPRODUCT((FI!$C$4:$C$976<>"")*(FI!$W$4:$W$976="B")) -> 0 | X9: =SUMPRODUCT((FI!$C$4:$C$976<>"")*(FI!$W$4:$W$976="C")) -> 0 | Z9: =X9 -> 0 | AA9: =SUMPRODUCT((FI!$C$4:$C$976<>"")*(FI!$X$4:$X$976<>"")) -> 0 | AB9: =SUMPRODUCT((FI!$C$4:$C$976<>"")*(FI!$Y$4:$Y$976<>"")) -> 0 | AC9: =SUMPRODUCT((FI!$C$4:$C$976<>"")*(FI!$X$4:$X$976<>"")*(FI!$Y$4:$Y$976="")) -> 0 | AD9: =SUMPRODUCT((FI!$C$4:$C$976<>"")*(FI!$Z$4:$Z$976<>"")) -> 0 | AE9: =SUMPRODUCT((FI!$C$4:$C$976<>"")*(FI!$X$4:$X$976<>"")*(FI!$Z$4:$Z$976="")) -> 0 | AF9: =SUMPRODUCT((FI!$C$4:$C$976<>"")*(FI!$AA$4:$AA$976<>"")) -> 0 | AG9: =SUMPRODUCT((FI!$C$4:$C$976<>"")*(FI!$X$4:$X$976<>"")*(FI!$AA$4:$AA$976="")) -> 0 | AH9: =SUMPRODUCT((FI!$C$4:$C$976<>"")*(FI!$AB$4:$AB$976="A")) -> 0 | AI9: =SUMPRODUCT((FI!$C$4:$C$976<>"")*(FI!$AB$4:$AB$976="B")) -> 0 | AJ9: =SUMPRODUCT((FI!$C$4:$C$976<>"")*(FI!$AB$4:$AB$976="C")) -> 0
A10: Hydraulics | B10: =SUMPRODUCT((HY!$C$4:$C$992<>"")*(HY!$D$4:$D$992<>"")) -> 11 | C10: =SUMPRODUCT((HY!$C$4:$C$992<>"")*(HY!$N$4:$N$992<>"")) -> 11 | D10: =SUMPRODUCT((HY!$C$4:$C$992<>"")*(HY!$O$4:$O$992<>"")) -> 11 | E10: =SUMPRODUCT((HY!$C$4:$C$992<>"")*(HY!$N$4:$N$992<>"")*(HY!$O$4:$O$992="")) -> 0 | F10: =SUMPRODUCT((HY!$C$4:$C$992<>"")*(HY!$P$4:$P$992<>"")) -> 0 | G10: =SUMPRODUCT((HY!$C$4:$C$992<>"")*(HY!$N$4:$N$992<>"")*(HY!$P$4:$P$992="")) -> 11 | H10: =SUMPRODUCT((HY!$C$4:$C$992<>"")*(HY!$Q$4:$Q$992<>"")) -> 0 | I10: =SUMPRODUCT((HY!$C$4:$C$992<>"")*(HY!$N$4:$N$992<>"")*(HY!$Q$4:$Q$992="")) -> 11 | J10: =SUMPRODUCT((HY!$C$4:$C$992<>"")*(HY!$R$4:$R$992="A")) -> 0 | K10: =SUMPRODUCT((HY!$C$4:$C$992<>"")*(HY!$R$4:$R$992="B")) -> 0 | L10: =SUMPRODUCT((HY!$C$4:$C$992<>"")*(HY!$R$4:$R$992="C")) -> 0 | N10: =L10 -> 0 | O10: =SUMPRODUCT((HY!$C$4:$C$992<>"")*(HY!$S$4:$S$992<>"")) -> 0 | P10: =SUMPRODUCT((HY!$C$4:$C$992<>"")*(HY!$T$4:$T$992<>"")) -> 0 | Q10: =SUMPRODUCT((HY!$C$4:$C$992<>"")*(HY!$S$4:$S$992<>"")*(HY!$T$4:$T$992="")) -> 0 | R10: =SUMPRODUCT((HY!$C$4:$C$992<>"")*(HY!$U$4:$U$992<>"")) -> 0 | S10: =SUMPRODUCT((HY!$C$4:$C$992<>"")*(HY!$S$4:$S$992<>"")*(HY!$U$4:$U$992="")) -> 0 | T10: =SUMPRODUCT((HY!$C$4:$C$992<>"")*(HY!$V$4:$V$992<>"")) -> 0 | U10: =SUMPRODUCT((HY!$C$4:$C$992<>"")*(HY!$S$4:$S$992<>"")*(HY!$V$4:$V$992="")) -> 0 | V10: =SUMPRODUCT((HY!$C$4:$C$992<>"")*(HY!$W$4:$W$992="A")) -> 0 | W10: =SUMPRODUCT((HY!$C$4:$C$992<>"")*(HY!$W$4:$W$992="B")) -> 0 | X10: =SUMPRODUCT((HY!$C$4:$C$992<>"")*(HY!$W$4:$W$992="C")) -> 0 | Z10: =X10 -> 0 | AA10: =SUMPRODUCT((HY!$C$4:$C$992<>"")*(HY!$X$4:$X$992<>"")) -> 0 | AB10: =SUMPRODUCT((HY!$C$4:$C$992<>"")*(HY!$Y$4:$Y$992<>"")) -> 0 | AC10: =SUMPRODUCT((HY!$C$4:$C$992<>"")*(HY!$X$4:$X$992<>"")*(HY!$Y$4:$Y$992="")) -> 0 | AD10: =SUMPRODUCT((HY!$C$4:$C$992<>"")*(HY!$Z$4:$Z$992<>"")) -> 0 | AE10: =SUMPRODUCT((HY!$C$4:$C$992<>"")*(HY!$X$4:$X$992<>"")*(HY!$Z$4:$Z$992="")) -> 0 | AF10: =SUMPRODUCT((HY!$C$4:$C$992<>"")*(HY!$AA$4:$AA$992<>"")) -> 0 | AG10: =SUMPRODUCT((HY!$C$4:$C$992<>"")*(HY!$X$4:$X$992<>"")*(HY!$AA$4:$AA$992="")) -> 0 | AH10: =SUMPRODUCT((HY!$C$4:$C$992<>"")*(HY!$AB$4:$AB$992="A")) -> 0 | AI10: =SUMPRODUCT((HY!$C$4:$C$992<>"")*(HY!$AB$4:$AB$992="B")) -> 0 | AJ10: =SUMPRODUCT((HY!$C$4:$C$992<>"")*(HY!$AB$4:$AB$992="C")) -> 0
A11: Electrical & Comms | B11: {=SUMPRODUCT((EL!$C$4:$C$920<>"")*(EL!$D$4:$D$920<>""))} -> 47 | C11: =SUMPRODUCT((EL!$C$4:$C$920<>"")*(EL!$N$4:$N$920<>"")) -> 47 | D11: =SUMPRODUCT((EL!$C$4:$C$920<>"")*(EL!$O$4:$O$920<>"")) -> 42 | E11: =SUMPRODUCT((EL!$C$4:$C$920<>"")*(EL!$N$4:$N$920<>"")*(EL!$O$4:$O$920="")) -> 5 | F11: =SUMPRODUCT((EL!$C$4:$C$920<>"")*(EL!$P$4:$P$920<>"")) -> 18 | G11: =SUMPRODUCT((EL!$C$4:$C$920<>"")*(EL!$N$4:$N$920<>"")*(EL!$P$4:$P$920="")) -> 29 | H11: =SUMPRODUCT((EL!$C$4:$C$920<>"")*(EL!$Q$4:$Q$920<>"")) -> 0 | I11: =SUMPRODUCT((EL!$C$4:$C$920<>"")*(EL!$N$4:$N$920<>"")*(EL!$Q$4:$Q$920="")) -> 47 | J11: =SUMPRODUCT((EL!$C$4:$C$920<>"")*(EL!$R$4:$R$920="A")) -> 0 | K11: =SUMPRODUCT((EL!$C$4:$C$920<>"")*(EL!$R$4:$R$920="B")) -> 0 | L11: =SUMPRODUCT((EL!$C$4:$C$920<>"")*(EL!$R$4:$R$920="C")) -> 0 | N11: =L11 -> 0 | O11: =SUMPRODUCT((EL!$C$4:$C$920<>"")*(EL!$S$4:$S$920<>"")) -> 0 | P11: =SUMPRODUCT((EL!$C$4:$C$920<>"")*(EL!$T$4:$T$920<>"")) -> 0 | Q11: =SUMPRODUCT((EL!$C$4:$C$920<>"")*(EL!$S$4:$S$920<>"")*(EL!$T$4:$T$920="")) -> 0 | R11: =SUMPRODUCT((EL!$C$4:$C$920<>"")*(EL!$U$4:$U$920<>"")) -> 0 | S11: =SUMPRODUCT((EL!$C$4:$C$920<>"")*(EL!$S$4:$S$920<>"")*(EL!$U$4:$U$920="")) -> 0 | T11: =SUMPRODUCT((EL!$C$4:$C$920<>"")*(EL!$V$4:$V$920<>"")) -> 0 | U11: =SUMPRODUCT((EL!$C$4:$C$920<>"")*(EL!$S$4:$S$920<>"")*(EL!$V$4:$V$920="")) -> 0 | V11: =SUMPRODUCT((EL!$C$4:$C$920<>"")*(EL!$W$4:$W$920="A")) -> 0 | W11: =SUMPRODUCT((EL!$C$4:$C$920<>"")*(EL!$W$4:$W$920="B")) -> 0 | X11: =SUMPRODUCT((EL!$C$4:$C$920<>"")*(EL!$W$4:$W$920="C")) -> 0 | Z11: =X11 -> 0 | AA11: =SUMPRODUCT((EL!$C$4:$C$920<>"")*(EL!$X$4:$X$920<>"")) -> 0 | AB11: =SUMPRODUCT((EL!$C$4:$C$920<>"")*(EL!$Y$4:$Y$920<>"")) -> 0 | AC11: =SUMPRODUCT((EL!$C$4:$C$920<>"")*(EL!$X$4:$X$920<>"")*(EL!$Y$4:$Y$920="")) -> 0 | AD11: =SUMPRODUCT((EL!$C$4:$C$920<>"")*(EL!$Z$4:$Z$920<>"")) -> 0 | AE11: =SUMPRODUCT((EL!$C$4:$C$920<>"")*(EL!$X$4:$X$920<>"")*(EL!$Z$4:$Z$920="")) -> 0 | AF11: =SUMPRODUCT((EL!$C$4:$C$920<>"")*(EL!$AA$4:$AA$920<>"")) -> 0 | AG11: =SUMPRODUCT((EL!$C$4:$C$920<>"")*(EL!$X$4:$X$920<>"")*(EL!$AA$4:$AA$920="")) -> 0 | AH11: =SUMPRODUCT((EL!$C$4:$C$920<>"")*(EL!$AB$4:$AB$920="A")) -> 0 | AI11: =SUMPRODUCT((EL!$C$4:$C$920<>"")*(EL!$AB$4:$AB$920="B")) -> 0 | AJ11: =SUMPRODUCT((EL!$C$4:$C$920<>"")*(EL!$AB$4:$AB$920="C")) -> 0
A12: Overall | B12: =SUM(B6:B11) -> 135 | C12: =SUM(C6:C11) -> 135 | D12: =SUM(D6:D11) -> 126 | E12: =SUM(E6:E11) -> 9 | F12: =SUM(F6:F11) -> 68 | G12: =SUM(G6:G11) -> 67 | H12: =SUM(H6:H11) -> 26 | I12: =SUM(I6:I11) -> 109 | ... L12: =SUM(L6:L11) -> 0 | N12: =SUM(N6:N11) -> 0 | O12: =SUM(O6:O11) -> 1 | P12: =SUM(P6:P11) -> 0 | Q12: =SUM(Q6:Q11) -> 1 | R12: =SUM(R6:R11) -> 0 | S12: =SUM(S6:S11) -> 1 | T12: =SUM(T6:T11) -> 0 | U12: =SUM(U6:U11) -> 1 | ... X12: =SUM(X6:X11) -> 0 | Z12: =SUM(Z6:Z11) -> 0 | AA12: =SUM(AA6:AA11) -> 0 | AB12: =SUM(AB6:AB11) -> 0 | AC12: =SUM(AC6:AC11) -> 0 | AD12: =SUM(AD6:AD11) -> 0 | AE12: =SUM(AE6:AE11) -> 0 | AF12: =SUM(AF6:AF11) -> 0 | AG12: =SUM(AG6:AG11) -> 0 | ... AJ12: =SUM(AJ6:AJ11) -> 0
C119: Trade | D119: Submission | E119: Submitted | F119: Approved by All | G119: Rejected | H119: Pending submission | I119: CTA Approved | J119: CTA Outstanding | K119: AUR Approved | L119: AUR Outstanding | M119: STT Approved | N119: STT outstanding
C120: Structural | D120: =B6 -> 1 | E120: {=SUMPRODUCT((ST!$C$4:$C$1000<>"")*(ST!$D$4:$D$1000<>"")*((ST!$J$4:$J$1000="A")+(ST!$J$4:$J$1000="B")+(ST!$J$4:$J$1000="PENDING")))} -> 1 | F120: =SUMPRODUCT((ST!$C$4:$C$1000<>"")*(ST!$D$4:$D$1000<>"")*((ST!$J$4:$J$1000="A")+(ST!$J$4:$J$1000="B"))) -> 0 | G120: =SUMPRODUCT((ST!$C$4:$C$1000<>"")*(ST!$D$4:$D$1000<>"")*(ST!$J$4:$J$1000="C")) -> 0 | H120: =SUMPRODUCT((ST!$C$4:$C$1000<>"")*(ST!$D$4:$D$1000<>"")*((ST!$J$4:$J$1000="C")+(ST!$J$4:$J$1000=""))) -> 0 | I120: {=SUMPRODUCT((ST!$C$4:$C$991<>"")*(ST!$D$4:$D$991<>"")*((ST!$H$4:$H$991=0)*(ST!$N$4:$N$991<>"")+(ST!$H$4:$H$991=1)*(ST!$S$4:$S$991<>"")+(ST!$H$4:$H$991=2)*(ST!$X$4:$X$991<>"")))} -> 1 | J120: {=SUMPRODUCT((ST!$C$4:$C$1000<>"")*(ST!$D$4:$D$1000<>"")*(ST!$I$4:$I$1000="CTA"))} -> 0 | K120: {=SUMPRODUCT((ST!$C$4:$C$991<>"")*(ST!$D$4:$D$991<>"")*((ST!$H$4:$H$991=0)*(ST!$O$4:$O$991<>"")+(ST!$H$4:$H$991=1)*(ST!$T$4:$T$991<>"")+(ST!$H$4:$H$991=2)*(ST!$Y$4:$Y$991<>"")))} -> 1 | L120: =SUMPRODUCT((ST!$C$4:$C$1000<>"")*(ST!$D$4:$D$1000<>"")*(ST!$I$4:$I$1000="AUR")) -> 0 | M120: {=SUMPRODUCT((ST!$C$4:$C$991<>"")*(ST!$D$4:$D$991<>"")*((ST!$H$4:$H$991=0)*(ST!$P$4:$P$991<>"")+(ST!$H$4:$H$991=1)*(ST!$U$4:$U$991<>"")+(ST!$H$4:$H$991=2)*(ST!$Z$4:$Z$991<>"")))} -> 0 | N120: =SUMPRODUCT((ST!$C$4:$C$1000<>"")*(ST!$D$4:$D$1000<>"")*(ST!$I$4:$I$1000="STT")) -> 1
C121: Architectural | D121: =B7 -> 38 | E121: =SUMPRODUCT((AR!$C$4:$C$989<>"")*(AR!$D$4:$D$989<>"")*((AR!$J$4:$J$989="A")+(AR!$J$4:$J$989="B")+(AR!$J$4:$J$989="PENDING"))) -> 38 | F121: =SUMPRODUCT((AR!$C$4:$C$989<>"")*(AR!$D$4:$D$989<>"")*((AR!$J$4:$J$989="A")+(AR!$J$4:$J$989="B"))) -> 25 | G121: =SUMPRODUCT((AR!$C$4:$C$989<>"")*(AR!$D$4:$D$989<>"")*(AR!$J$4:$J$989="C")) -> 0 | H121: =SUMPRODUCT((AR!$C$4:$C$989<>"")*(AR!$D$4:$D$989<>"")*((AR!$J$4:$J$989="C")+(AR!$J$4:$J$989=""))) -> 0 | I121: {=SUMPRODUCT((AR!$C$4:$C$997<>"")*(AR!$D$4:$D$997<>"")*((AR!$H$4:$H$997=0)*(AR!$N$4:$N$997<>"")+(AR!$H$4:$H$997=1)*(AR!$S$4:$S$997<>"")+(AR!$H$4:$H$997=2)*(AR!$X$4:$X$997<>"")))} -> 36 | J121: {=SUMPRODUCT((AR!$C$4:$C$989<>"")*(AR!$D$4:$D$989<>"")*(AR!$I$4:$I$989="CTA"))} -> 2 | K121: {=SUMPRODUCT((AR!$C$4:$C$997<>"")*(AR!$D$4:$D$997<>"")*((AR!$H$4:$H$997=0)*(AR!$O$4:$O$997<>"")+(AR!$H$4:$H$997=1)*(AR!$T$4:$T$997<>"")+(AR!$H$4:$H$997=2)*(AR!$Y$4:$Y$997<>"")))} -> 36 | L121: =SUMPRODUCT((AR!$C$4:$C$989<>"")*(AR!$D$4:$D$989<>"")*(AR!$I$4:$I$989="AUR")) -> 0 | M121: {=SUMPRODUCT((AR!$C$4:$C$997<>"")*(AR!$D$4:$D$997<>"")*((AR!$H$4:$H$997=0)*(AR!$P$4:$P$997<>"")+(AR!$H$4:$H$997=1)*(AR!$U$4:$U$997<>"")+(AR!$H$4:$H$997=2)*(AR!$Z$4:$Z$997<>"")))} -> 24 | N121: =SUMPRODUCT((AR!$C$4:$C$989<>"")*(AR!$D$4:$D$989<>"")*(AR!$I$4:$I$989="ART")) -> 0
C122: AR & ST | D122: =SUM(D120:D121) -> 39 | E122: =SUM(E120:E121) -> 39 | F122: =SUM(F120:F121) -> 25 | G122: =SUM(G120:G121) -> 0 | H122: =SUM(H120:H121) -> 0 | I122: =SUM(I120:I121) -> 37 | J122: =SUM(J120:J121) -> 2 | K122: =SUM(K120:K121) -> 37 | ... N122: =SUM(N120:N121) -> 1
C123: Mechanical | D123: =B8 -> 24 | E123: =SUMPRODUCT((ME!$C$4:$C$981<>"")*(ME!$D$4:$D$981<>"")*((ME!$K$4:$K$981="A")+(ME!$K$4:$K$981="B")+(ME!$K$4:$K$981="PENDING"))) -> 21 | F123: =SUMPRODUCT((ME!$C$4:$C$981<>"")*(ME!$D$4:$D$981<>"")*((ME!$K$4:$K$981="A")+(ME!$K$4:$K$981="B"))) -> 2 | G123: =SUMPRODUCT((ME!$C$4:$C$981<>"")*(ME!$D$4:$D$981<>"")*(ME!$K$4:$K$981="C")) -> 0 | H123: =SUMPRODUCT((ME!$C$4:$C$981<>"")*(ME!$D$4:$D$981<>"")*((ME!$K$4:$K$981="C")+(ME!$K$4:$K$981=""))) -> 0 | I123: {=SUMPRODUCT((ME!$C$4:$C$989<>"")*(ME!$D$4:$D$989<>"")*((ME!$H$4:$H$989=0)*(ME!$O$4:$O$989<>"")+(ME!$H$4:$H$989=1)*(ME!$T$4:$T$989<>"")+(ME!$H$4:$H$989=2)*(ME!$Y$4:$Y$989<>"")))} -> 21 | J123: {=SUMPRODUCT((ME!$C$4:$C$981<>"")*(ME!$D$4:$D$981<>"")*(ME!$J$4:$J$981="CTA"))} -> 2 | K123: {=SUMPRODUCT((ME!$C$4:$C$989<>"")*(ME!$D$4:$D$989<>"")*((ME!$H$4:$H$989=0)*(ME!$P$4:$P$989<>"")+(ME!$H$4:$H$989=1)*(ME!$U$4:$U$989<>"")+(ME!$H$4:$H$989=2)*(ME!$Z$4:$Z$989<>"")))} -> 12 | L123: =SUMPRODUCT((ME!$C$4:$C$981<>"")*(ME!$D$4:$D$981<>"")*(ME!$J$4:$J$981="AUR")) -> 10 | M123: {=SUMPRODUCT((ME!$C$4:$C$989<>"")*(ME!$D$4:$D$989<>"")*((ME!$H$4:$H$989=0)*(ME!$Q$4:$Q$989<>"")+(ME!$H$4:$H$989=1)*(ME!$V$4:$V$989<>"")+(ME!$H$4:$H$989=2)*(ME!$AA$4:$AA$989<>"")))} -> 2 | N123: =SUMPRODUCT((ME!$C$4:$C$981<>"")*(ME!$D$4:$D$981<>"")*(ME!$J$4:$J$981="MET")) -> 0
C124: Fire | D124: =B9 -> 14 | E124: =SUMPRODUCT((FI!$C$4:$C$976<>"")*(FI!$D$4:$D$976<>"")*((FI!$K$4:$K$976="A")+(FI!$K$4:$K$976="B")+(FI!$K$4:$K$976="PENDING"))) -> 14 | F124: =SUMPRODUCT((FI!$C$4:$C$976<>"")*(FI!$D$4:$D$976<>"")*((FI!$K$4:$K$976="A")+(FI!$K$4:$K$976="B"))) -> 0 | G124: =SUMPRODUCT((FI!$C$4:$C$976<>"")*(FI!$D$4:$D$976<>"")*(FI!$K$4:$K$976="C")) -> 0 | H124: =SUMPRODUCT((FI!$C$4:$C$976<>"")*(FI!$D$4:$D$976<>"")*((FI!$K$4:$K$976="C")+(FI!$K$4:$K$976=""))) -> 0 | I124: {=SUMPRODUCT((FI!$C$4:$C$991<>"")*(FI!$D$4:$D$991<>"")*((FI!$H$4:$H$991=0)*(FI!$O$4:$O$991<>"")+(FI!$H$4:$H$991=1)*(FI!$T$4:$T$991<>"")+(FI!$H$4:$H$991=2)*(FI!$Y$4:$Y$991<>"")))} -> 14 | J124: {=SUMPRODUCT((FI!$C$4:$C$991<>"")*(FI!$D$4:$D$991<>"")*(FI!$J$4:$J$991="CTA"))} -> 0 | K124: {=SUMPRODUCT((FI!$C$4:$C$991<>"")*(FI!$D$4:$D$991<>"")*((FI!$H$4:$H$991=0)*(FI!$O$4:$O$991<>"")+(FI!$H$4:$H$991=1)*(FI!$T$4:$T$991<>"")+(FI!$H$4:$H$991=2)*(FI!$Y$4:$Y$991<>"")))} -> 14 | L124: =SUMPRODUCT((FI!$C$4:$C$976<>"")*(FI!$D$4:$D$976<>"")*(FI!$J$4:$J$976="AUR")) -> 14 | M124: {=SUMPRODUCT((FI!$C$4:$C$991<>"")*(FI!$D$4:$D$991<>"")*((FI!$H$4:$H$991=0)*(FI!$Q$4:$Q$991<>"")+(FI!$H$4:$H$991=1)*(FI!$V$4:$V$991<>"")+(FI!$H$4:$H$991=2)*(FI!$AA$4:$AA$991<>"")))} -> 0 | N124: =SUMPRODUCT((FI!$C$4:$C$976<>"")*(FI!$D$4:$D$976<>"")*(FI!$J$4:$J$976="FIT")) -> 0
C125: Hydraulics | D125: =B10 -> 11 | E125: =SUMPRODUCT((HY!$C$4:$C$992<>"")*(HY!$D$4:$D$992<>"")*((HY!$K$4:$K$992="A")+(HY!$K$4:$K$992="B")+(HY!$K$4:$K$992="PENDING"))) -> 11 | F125: =SUMPRODUCT((HY!$C$4:$C$992<>"")*(HY!$D$4:$D$992<>"")*((HY!$K$4:$K$992="A")+(HY!$K$4:$K$992="B"))) -> 0 | G125: =SUMPRODUCT((HY!$C$4:$C$992<>"")*(HY!$D$4:$D$992<>"")*(HY!$K$4:$K$992="C")) -> 0 | H125: =SUMPRODUCT((HY!$C$4:$C$992<>"")*(HY!$D$4:$D$992<>"")*((HY!$K$4:$K$992="C")+(HY!$K$4:$K$992=""))) -> 0 | I125: {=SUMPRODUCT((HY!$C$4:$C$991<>"")*(HY!$D$4:$D$991<>"")*((HY!$H$4:$H$991=0)*(HY!$O$4:$O$991<>"")+(HY!$H$4:$H$991=1)*(HY!$T$4:$T$991<>"")+(HY!$H$4:$H$991=2)*(HY!$Y$4:$Y$991<>"")))} -> 11 | J125: {=SUMPRODUCT((HY!$C$4:$C$992<>"")*(HY!$D$4:$D$992<>"")*(HY!$J$4:$J$992="CTA"))} -> 0 | K125: {=SUMPRODUCT((HY!$C$4:$C$991<>"")*(HY!$D$4:$D$991<>"")*((HY!$H$4:$H$991=0)*(HY!$P$4:$P$991<>"")+(HY!$H$4:$H$991=1)*(HY!$U$4:$U$991<>"")+(HY!$H$4:$H$991=2)*(HY!$Z$4:$Z$991<>"")))} -> 0 | L125: =SUMPRODUCT((HY!$C$4:$C$992<>"")*(HY!$D$4:$D$992<>"")*(HY!$J$4:$J$992="AUR")) -> 11 | M125: {=SUMPRODUCT((HY!$C$4:$C$991<>"")*(HY!$D$4:$D$991<>"")*((HY!$H$4:$H$991=0)*(HY!$Q$4:$Q$991<>"")+(HY!$H$4:$H$991=1)*(HY!$V$4:$V$991<>"")+(HY!$H$4:$H$991=2)*(HY!$AA$4:$AA$991<>"")))} -> 0 | N125: =SUMPRODUCT((HY!$C$4:$C$992<>"")*(HY!$D$4:$D$992<>"")*(HY!$J$4:$J$992="HYT")) -> 0
C126: Electrical & Comms | D126: =B11 -> 47 | E126: {=SUMPRODUCT((EL!$C$4:$C$920<>"")*(EL!$D$4:$D$920<>"")*((EL!$K$4:$K$920="A")+(EL!$K$4:$K$920="B")+(EL!$K$4:$K$920="PENDING")))} -> 47 | F126: {=SUMPRODUCT((EL!$C$4:$C$920<>"")*(EL!$D$4:$D$920<>"")*((EL!$K$4:$K$920="A")+(EL!$K$4:$K$920="B")))} -> 0 | G126: {=SUMPRODUCT((EL!$C$4:$C$920<>"")*(EL!$D$4:$D$920<>"")*(EL!$K$4:$K$920="C"))} -> 0 | H126: {=SUMPRODUCT((EL!$C$4:$C$920<>"")*(EL!$D$4:$D$920<>"")*((EL!$K$4:$K$920="C")+(EL!$K$4:$K$920="")))} -> 0 | I126: {=SUMPRODUCT((EL!$C$4:$C$979<>"")*(EL!$D$4:$D$979<>"")*((EL!$H$4:$H$979=0)*(EL!$O$4:$O$979<>"")+(EL!$H$4:$H$979=1)*(EL!$T$4:$T$979<>"")+(EL!$H$4:$H$979=2)*(EL!$Y$4:$Y$979<>"")))} -> 42 | J126: {=SUMPRODUCT((EL!$C$4:$C$920<>"")*(EL!$D$4:$D$920<>"")*(EL!$J$4:$J$920="CTA"))} -> 5 | K126: {=SUMPRODUCT((EL!$C$4:$C$979<>"")*(EL!$D$4:$D$979<>"")*((EL!$H$4:$H$979=0)*(EL!$P$4:$P$979<>"")+(EL!$H$4:$H$979=1)*(EL!$U$4:$U$979<>"")+(EL!$H$4:$H$979=2)*(EL!$Z$4:$Z$979<>"")))} -> 18 | L126: {=SUMPRODUCT((EL!$C$4:$C$920<>"")*(EL!$D$4:$D$920<>"")*(EL!$J$4:$J$920="AUR"))} -> 24 | M126: {=SUMPRODUCT((EL!$C$4:$C$979<>"")*(EL!$D$4:$D$979<>"")*((EL!$H$4:$H$979=0)*(EL!$Q$4:$Q$979<>"")+(EL!$H$4:$H$979=1)*(EL!$V$4:$V$979<>"")+(EL!$H$4:$H$979=2)*(EL!$AA$4:$AA$979<>"")))} -> 0 | N126: {=SUMPRODUCT((EL!$C$4:$C$920<>"")*(EL!$D$4:$D$920<>"")*(EL!$J$4:$J$920="ELT"))} -> 0
C127: Overall | D127: =SUM(D122:D126) -> 135 | E127: =SUM(E122:E126) -> 132 | F127: =SUM(F122:F126) -> 27 | G127: =SUM(G122:G126) -> 0 | H127: =SUM(H122:H126) -> 0 | I127: =SUM(I122:I126) -> 125 | J127: =SUM(J122:J126) -> 9 | K127: =SUM(K122:K126) -> 81 | ... N127: =SUM(N122:N126) -> 1
C128: AR & ST | E128: =E122/$D122 -> 1 | F128: =F122/$D122 -> 0.64102564 | G128: =G122/$D122 -> 0 | H128: =H122/$D122 -> 0 | I128: =I122/$D122 -> 0.94871795 | J128: =J122/$D122 -> 0.051282051 | K128: =K122/$D122 -> 0.94871795 | L128: =L122/$D122 -> 0 | ... N128: =N122/$D122 -> 0.025641026
C129: Mechanical | E129: =E123/$D123 -> 0.875 | F129: =F123/$D123 -> 0.083333333 | G129: =G123/$D123 -> 0 | H129: =H123/$D123 -> 0 | I129: =I123/$D123 -> 0.875 | J129: =J123/$D123 -> 0.083333333 | K129: =K123/$D123 -> 0.5 | L129: =L123/$D123 -> 0.41666667 | ... N129: =N123/$D123 -> 0
C130: Fire | E130: =E124/$D124 -> 1 | F130: =F124/$D124 -> 0 | G130: =G124/$D124 -> 0 | H130: =H124/$D124 -> 0 | I130: =I124/$D124 -> 1 | J130: =J124/$D124 -> 0 | K130: =K124/$D124 -> 1 | L130: =L124/$D124 -> 1 | ... N130: =N124/$D124 -> 0
C131: Hydraulics | E131: =E125/$D125 -> 1 | F131: =F125/$D125 -> 0 | G131: =G125/$D125 -> 0 | H131: =H125/$D125 -> 0 | I131: =I125/$D125 -> 1 | J131: =J125/$D125 -> 0 | K131: =K125/$D125 -> 0 | L131: =L125/$D125 -> 1 | ... N131: =N125/$D125 -> 0
C132: Electrical & Comms | E132: =E126/$D126 -> 1 | F132: =F126/$D126 -> 0 | G132: =G126/$D126 -> 0 | H132: =H126/$D126 -> 0 | I132: =I126/$D126 -> 0.89361702 | J132: =J126/$D126 -> 0.10638298 | K132: =K126/$D126 -> 0.38297872 | L132: =L126/$D126 -> 0.5106383 | ... N132: =N126/$D126 -> 0
C133: Overall | E133: =E127/$D127 -> 0.97777778 | F133: =F127/$D127 -> 0.2 | G133: =G127/$D127 -> 0 | H133: =H127/$D127 -> 0 | I133: =I127/$D127 -> 0.92592593 | J133: =J127/$D127 -> 0.066666667 | K133: =K127/$D127 -> 0.6 | L133: =L127/$D127 -> 0.43703704 | ... N133: =N127/$D127 -> 0.0074074074
E135: Do not tounch

Sheet Summary
A2: Request for Information Summary
B5: Structural
B6: w/e | C6: Total Expected | D6: Planned Submission | E6: Actual Submitted | F6: Status
F7: Under Review | I7: A | J7: B | K7: C
F8: CTA | G8: AUR | H8: STT
B9: 46027 | C9: {=SUMPRODUCT((ST!$C$4:$C$501<>"")*(ST!$D$4:$D$501<>"")*((ST!$F$4:$F$501<=B9)+(ST!$F$4:$F$501>B9)))} -> 1 | D9: {=SUMPRODUCT((ST!$C$4:$C$501<>"")*(ST!$D$4:$D$501<>"")*(ST!$E$4:$E$501<=B9))} -> 1 | E9: {=SUMPRODUCT((ST!$C$4:$C$501<>"")*(ST!$D$4:$D$501<>"")*(ST!$F$4:$F$501<>"")*(ST!$F$4:$F$501<=B9))} -> 0 | F9: {=SUMPRODUCT((ST!$C$4:$C$501<>"")*(ST!$D$4:$D$501<>"")*(ST!$F$4:$F$501<=$B9)*(ST!$J$4:$J$501="Pending")*(ST!$I$4:$I$501="CTA"))} -> 0 | G9: {=SUMPRODUCT((ST!$C$4:$C$501<>"")*(ST!$D$4:$D$501<>"")*(ST!$F$4:$F$501<=$B9)*(ST!$J$4:$J$501="Pending")*(ST!$I$4:$I$501="AUR"))} -> 0 | H9: {=SUMPRODUCT((ST!$C$4:$C$501<>"")*(ST!$D$4:$D$501<>"")*(ST!$F$4:$F$501<=$B9)*(ST!$J$4:$J$501="Pending")*(ST!$I$4:$I$501="STT"))} -> 0 | I9: {=SUMPRODUCT((ST!$C$4:$C$501<>"")*(ST!$D$4:$D$501<>"")*(ST!$F$4:$F$501<=$B9)*(ST!$J$4:$J$501="A"))} -> 0 | J9: {=SUMPRODUCT((ST!$C$4:$C$501<>"")*(ST!$D$4:$D$501<>"")*(ST!$F$4:$F$501<=$B9)*(ST!$J$4:$J$501="B"))} -> 0 | K9: {=SUMPRODUCT((ST!$C$4:$C$501<>"")*(ST!$D$4:$D$501<>"")*(ST!$F$4:$F$501<=$B9)*(ST!$J$4:$J$501="C"))} -> 0
B10: =B9+7 -> 46034 | C10: {=SUMPRODUCT((ST!$C$4:$C$501<>"")*(ST!$D$4:$D$501<>"")*((ST!$F$4:$F$501<=B10)+(ST!$F$4:$F$501>B10)))} -> 1 | D10: {=SUMPRODUCT((ST!$C$4:$C$501<>"")*(ST!$D$4:$D$501<>"")*(ST!$E$4:$E$501<=B10))} -> 1 | E10: {=SUMPRODUCT((ST!$C$4:$C$501<>"")*(ST!$D$4:$D$501<>"")*(ST!$F$4:$F$501<>"")*(ST!$F$4:$F$501<=B10))} -> 0 | F10: {=SUMPRODUCT((ST!$C$4:$C$501<>"")*(ST!$D$4:$D$501<>"")*(ST!$F$4:$F$501<=$B10)*(ST!$J$4:$J$501="Pending")*(ST!$I$4:$I$501="CTA"))} -> 0 | G10: {=SUMPRODUCT((ST!$C$4:$C$501<>"")*(ST!$D$4:$D$501<>"")*(ST!$F$4:$F$501<=$B10)*(ST!$J$4:$J$501="Pending")*(ST!$I$4:$I$501="AUR"))} -> 0 | H10: {=SUMPRODUCT((ST!$C$4:$C$501<>"")*(ST!$D$4:$D$501<>"")*(ST!$F$4:$F$501<=$B10)*(ST!$J$4:$J$501="Pending")*(ST!$I$4:$I$501="STT"))} -> 0 | I10: {=SUMPRODUCT((ST!$C$4:$C$501<>"")*(ST!$D$4:$D$501<>"")*(ST!$F$4:$F$501<=$B10)*(ST!$J$4:$J$501="A"))} -> 0 | J10: {=SUMPRODUCT((ST!$C$4:$C$501<>"")*(ST!$D$4:$D$501<>"")*(ST!$F$4:$F$501<=$B10)*(ST!$J$4:$J$501="B"))} -> 0 | K10: {=SUMPRODUCT((ST!$C$4:$C$501<>"")*(ST!$D$4:$D$501<>"")*(ST!$F$4:$F$501<=$B10)*(ST!$J$4:$J$501="C"))} -> 0
B11: =B10+7 -> 46041 | C11: {=SUMPRODUCT((ST!$C$4:$C$501<>"")*(ST!$D$4:$D$501<>"")*((ST!$F$4:$F$501<=B11)+(ST!$F$4:$F$501>B11)))} -> 1 | D11: {=SUMPRODUCT((ST!$C$4:$C$501<>"")*(ST!$D$4:$D$501<>"")*(ST!$E$4:$E$501<=B11))} -> 1 | E11: {=SUMPRODUCT((ST!$C$4:$C$501<>"")*(ST!$D$4:$D$501<>"")*(ST!$F$4:$F$501<>"")*(ST!$F$4:$F$501<=B11))} -> 0 | F11: {=SUMPRODUCT((ST!$C$4:$C$501<>"")*(ST!$D$4:$D$501<>"")*(ST!$F$4:$F$501<=$B11)*(ST!$J$4:$J$501="Pending")*(ST!$I$4:$I$501="CTA"))} -> 0 | G11: {=SUMPRODUCT((ST!$C$4:$C$501<>"")*(ST!$D$4:$D$501<>"")*(ST!$F$4:$F$501<=$B11)*(ST!$J$4:$J$501="Pending")*(ST!$I$4:$I$501="AUR"))} -> 0 | H11: {=SUMPRODUCT((ST!$C$4:$C$501<>"")*(ST!$D$4:$D$501<>"")*(ST!$F$4:$F$501<=$B11)*(ST!$J$4:$J$501="Pending")*(ST!$I$4:$I$501="STT"))} -> 0 | I11: {=SUMPRODUCT((ST!$C$4:$C$501<>"")*(ST!$D$4:$D$501<>"")*(ST!$F$4:$F$501<=$B11)*(ST!$J$4:$J$501="A"))} -> 0 | J11: {=SUMPRODUCT((ST!$C$4:$C$501<>"")*(ST!$D$4:$D$501<>"")*(ST!$F$4:$F$501<=$B11)*(ST!$J$4:$J$501="B"))} -> 0 | K11: {=SUMPRODUCT((ST!$C$4:$C$501<>"")*(ST!$D$4:$D$501<>"")*(ST!$F$4:$F$501<=$B11)*(ST!$J$4:$J$501="C"))} -> 0
B12: =B11+7 -> 46048 | C12: {=SUMPRODUCT((ST!$C$4:$C$501<>"")*(ST!$D$4:$D$501<>"")*((ST!$F$4:$F$501<=B12)+(ST!$F$4:$F$501>B12)))} -> 1 | D12: {=SUMPRODUCT((ST!$C$4:$C$501<>"")*(ST!$D$4:$D$501<>"")*(ST!$E$4:$E$501<=B12))} -> 1 | E12: {=SUMPRODUCT((ST!$C$4:$C$501<>"")*(ST!$D$4:$D$501<>"")*(ST!$F$4:$F$501<>"")*(ST!$F$4:$F$501<=B12))} -> 0 | F12: {=SUMPRODUCT((ST!$C$4:$C$501<>"")*(ST!$D$4:$D$501<>"")*(ST!$F$4:$F$501<=$B12)*(ST!$J$4:$J$501="Pending")*(ST!$I$4:$I$501="CTA"))} -> 0 | G12: {=SUMPRODUCT((ST!$C$4:$C$501<>"")*(ST!$D$4:$D$501<>"")*(ST!$F$4:$F$501<=$B12)*(ST!$J$4:$J$501="Pending")*(ST!$I$4:$I$501="AUR"))} -> 0 | H12: {=SUMPRODUCT((ST!$C$4:$C$501<>"")*(ST!$D$4:$D$501<>"")*(ST!$F$4:$F$501<=$B12)*(ST!$J$4:$J$501="Pending")*(ST!$I$4:$I$501="STT"))} -> 0 | I12: {=SUMPRODUCT((ST!$C$4:$C$501<>"")*(ST!$D$4:$D$501<>"")*(ST!$F$4:$F$501<=$B12)*(ST!$J$4:$J$501="A"))} -> 0 | J12: {=SUMPRODUCT((ST!$C$4:$C$501<>"")*(ST!$D$4:$D$501<>"")*(ST!$F$4:$F$501<=$B12)*(ST!$J$4:$J$501="B"))} -> 0 | K12: {=SUMPRODUCT((ST!$C$4:$C$501<>"")*(ST!$D$4:$D$501<>"")*(ST!$F$4:$F$501<=$B12)*(ST!$J$4:$J$501="C"))} -> 0
B13: =B12+7 -> 46055 | C13: {=SUMPRODUCT((ST!$C$4:$C$501<>"")*(ST!$D$4:$D$501<>"")*((ST!$F$4:$F$501<=B13)+(ST!$F$4:$F$501>B13)))} -> 1 | D13: {=SUMPRODUCT((ST!$C$4:$C$501<>"")*(ST!$D$4:$D$501<>"")*(ST!$E$4:$E$501<=B13))} -> 1 | E13: {=SUMPRODUCT((ST!$C$4:$C$501<>"")*(ST!$D$4:$D$501<>"")*(ST!$F$4:$F$501<>"")*(ST!$F$4:$F$501<=B13))} -> 0 | F13: {=SUMPRODUCT((ST!$C$4:$C$501<>"")*(ST!$D$4:$D$501<>"")*(ST!$F$4:$F$501<=$B13)*(ST!$J$4:$J$501="Pending")*(ST!$I$4:$I$501="CTA"))} -> 0 | G13: {=SUMPRODUCT((ST!$C$4:$C$501<>"")*(ST!$D$4:$D$501<>"")*(ST!$F$4:$F$501<=$B13)*(ST!$J$4:$J$501="Pending")*(ST!$I$4:$I$501="AUR"))} -> 0 | H13: {=SUMPRODUCT((ST!$C$4:$C$501<>"")*(ST!$D$4:$D$501<>"")*(ST!$F$4:$F$501<=$B13)*(ST!$J$4:$J$501="Pending")*(ST!$I$4:$I$501="STT"))} -> 0 | I13: {=SUMPRODUCT((ST!$C$4:$C$501<>"")*(ST!$D$4:$D$501<>"")*(ST!$F$4:$F$501<=$B13)*(ST!$J$4:$J$501="A"))} -> 0 | J13: {=SUMPRODUCT((ST!$C$4:$C$501<>"")*(ST!$D$4:$D$501<>"")*(ST!$F$4:$F$501<=$B13)*(ST!$J$4:$J$501="B"))} -> 0 | K13: {=SUMPRODUCT((ST!$C$4:$C$501<>"")*(ST!$D$4:$D$501<>"")*(ST!$F$4:$F$501<=$B13)*(ST!$J$4:$J$501="C"))} -> 0
B14: =B13+7 -> 46062 | C14: {=SUMPRODUCT((ST!$C$4:$C$501<>"")*(ST!$D$4:$D$501<>"")*((ST!$F$4:$F$501<=B14)+(ST!$F$4:$F$501>B14)))} -> 1 | D14: {=SUMPRODUCT((ST!$C$4:$C$501<>"")*(ST!$D$4:$D$501<>"")*(ST!$E$4:$E$501<=B14))} -> 1 | E14: {=SUMPRODUCT((ST!$C$4:$C$501<>"")*(ST!$D$4:$D$501<>"")*(ST!$F$4:$F$501<>"")*(ST!$F$4:$F$501<=B14))} -> 0 | F14: {=SUMPRODUCT((ST!$C$4:$C$501<>"")*(ST!$D$4:$D$501<>"")*(ST!$F$4:$F$501<=$B14)*(ST!$J$4:$J$501="Pending")*(ST!$I$4:$I$501="CTA"))} -> 0 | G14: {=SUMPRODUCT((ST!$C$4:$C$501<>"")*(ST!$D$4:$D$501<>"")*(ST!$F$4:$F$501<=$B14)*(ST!$J$4:$J$501="Pending")*(ST!$I$4:$I$501="AUR"))} -> 0 | H14: {=SUMPRODUCT((ST!$C$4:$C$501<>"")*(ST!$D$4:$D$501<>"")*(ST!$F$4:$F$501<=$B14)*(ST!$J$4:$J$501="Pending")*(ST!$I$4:$I$501="STT"))} -> 0 | I14: {=SUMPRODUCT((ST!$C$4:$C$501<>"")*(ST!$D$4:$D$501<>"")*(ST!$F$4:$F$501<=$B14)*(ST!$J$4:$J$501="A"))} -> 0 | J14: {=SUMPRODUCT((ST!$C$4:$C$501<>"")*(ST!$D$4:$D$501<>"")*(ST!$F$4:$F$501<=$B14)*(ST!$J$4:$J$501="B"))} -> 0 | K14: {=SUMPRODUCT((ST!$C$4:$C$501<>"")*(ST!$D$4:$D$501<>"")*(ST!$F$4:$F$501<=$B14)*(ST!$J$4:$J$501="C"))} -> 0
B15: =B14+7 -> 46069 | C15: {=SUMPRODUCT((ST!$C$4:$C$501<>"")*(ST!$D$4:$D$501<>"")*((ST!$F$4:$F$501<=B15)+(ST!$F$4:$F$501>B15)))} -> 1 | D15: {=SUMPRODUCT((ST!$C$4:$C$501<>"")*(ST!$D$4:$D$501<>"")*(ST!$E$4:$E$501<=B15))} -> 1 | E15: {=SUMPRODUCT((ST!$C$4:$C$501<>"")*(ST!$D$4:$D$501<>"")*(ST!$F$4:$F$501<>"")*(ST!$F$4:$F$501<=B15))} -> 1
B16: =B15+7 -> 46076 | C16: {=SUMPRODUCT((ST!$C$4:$C$501<>"")*(ST!$D$4:$D$501<>"")*((ST!$F$4:$F$501<=B16)+(ST!$F$4:$F$501>B16)))} -> 1 | D16: {=SUMPRODUCT((ST!$C$4:$C$501<>"")*(ST!$D$4:$D$501<>"")*(ST!$E$4:$E$501<=B16))} -> 1 | E16: {=SUMPRODUCT((ST!$C$4:$C$501<>"")*(ST!$D$4:$D$501<>"")*(ST!$F$4:$F$501<>"")*(ST!$F$4:$F$501<=B16))} -> 1
B17: =B16+7 -> 46083 | C17: {=SUMPRODUCT((ST!$C$4:$C$501<>"")*(ST!$D$4:$D$501<>"")*((ST!$F$4:$F$501<=B17)+(ST!$F$4:$F$501>B17)))} -> 1 | D17: {=SUMPRODUCT((ST!$C$4:$C$501<>"")*(ST!$D$4:$D$501<>"")*(ST!$E$4:$E$501<=B17))} -> 1 | E17: {=SUMPRODUCT((ST!$C$4:$C$501<>"")*(ST!$D$4:$D$501<>"")*(ST!$F$4:$F$501<>"")*(ST!$F$4:$F$501<=B17))} -> 1
B18: =B17+7 -> 46090 | C18: {=SUMPRODUCT((ST!$C$4:$C$501<>"")*(ST!$D$4:$D$501<>"")*((ST!$F$4:$F$501<=B18)+(ST!$F$4:$F$501>B18)))} -> 1 | D18: {=SUMPRODUCT((ST!$C$4:$C$501<>"")*(ST!$D$4:$D$501<>"")*(ST!$E$4:$E$501<=B18))} -> 1 | E18: {=SUMPRODUCT((ST!$C$4:$C$501<>"")*(ST!$D$4:$D$501<>"")*(ST!$F$4:$F$501<>"")*(ST!$F$4:$F$501<=B18))} -> 1
B22: Architectural
B23: w/e | C23: Total Expected | D23: Planned Submission | E23: Actual Submitted | F23: Status
F24: Under Review | I24: A | J24: B | K24: C
F25: CTA | G25: AUR | H25: STT
B26: =B9 -> 46027 | C26: {=SUMPRODUCT((AR!$C$4:$C$498<>"")*(AR!$D$4:$D$498<>"")*((AR!$E$4:$E$498<=B26)+(AR!$E$4:$E$498>B26)))} -> 38 | D26: {=SUMPRODUCT((AR!$C$4:$C$498<>"")*(AR!$D$4:$D$498<>"")*(AR!$E$4:$E$498<=B26))} -> 38 | E26: {=SUMPRODUCT((AR!$C$4:$C$498<>"")*(AR!$D$4:$D$498<>"")*(AR!$F$4:$F$498<>"")*(AR!$F$4:$F$498<=B26))} -> 0 | F26: {=SUMPRODUCT((AR!$C$4:$C$498<>"")*(AR!$D$4:$D$498<>"")*(AR!$F$4:$F$498<=$B26)*(AR!$J$4:$J$498="Pending")*(AR!$I$4:$I$498="CTA"))} -> 0 | G26: {=SUMPRODUCT((AR!$C$4:$C$498<>"")*(AR!$D$4:$D$498<>"")*(AR!$F$4:$F$498<=$B26)*(AR!$J$4:$J$498="Pending")*(AR!$I$4:$I$498="AUR"))} -> 0 | H26: {=SUMPRODUCT((AR!$C$4:$C$498<>"")*(AR!$D$4:$D$498<>"")*(AR!$F$4:$F$498<=$B26)*(AR!$J$4:$J$498="Pending")*(AR!$I$4:$I$498="STT"))} -> 0 | I26: {=SUMPRODUCT((AR!$C$4:$C$498<>"")*(AR!$D$4:$D$498<>"")*(AR!$F$4:$F$498<=$B26)*(AR!$J$4:$J$498="A"))} -> 0 | J26: {=SUMPRODUCT((AR!$C$4:$C$498<>"")*(AR!$D$4:$D$498<>"")*(AR!$F$4:$F$498<=$B26)*(AR!$J$4:$J$498="B"))} -> 0 | K26: {=SUMPRODUCT((AR!$C$4:$C$498<>"")*(AR!$D$4:$D$498<>"")*(AR!$F$4:$F$498<=$B26)*(AR!$J$4:$J$498="C"))} -> 0
B27: =B10 -> 46034 | C27: {=SUMPRODUCT((AR!$C$4:$C$498<>"")*(AR!$D$4:$D$498<>"")*((AR!$E$4:$E$498<=B27)+(AR!$E$4:$E$498>B27)))} -> 38 | D27: {=SUMPRODUCT((AR!$C$4:$C$498<>"")*(AR!$D$4:$D$498<>"")*(AR!$E$4:$E$498<=B27))} -> 38 | E27: {=SUMPRODUCT((AR!$C$4:$C$498<>"")*(AR!$D$4:$D$498<>"")*(AR!$F$4:$F$498<>"")*(AR!$F$4:$F$498<=B27))} -> 1 | F27: {=SUMPRODUCT((AR!$C$4:$C$498<>"")*(AR!$D$4:$D$498<>"")*(AR!$F$4:$F$498<=$B27)*(AR!$J$4:$J$498="Pending")*(AR!$I$4:$I$498="CTA"))} -> 1 | G27: {=SUMPRODUCT((AR!$C$4:$C$498<>"")*(AR!$D$4:$D$498<>"")*(AR!$F$4:$F$498<=$B27)*(AR!$J$4:$J$498="Pending")*(AR!$I$4:$I$498="AUR"))} -> 0 | H27: {=SUMPRODUCT((AR!$C$4:$C$498<>"")*(AR!$D$4:$D$498<>"")*(AR!$F$4:$F$498<=$B27)*(AR!$J$4:$J$498="Pending")*(AR!$I$4:$I$498="STT"))} -> 0 | I27: {=SUMPRODUCT((AR!$C$4:$C$498<>"")*(AR!$D$4:$D$498<>"")*(AR!$F$4:$F$498<=$B27)*(AR!$J$4:$J$498="A"))} -> 0 | J27: {=SUMPRODUCT((AR!$C$4:$C$498<>"")*(AR!$D$4:$D$498<>"")*(AR!$F$4:$F$498<=$B27)*(AR!$J$4:$J$498="B"))} -> 0 | K27: {=SUMPRODUCT((AR!$C$4:$C$498<>"")*(AR!$D$4:$D$498<>"")*(AR!$F$4:$F$498<=$B27)*(AR!$J$4:$J$498="C"))} -> 0
B28: =B11 -> 46041 | C28: {=SUMPRODUCT((AR!$C$4:$C$498<>"")*(AR!$D$4:$D$498<>"")*((AR!$E$4:$E$498<=B28)+(AR!$E$4:$E$498>B28)))} -> 38 | D28: {=SUMPRODUCT((AR!$C$4:$C$498<>"")*(AR!$D$4:$D$498<>"")*(AR!$E$4:$E$498<=B28))} -> 38 | E28: {=SUMPRODUCT((AR!$C$4:$C$498<>"")*(AR!$D$4:$D$498<>"")*(AR!$F$4:$F$498<>"")*(AR!$F$4:$F$498<=B28))} -> 12 | F28: {=SUMPRODUCT((AR!$C$4:$C$498<>"")*(AR!$D$4:$D$498<>"")*(AR!$F$4:$F$498<=$B28)*(AR!$J$4:$J$498="Pending")*(AR!$I$4:$I$498="CTA"))} -> 1 | G28: {=SUMPRODUCT((AR!$C$4:$C$498<>"")*(AR!$D$4:$D$498<>"")*(AR!$F$4:$F$498<=$B28)*(AR!$J$4:$J$498="Pending")*(AR!$I$4:$I$498="AUR"))} -> 0 | H28: {=SUMPRODUCT((AR!$C$4:$C$498<>"")*(AR!$D$4:$D$498<>"")*(AR!$F$4:$F$498<=$B28)*(AR!$J$4:$J$498="Pending")*(AR!$I$4:$I$498="STT"))} -> 1 | I28: {=SUMPRODUCT((AR!$C$4:$C$498<>"")*(AR!$D$4:$D$498<>"")*(AR!$F$4:$F$498<=$B28)*(AR!$J$4:$J$498="A"))} -> 1 | J28: {=SUMPRODUCT((AR!$C$4:$C$498<>"")*(AR!$D$4:$D$498<>"")*(AR!$F$4:$F$498<=$B28)*(AR!$J$4:$J$498="B"))} -> 9 | K28: {=SUMPRODUCT((AR!$C$4:$C$498<>"")*(AR!$D$4:$D$498<>"")*(AR!$F$4:$F$498<=$B28)*(AR!$J$4:$J$498="C"))} -> 0
B29: =B12 -> 46048 | C29: {=SUMPRODUCT((AR!$C$4:$C$498<>"")*(AR!$D$4:$D$498<>"")*((AR!$E$4:$E$498<=B29)+(AR!$E$4:$E$498>B29)))} -> 38 | D29: {=SUMPRODUCT((AR!$C$4:$C$498<>"")*(AR!$D$4:$D$498<>"")*(AR!$E$4:$E$498<=B29))} -> 38 | E29: {=SUMPRODUCT((AR!$C$4:$C$498<>"")*(AR!$D$4:$D$498<>"")*(AR!$F$4:$F$498<>"")*(AR!$F$4:$F$498<=B29))} -> 33 | F29: {=SUMPRODUCT((AR!$C$4:$C$498<>"")*(AR!$D$4:$D$498<>"")*(AR!$F$4:$F$498<=$B29)*(AR!$J$4:$J$498="Pending")*(AR!$I$4:$I$498="CTA"))} -> 1 | G29: {=SUMPRODUCT((AR!$C$4:$C$498<>"")*(AR!$D$4:$D$498<>"")*(AR!$F$4:$F$498<=$B29)*(AR!$J$4:$J$498="Pending")*(AR!$I$4:$I$498="AUR"))} -> 0 | H29: {=SUMPRODUCT((AR!$C$4:$C$498<>"")*(AR!$D$4:$D$498<>"")*(AR!$F$4:$F$498<=$B29)*(AR!$J$4:$J$498="Pending")*(AR!$I$4:$I$498="STT"))} -> 7 | I29: {=SUMPRODUCT((AR!$C$4:$C$498<>"")*(AR!$D$4:$D$498<>"")*(AR!$F$4:$F$498<=$B29)*(AR!$J$4:$J$498="A"))} -> 1 | J29: {=SUMPRODUCT((AR!$C$4:$C$498<>"")*(AR!$D$4:$D$498<>"")*(AR!$F$4:$F$498<=$B29)*(AR!$J$4:$J$498="B"))} -> 24 | K29: {=SUMPRODUCT((AR!$C$4:$C$498<>"")*(AR!$D$4:$D$498<>"")*(AR!$F$4:$F$498<=$B29)*(AR!$J$4:$J$498="C"))} -> 0
B30: =B13 -> 46055 | C30: {=SUMPRODUCT((AR!$C$4:$C$498<>"")*(AR!$D$4:$D$498<>"")*((AR!$E$4:$E$498<=B30)+(AR!$E$4:$E$498>B30)))} -> 38 | D30: {=SUMPRODUCT((AR!$C$4:$C$498<>"")*(AR!$D$4:$D$498<>"")*(AR!$E$4:$E$498<=B30))} -> 38 | E30: {=SUMPRODUCT((AR!$C$4:$C$498<>"")*(AR!$D$4:$D$498<>"")*(AR!$F$4:$F$498<>"")*(AR!$F$4:$F$498<=B30))} -> 33 | F30: {=SUMPRODUCT((AR!$C$4:$C$498<>"")*(AR!$D$4:$D$498<>"")*(AR!$F$4:$F$498<=$B30)*(AR!$J$4:$J$498="Pending")*(AR!$I$4:$I$498="CTA"))} -> 1 | G30: {=SUMPRODUCT((AR!$C$4:$C$498<>"")*(AR!$D$4:$D$498<>"")*(AR!$F$4:$F$498<=$B30)*(AR!$J$4:$J$498="Pending")*(AR!$I$4:$I$498="AUR"))} -> 0 | H30: {=SUMPRODUCT((AR!$C$4:$C$498<>"")*(AR!$D$4:$D$498<>"")*(AR!$F$4:$F$498<=$B30)*(AR!$J$4:$J$498="Pending")*(AR!$I$4:$I$498="STT"))} -> 7 | I30: {=SUMPRODUCT((AR!$C$4:$C$498<>"")*(AR!$D$4:$D$498<>"")*(AR!$F$4:$F$498<=$B30)*(AR!$J$4:$J$498="A"))} -> 1 | J30: {=SUMPRODUCT((AR!$C$4:$C$498<>"")*(AR!$D$4:$D$498<>"")*(AR!$F$4:$F$498<=$B30)*(AR!$J$4:$J$498="B"))} -> 24 | K30: {=SUMPRODUCT((AR!$C$4:$C$498<>"")*(AR!$D$4:$D$498<>"")*(AR!$F$4:$F$498<=$B30)*(AR!$J$4:$J$498="C"))} -> 0
B31: =B14 -> 46062 | C31: {=SUMPRODUCT((AR!$C$4:$C$498<>"")*(AR!$D$4:$D$498<>"")*((AR!$E$4:$E$498<=B31)+(AR!$E$4:$E$498>B31)))} -> 38 | D31: {=SUMPRODUCT((AR!$C$4:$C$498<>"")*(AR!$D$4:$D$498<>"")*(AR!$E$4:$E$498<=B31))} -> 38 | E31: {=SUMPRODUCT((AR!$C$4:$C$498<>"")*(AR!$D$4:$D$498<>"")*(AR!$F$4:$F$498<>"")*(AR!$F$4:$F$498<=B31))} -> 37 | F31: {=SUMPRODUCT((AR!$C$4:$C$498<>"")*(AR!$D$4:$D$498<>"")*(AR!$F$4:$F$498<=$B31)*(AR!$J$4:$J$498="Pending")*(AR!$I$4:$I$498="CTA"))} -> 1 | G31: {=SUMPRODUCT((AR!$C$4:$C$498<>"")*(AR!$D$4:$D$498<>"")*(AR!$F$4:$F$498<=$B31)*(AR!$J$4:$J$498="Pending")*(AR!$I$4:$I$498="AUR"))} -> 0 | H31: {=SUMPRODUCT((AR!$C$4:$C$498<>"")*(AR!$D$4:$D$498<>"")*(AR!$F$4:$F$498<=$B31)*(AR!$J$4:$J$498="Pending")*(AR!$I$4:$I$498="STT"))} -> 11 | I31: {=SUMPRODUCT((AR!$C$4:$C$498<>"")*(AR!$D$4:$D$498<>"")*(AR!$F$4:$F$498<=$B31)*(AR!$J$4:$J$498="A"))} -> 1 | J31: {=SUMPRODUCT((AR!$C$4:$C$498<>"")*(AR!$D$4:$D$498<>"")*(AR!$F$4:$F$498<=$B31)*(AR!$J$4:$J$498="B"))} -> 24 | K31: {=SUMPRODUCT((AR!$C$4:$C$498<>"")*(AR!$D$4:$D$498<>"")*(AR!$F$4:$F$498<=$B31)*(AR!$J$4:$J$498="C"))} -> 0
B32: =B15 -> 46069 | C32: {=SUMPRODUCT((AR!$C$4:$C$498<>"")*(AR!$D$4:$D$498<>"")*((AR!$E$4:$E$498<=B32)+(AR!$E$4:$E$498>B32)))} -> 38 | D32: {=SUMPRODUCT((AR!$C$4:$C$498<>"")*(AR!$D$4:$D$498<>"")*(AR!$E$4:$E$498<=B32))} -> 38 | E32: {=SUMPRODUCT((AR!$C$4:$C$498<>"")*(AR!$D$4:$D$498<>"")*(AR!$F$4:$F$498<>"")*(AR!$F$4:$F$498<=B32))} -> 38
B33: =B16 -> 46076 | C33: {=SUMPRODUCT((AR!$C$4:$C$498<>"")*(AR!$D$4:$D$498<>"")*((AR!$E$4:$E$498<=B33)+(AR!$E$4:$E$498>B33)))} -> 38 | D33: {=SUMPRODUCT((AR!$C$4:$C$498<>"")*(AR!$D$4:$D$498<>"")*(AR!$E$4:$E$498<=B33))} -> 38 | E33: {=SUMPRODUCT((AR!$C$4:$C$498<>"")*(AR!$D$4:$D$498<>"")*(AR!$F$4:$F$498<>"")*(AR!$F$4:$F$498<=B33))} -> 38
B34: =B17 -> 46083 | C34: {=SUMPRODUCT((AR!$C$4:$C$498<>"")*(AR!$D$4:$D$498<>"")*((AR!$E$4:$E$498<=B34)+(AR!$E$4:$E$498>B34)))} -> 38 | D34: {=SUMPRODUCT((AR!$C$4:$C$498<>"")*(AR!$D$4:$D$498<>"")*(AR!$E$4:$E$498<=B34))} -> 38 | E34: {=SUMPRODUCT((AR!$C$4:$C$498<>"")*(AR!$D$4:$D$498<>"")*(AR!$F$4:$F$498<>"")*(AR!$F$4:$F$498<=B34))} -> 38
B35: =B18 -> 46090 | C35: {=SUMPRODUCT((AR!$C$4:$C$498<>"")*(AR!$D$4:$D$498<>"")*((AR!$E$4:$E$498<=B35)+(AR!$E$4:$E$498>B35)))} -> 38 | D35: {=SUMPRODUCT((AR!$C$4:$C$498<>"")*(AR!$D$4:$D$498<>"")*(AR!$E$4:$E$498<=B35))} -> 38 | E35: {=SUMPRODUCT((AR!$C$4:$C$498<>"")*(AR!$D$4:$D$498<>"")*(AR!$F$4:$F$498<>"")*(AR!$F$4:$F$498<=B35))} -> 38
B38: Electrical
B39: w/e | C39: Total Expected | D39: Planned Submission | E39: Actual Submitted | F39: Status
F40: Under Review | I40: A | J40: B | K40: C
F41: CTA | G41: AUR | H41: STT
B42: =B9 -> 46027 | C42: {=SUMPRODUCT((EL!$C$4:$C$477<>"")*(EL!$D$4:$D$477<>"")*((EL!$E$4:$E$477<=B42)+(EL!$E$4:$E$477>B42)))} -> 47 | D42: {=SUMPRODUCT((EL!$C$4:$C$477<>"")*(EL!$D$4:$D$477<>"")*(EL!$E$4:$E$477<=B42))} -> 47 | E42: {=SUMPRODUCT((EL!$C$4:$C$477<>"")*(EL!$D$4:$D$477<>"")*(EL!$F$4:$F$477<>"")*(EL!$F$4:$F$477<=B42))} -> 0 | F42: {=SUMPRODUCT((EL!$C$4:$C$477<>"")*(EL!$D$4:$D$477<>"")*(EL!$F$4:$F$477<=$B42)*(EL!$K$4:$K$477="Pending")*(EL!$J$4:$J$477="CTA"))} -> 0 | G42: {=SUMPRODUCT((EL!$C$4:$C$477<>"")*(EL!$D$4:$D$477<>"")*(EL!$F$4:$F$477<=$B42)*(EL!$K$4:$K$477="Pending")*(EL!$J$4:$J$477="AUR"))} -> 0 | H42: {=SUMPRODUCT((EL!$C$4:$C$477<>"")*(EL!$D$4:$D$477<>"")*(EL!$F$4:$F$477<=$B42)*(EL!$K$4:$K$477="Pending")*(EL!$J$4:$J$477="STT"))} -> 0 | I42: {=SUMPRODUCT((EL!$C$4:$C$477<>"")*(EL!$D$4:$D$477<>"")*(EL!$F$4:$F$477<=$B42)*(EL!$K$4:$K$477="A"))} -> 0 | J42: {=SUMPRODUCT((EL!$C$4:$C$477<>"")*(EL!$D$4:$D$477<>"")*(EL!$F$4:$F$477<=$B42)*(EL!$K$4:$K$477="B"))} -> 0 | K42: {=SUMPRODUCT((EL!$C$4:$C$477<>"")*(EL!$D$4:$D$477<>"")*(EL!$F$4:$F$477<=$B42)*(EL!$K$4:$K$477="C"))} -> 0
B43: =B10 -> 46034 | C43: {=SUMPRODUCT((EL!$C$4:$C$477<>"")*(EL!$D$4:$D$477<>"")*((EL!$E$4:$E$477<=B43)+(EL!$E$4:$E$477>B43)))} -> 47 | D43: {=SUMPRODUCT((EL!$C$4:$C$477<>"")*(EL!$D$4:$D$477<>"")*(EL!$E$4:$E$477<=B43))} -> 47 | E43: {=SUMPRODUCT((EL!$C$4:$C$477<>"")*(EL!$D$4:$D$477<>"")*(EL!$F$4:$F$477<>"")*(EL!$F$4:$F$477<=B43))} -> 0 | F43: {=SUMPRODUCT((EL!$C$4:$C$477<>"")*(EL!$D$4:$D$477<>"")*(EL!$F$4:$F$477<=$B43)*(EL!$K$4:$K$477="Pending")*(EL!$J$4:$J$477="CTA"))} -> 0 | G43: {=SUMPRODUCT((EL!$C$4:$C$477<>"")*(EL!$D$4:$D$477<>"")*(EL!$F$4:$F$477<=$B43)*(EL!$K$4:$K$477="Pending")*(EL!$J$4:$J$477="AUR"))} -> 0 | H43: {=SUMPRODUCT((EL!$C$4:$C$477<>"")*(EL!$D$4:$D$477<>"")*(EL!$F$4:$F$477<=$B43)*(EL!$K$4:$K$477="Pending")*(EL!$J$4:$J$477="STT"))} -> 0 | I43: {=SUMPRODUCT((EL!$C$4:$C$477<>"")*(EL!$D$4:$D$477<>"")*(EL!$F$4:$F$477<=$B43)*(EL!$K$4:$K$477="A"))} -> 0 | J43: {=SUMPRODUCT((EL!$C$4:$C$477<>"")*(EL!$D$4:$D$477<>"")*(EL!$F$4:$F$477<=$B43)*(EL!$K$4:$K$477="B"))} -> 0 | K43: {=SUMPRODUCT((EL!$C$4:$C$477<>"")*(EL!$D$4:$D$477<>"")*(EL!$F$4:$F$477<=$B43)*(EL!$K$4:$K$477="C"))} -> 0
B44: =B11 -> 46041 | C44: {=SUMPRODUCT((EL!$C$4:$C$477<>"")*(EL!$D$4:$D$477<>"")*((EL!$E$4:$E$477<=B44)+(EL!$E$4:$E$477>B44)))} -> 47 | D44: {=SUMPRODUCT((EL!$C$4:$C$477<>"")*(EL!$D$4:$D$477<>"")*(EL!$E$4:$E$477<=B44))} -> 47 | E44: {=SUMPRODUCT((EL!$C$4:$C$477<>"")*(EL!$D$4:$D$477<>"")*(EL!$F$4:$F$477<>"")*(EL!$F$4:$F$477<=B44))} -> 17 | F44: {=SUMPRODUCT((EL!$C$4:$C$477<>"")*(EL!$D$4:$D$477<>"")*(EL!$F$4:$F$477<=$B44)*(EL!$K$4:$K$477="Pending")*(EL!$J$4:$J$477="CTA"))} -> 0 | G44: {=SUMPRODUCT((EL!$C$4:$C$477<>"")*(EL!$D$4:$D$477<>"")*(EL!$F$4:$F$477<=$B44)*(EL!$K$4:$K$477="Pending")*(EL!$J$4:$J$477="AUR"))} -> 7 | H44: {=SUMPRODUCT((EL!$C$4:$C$477<>"")*(EL!$D$4:$D$477<>"")*(EL!$F$4:$F$477<=$B44)*(EL!$K$4:$K$477="Pending")*(EL!$J$4:$J$477="STT"))} -> 10 | I44: {=SUMPRODUCT((EL!$C$4:$C$477<>"")*(EL!$D$4:$D$477<>"")*(EL!$F$4:$F$477<=$B44)*(EL!$K$4:$K$477="A"))} -> 0 | J44: {=SUMPRODUCT((EL!$C$4:$C$477<>"")*(EL!$D$4:$D$477<>"")*(EL!$F$4:$F$477<=$B44)*(EL!$K$4:$K$477="B"))} -> 0 | K44: {=SUMPRODUCT((EL!$C$4:$C$477<>"")*(EL!$D$4:$D$477<>"")*(EL!$F$4:$F$477<=$B44)*(EL!$K$4:$K$477="C"))} -> 0
B45: =B12 -> 46048 | C45: {=SUMPRODUCT((EL!$C$4:$C$477<>"")*(EL!$D$4:$D$477<>"")*((EL!$E$4:$E$477<=B45)+(EL!$E$4:$E$477>B45)))} -> 47 | D45: {=SUMPRODUCT((EL!$C$4:$C$477<>"")*(EL!$D$4:$D$477<>"")*(EL!$E$4:$E$477<=B45))} -> 47 | E45: {=SUMPRODUCT((EL!$C$4:$C$477<>"")*(EL!$D$4:$D$477<>"")*(EL!$F$4:$F$477<>"")*(EL!$F$4:$F$477<=B45))} -> 30 | F45: {=SUMPRODUCT((EL!$C$4:$C$477<>"")*(EL!$D$4:$D$477<>"")*(EL!$F$4:$F$477<=$B45)*(EL!$K$4:$K$477="Pending")*(EL!$J$4:$J$477="CTA"))} -> 0 | G45: {=SUMPRODUCT((EL!$C$4:$C$477<>"")*(EL!$D$4:$D$477<>"")*(EL!$F$4:$F$477<=$B45)*(EL!$K$4:$K$477="Pending")*(EL!$J$4:$J$477="AUR"))} -> 12 | H45: {=SUMPRODUCT((EL!$C$4:$C$477<>"")*(EL!$D$4:$D$477<>"")*(EL!$F$4:$F$477<=$B45)*(EL!$K$4:$K$477="Pending")*(EL!$J$4:$J$477="STT"))} -> 18 | I45: {=SUMPRODUCT((EL!$C$4:$C$477<>"")*(EL!$D$4:$D$477<>"")*(EL!$F$4:$F$477<=$B45)*(EL!$K$4:$K$477="A"))} -> 0 | J45: {=SUMPRODUCT((EL!$C$4:$C$477<>"")*(EL!$D$4:$D$477<>"")*(EL!$F$4:$F$477<=$B45)*(EL!$K$4:$K$477="B"))} -> 0 | K45: {=SUMPRODUCT((EL!$C$4:$C$477<>"")*(EL!$D$4:$D$477<>"")*(EL!$F$4:$F$477<=$B45)*(EL!$K$4:$K$477="C"))} -> 0
B46: =B13 -> 46055 | C46: {=SUMPRODUCT((EL!$C$4:$C$477<>"")*(EL!$D$4:$D$477<>"")*((EL!$E$4:$E$477<=B46)+(EL!$E$4:$E$477>B46)))} -> 47 | D46: {=SUMPRODUCT((EL!$C$4:$C$477<>"")*(EL!$D$4:$D$477<>"")*(EL!$E$4:$E$477<=B46))} -> 47 | E46: {=SUMPRODUCT((EL!$C$4:$C$477<>"")*(EL!$D$4:$D$477<>"")*(EL!$F$4:$F$477<>"")*(EL!$F$4:$F$477<=B46))} -> 37 | F46: {=SUMPRODUCT((EL!$C$4:$C$477<>"")*(EL!$D$4:$D$477<>"")*(EL!$F$4:$F$477<=$B46)*(EL!$K$4:$K$477="Pending")*(EL!$J$4:$J$477="CTA"))} -> 0 | G46: {=SUMPRODUCT((EL!$C$4:$C$477<>"")*(EL!$D$4:$D$477<>"")*(EL!$F$4:$F$477<=$B46)*(EL!$K$4:$K$477="Pending")*(EL!$J$4:$J$477="AUR"))} -> 19 | H46: {=SUMPRODUCT((EL!$C$4:$C$477<>"")*(EL!$D$4:$D$477<>"")*(EL!$F$4:$F$477<=$B46)*(EL!$K$4:$K$477="Pending")*(EL!$J$4:$J$477="STT"))} -> 18 | I46: {=SUMPRODUCT((EL!$C$4:$C$477<>"")*(EL!$D$4:$D$477<>"")*(EL!$F$4:$F$477<=$B46)*(EL!$K$4:$K$477="A"))} -> 0 | J46: {=SUMPRODUCT((EL!$C$4:$C$477<>"")*(EL!$D$4:$D$477<>"")*(EL!$F$4:$F$477<=$B46)*(EL!$K$4:$K$477="B"))} -> 0 | K46: {=SUMPRODUCT((EL!$C$4:$C$477<>"")*(EL!$D$4:$D$477<>"")*(EL!$F$4:$F$477<=$B46)*(EL!$K$4:$K$477="C"))} -> 0
B47: =B14 -> 46062 | C47: {=SUMPRODUCT((EL!$C$4:$C$477<>"")*(EL!$D$4:$D$477<>"")*((EL!$E$4:$E$477<=B47)+(EL!$E$4:$E$477>B47)))} -> 47 | D47: {=SUMPRODUCT((EL!$C$4:$C$477<>"")*(EL!$D$4:$D$477<>"")*(EL!$E$4:$E$477<=B47))} -> 47 | E47: {=SUMPRODUCT((EL!$C$4:$C$477<>"")*(EL!$D$4:$D$477<>"")*(EL!$F$4:$F$477<>"")*(EL!$F$4:$F$477<=B47))} -> 40 | F47: {=SUMPRODUCT((EL!$C$4:$C$477<>"")*(EL!$D$4:$D$477<>"")*(EL!$F$4:$F$477<=$B47)*(EL!$K$4:$K$477="Pending")*(EL!$J$4:$J$477="CTA"))} -> 0 | G47: {=SUMPRODUCT((EL!$C$4:$C$477<>"")*(EL!$D$4:$D$477<>"")*(EL!$F$4:$F$477<=$B47)*(EL!$K$4:$K$477="Pending")*(EL!$J$4:$J$477="AUR"))} -> 22 | H47: {=SUMPRODUCT((EL!$C$4:$C$477<>"")*(EL!$D$4:$D$477<>"")*(EL!$F$4:$F$477<=$B47)*(EL!$K$4:$K$477="Pending")*(EL!$J$4:$J$477="STT"))} -> 18 | I47: {=SUMPRODUCT((EL!$C$4:$C$477<>"")*(EL!$D$4:$D$477<>"")*(EL!$F$4:$F$477<=$B47)*(EL!$K$4:$K$477="A"))} -> 0 | J47: {=SUMPRODUCT((EL!$C$4:$C$477<>"")*(EL!$D$4:$D$477<>"")*(EL!$F$4:$F$477<=$B47)*(EL!$K$4:$K$477="B"))} -> 0 | K47: {=SUMPRODUCT((EL!$C$4:$C$477<>"")*(EL!$D$4:$D$477<>"")*(EL!$F$4:$F$477<=$B47)*(EL!$K$4:$K$477="C"))} -> 0
B48: =B15 -> 46069 | C48: {=SUMPRODUCT((EL!$C$4:$C$477<>"")*(EL!$D$4:$D$477<>"")*((EL!$E$4:$E$477<=B48)+(EL!$E$4:$E$477>B48)))} -> 47 | D48: {=SUMPRODUCT((EL!$C$4:$C$477<>"")*(EL!$D$4:$D$477<>"")*(EL!$E$4:$E$477<=B48))} -> 47 | E48: {=SUMPRODUCT((EL!$C$4:$C$477<>"")*(EL!$D$4:$D$477<>"")*(EL!$F$4:$F$477<>"")*(EL!$F$4:$F$477<=B48))} -> 47
B49: =B16 -> 46076 | C49: {=SUMPRODUCT((EL!$C$4:$C$477<>"")*(EL!$D$4:$D$477<>"")*((EL!$E$4:$E$477<=B49)+(EL!$E$4:$E$477>B49)))} -> 47 | D49: {=SUMPRODUCT((EL!$C$4:$C$477<>"")*(EL!$D$4:$D$477<>"")*(EL!$E$4:$E$477<=B49))} -> 47 | E49: {=SUMPRODUCT((EL!$C$4:$C$477<>"")*(EL!$D$4:$D$477<>"")*(EL!$F$4:$F$477<>"")*(EL!$F$4:$F$477<=B49))} -> 47
B50: =B17 -> 46083 | C50: {=SUMPRODUCT((EL!$C$4:$C$477<>"")*(EL!$D$4:$D$477<>"")*((EL!$E$4:$E$477<=B50)+(EL!$E$4:$E$477>B50)))} -> 47 | D50: {=SUMPRODUCT((EL!$C$4:$C$477<>"")*(EL!$D$4:$D$477<>"")*(EL!$E$4:$E$477<=B50))} -> 47 | E50: {=SUMPRODUCT((EL!$C$4:$C$477<>"")*(EL!$D$4:$D$477<>"")*(EL!$F$4:$F$477<>"")*(EL!$F$4:$F$477<=B50))} -> 47
B51: =B18 -> 46090 | C51: {=SUMPRODUCT((EL!$C$4:$C$477<>"")*(EL!$D$4:$D$477<>"")*((EL!$E$4:$E$477<=B51)+(EL!$E$4:$E$477>B51)))} -> 47 | D51: {=SUMPRODUCT((EL!$C$4:$C$477<>"")*(EL!$D$4:$D$477<>"")*(EL!$E$4:$E$477<=B51))} -> 47 | E51: {=SUMPRODUCT((EL!$C$4:$C$477<>"")*(EL!$D$4:$D$477<>"")*(EL!$F$4:$F$477<>"")*(EL!$F$4:$F$477<=B51))} -> 47
B59: Mechanical
B60: w/e | C60: Total Expected | D60: Planned Submission | E60: Actual Submitted | F60: Status
F61: Under Review | I61: A | J61: B | K61: C
F62: CTA | G62: AUR | H62: STT
B63: =B9 -> 46027 | C63: {=SUMPRODUCT((ME!$C$4:$C$501<>"")*(ME!$D$4:$D$501<>"")*((ME!$E$4:$E$501<=B63)+(ME!$E$4:$E$501>B63)))} -> 24 | D63: {=SUMPRODUCT((ME!$C$4:$C$501<>"")*(ME!$D$4:$D$501<>"")*(ME!$E$4:$E$501<=B63))} -> 24 | E63: {=SUMPRODUCT((ME!$C$4:$C$501<>"")*(ME!$D$4:$D$501<>"")*(ME!$F$4:$F$501<>"")*(ME!$F$4:$F$501<=B63))} -> 0 | F63: {=SUMPRODUCT((ME!$C$4:$C$501<>"")*(ME!$D$4:$D$501<>"")*(ME!$F$4:$F$501<=$B63)*(ME!$K$4:$K$501="Pending")*(ME!$J$4:$J$501="CTA"))} -> 0 | G63: {=SUMPRODUCT((ME!$C$4:$C$501<>"")*(ME!$D$4:$D$501<>"")*(ME!$F$4:$F$501<=$B63)*(ME!$K$4:$K$501="Pending")*(ME!$J$4:$J$501="AUR"))} -> 0 | H63: {=SUMPRODUCT((ME!$C$4:$C$501<>"")*(ME!$D$4:$D$501<>"")*(ME!$F$4:$F$501<=$B63)*(ME!$K$4:$K$501="Pending")*(ME!$J$4:$J$501="STT"))} -> 0 | I63: {=SUMPRODUCT((ME!$C$4:$C$501<>"")*(ME!$D$4:$D$501<>"")*(ME!$F$4:$F$501<=$B63)*(ME!$K$4:$K$501="A"))} -> 0 | J63: {=SUMPRODUCT((ME!$C$4:$C$501<>"")*(ME!$D$4:$D$501<>"")*(ME!$F$4:$F$501<=$B63)*(ME!$K$4:$K$501="B"))} -> 0 | K63: {=SUMPRODUCT((ME!$C$4:$C$501<>"")*(ME!$D$4:$D$501<>"")*(ME!$F$4:$F$501<=$B63)*(ME!$K$4:$K$501="C"))} -> 0
B64: =B10 -> 46034 | C64: {=SUMPRODUCT((ME!$C$4:$C$501<>"")*(ME!$D$4:$D$501<>"")*((ME!$E$4:$E$501<=B64)+(ME!$E$4:$E$501>B64)))} -> 24 | D64: {=SUMPRODUCT((ME!$C$4:$C$501<>"")*(ME!$D$4:$D$501<>"")*(ME!$E$4:$E$501<=B64))} -> 24 | E64: {=SUMPRODUCT((ME!$C$4:$C$501<>"")*(ME!$D$4:$D$501<>"")*(ME!$F$4:$F$501<>"")*(ME!$F$4:$F$501<=B64))} -> 5 | F64: {=SUMPRODUCT((ME!$C$4:$C$501<>"")*(ME!$D$4:$D$501<>"")*(ME!$F$4:$F$501<=$B64)*(ME!$K$4:$K$501="Pending")*(ME!$J$4:$J$501="CTA"))} -> 0 | G64: {=SUMPRODUCT((ME!$C$4:$C$501<>"")*(ME!$D$4:$D$501<>"")*(ME!$F$4:$F$501<=$B64)*(ME!$K$4:$K$501="Pending")*(ME!$J$4:$J$501="AUR"))} -> 0 | H64: {=SUMPRODUCT((ME!$C$4:$C$501<>"")*(ME!$D$4:$D$501<>"")*(ME!$F$4:$F$501<=$B64)*(ME!$K$4:$K$501="Pending")*(ME!$J$4:$J$501="STT"))} -> 4 | I64: {=SUMPRODUCT((ME!$C$4:$C$501<>"")*(ME!$D$4:$D$501<>"")*(ME!$F$4:$F$501<=$B64)*(ME!$K$4:$K$501="A"))} -> 0 | J64: {=SUMPRODUCT((ME!$C$4:$C$501<>"")*(ME!$D$4:$D$501<>"")*(ME!$F$4:$F$501<=$B64)*(ME!$K$4:$K$501="B"))} -> 0 | K64: {=SUMPRODUCT((ME!$C$4:$C$501<>"")*(ME!$D$4:$D$501<>"")*(ME!$F$4:$F$501<=$B64)*(ME!$K$4:$K$501="C"))} -> 0
B65: =B11 -> 46041 | C65: {=SUMPRODUCT((ME!$C$4:$C$501<>"")*(ME!$D$4:$D$501<>"")*((ME!$E$4:$E$501<=B65)+(ME!$E$4:$E$501>B65)))} -> 24 | D65: {=SUMPRODUCT((ME!$C$4:$C$501<>"")*(ME!$D$4:$D$501<>"")*(ME!$E$4:$E$501<=B65))} -> 24 | E65: {=SUMPRODUCT((ME!$C$4:$C$501<>"")*(ME!$D$4:$D$501<>"")*(ME!$F$4:$F$501<>"")*(ME!$F$4:$F$501<=B65))} -> 8 | F65: {=SUMPRODUCT((ME!$C$4:$C$501<>"")*(ME!$D$4:$D$501<>"")*(ME!$F$4:$F$501<=$B65)*(ME!$K$4:$K$501="Pending")*(ME!$J$4:$J$501="CTA"))} -> 0 | G65: {=SUMPRODUCT((ME!$C$4:$C$501<>"")*(ME!$D$4:$D$501<>"")*(ME!$F$4:$F$501<=$B65)*(ME!$K$4:$K$501="Pending")*(ME!$J$4:$J$501="AUR"))} -> 0 | H65: {=SUMPRODUCT((ME!$C$4:$C$501<>"")*(ME!$D$4:$D$501<>"")*(ME!$F$4:$F$501<=$B65)*(ME!$K$4:$K$501="Pending")*(ME!$J$4:$J$501="STT"))} -> 6 | I65: {=SUMPRODUCT((ME!$C$4:$C$501<>"")*(ME!$D$4:$D$501<>"")*(ME!$F$4:$F$501<=$B65)*(ME!$K$4:$K$501="A"))} -> 0 | J65: {=SUMPRODUCT((ME!$C$4:$C$501<>"")*(ME!$D$4:$D$501<>"")*(ME!$F$4:$F$501<=$B65)*(ME!$K$4:$K$501="B"))} -> 1 | K65: {=SUMPRODUCT((ME!$C$4:$C$501<>"")*(ME!$D$4:$D$501<>"")*(ME!$F$4:$F$501<=$B65)*(ME!$K$4:$K$501="C"))} -> 0
B66: =B12 -> 46048 | C66: {=SUMPRODUCT((ME!$C$4:$C$501<>"")*(ME!$D$4:$D$501<>"")*((ME!$E$4:$E$501<=B66)+(ME!$E$4:$E$501>B66)))} -> 24 | D66: {=SUMPRODUCT((ME!$C$4:$C$501<>"")*(ME!$D$4:$D$501<>"")*(ME!$E$4:$E$501<=B66))} -> 24 | E66: {=SUMPRODUCT((ME!$C$4:$C$501<>"")*(ME!$D$4:$D$501<>"")*(ME!$F$4:$F$501<>"")*(ME!$F$4:$F$501<=B66))} -> 15 | F66: {=SUMPRODUCT((ME!$C$4:$C$501<>"")*(ME!$D$4:$D$501<>"")*(ME!$F$4:$F$501<=$B66)*(ME!$K$4:$K$501="Pending")*(ME!$J$4:$J$501="CTA"))} -> 0 | G66: {=SUMPRODUCT((ME!$C$4:$C$501<>"")*(ME!$D$4:$D$501<>"")*(ME!$F$4:$F$501<=$B66)*(ME!$K$4:$K$501="Pending")*(ME!$J$4:$J$501="AUR"))} -> 2 | H66: {=SUMPRODUCT((ME!$C$4:$C$501<>"")*(ME!$D$4:$D$501<>"")*(ME!$F$4:$F$501<=$B66)*(ME!$K$4:$K$501="Pending")*(ME!$J$4:$J$501="STT"))} -> 8 | I66: {=SUMPRODUCT((ME!$C$4:$C$501<>"")*(ME!$D$4:$D$501<>"")*(ME!$F$4:$F$501<=$B66)*(ME!$K$4:$K$501="A"))} -> 0 | J66: {=SUMPRODUCT((ME!$C$4:$C$501<>"")*(ME!$D$4:$D$501<>"")*(ME!$F$4:$F$501<=$B66)*(ME!$K$4:$K$501="B"))} -> 2 | K66: {=SUMPRODUCT((ME!$C$4:$C$501<>"")*(ME!$D$4:$D$501<>"")*(ME!$F$4:$F$501<=$B66)*(ME!$K$4:$K$501="C"))} -> 0
B67: =B13 -> 46055 | C67: {=SUMPRODUCT((ME!$C$4:$C$501<>"")*(ME!$D$4:$D$501<>"")*((ME!$E$4:$E$501<=B67)+(ME!$E$4:$E$501>B67)))} -> 24 | D67: {=SUMPRODUCT((ME!$C$4:$C$501<>"")*(ME!$D$4:$D$501<>"")*(ME!$E$4:$E$501<=B67))} -> 24 | E67: {=SUMPRODUCT((ME!$C$4:$C$501<>"")*(ME!$D$4:$D$501<>"")*(ME!$F$4:$F$501<>"")*(ME!$F$4:$F$501<=B67))} -> 19 | F67: {=SUMPRODUCT((ME!$C$4:$C$501<>"")*(ME!$D$4:$D$501<>"")*(ME!$F$4:$F$501<=$B67)*(ME!$K$4:$K$501="Pending")*(ME!$J$4:$J$501="CTA"))} -> 0 | G67: {=SUMPRODUCT((ME!$C$4:$C$501<>"")*(ME!$D$4:$D$501<>"")*(ME!$F$4:$F$501<=$B67)*(ME!$K$4:$K$501="Pending")*(ME!$J$4:$J$501="AUR"))} -> 6 | H67: {=SUMPRODUCT((ME!$C$4:$C$501<>"")*(ME!$D$4:$D$501<>"")*(ME!$F$4:$F$501<=$B67)*(ME!$K$4:$K$501="Pending")*(ME!$J$4:$J$501="STT"))} -> 8 | I67: {=SUMPRODUCT((ME!$C$4:$C$501<>"")*(ME!$D$4:$D$501<>"")*(ME!$F$4:$F$501<=$B67)*(ME!$K$4:$K$501="A"))} -> 0 | J67: {=SUMPRODUCT((ME!$C$4:$C$501<>"")*(ME!$D$4:$D$501<>"")*(ME!$F$4:$F$501<=$B67)*(ME!$K$4:$K$501="B"))} -> 2 | K67: {=SUMPRODUCT((ME!$C$4:$C$501<>"")*(ME!$D$4:$D$501<>"")*(ME!$F$4:$F$501<=$B67)*(ME!$K$4:$K$501="C"))} -> 0
B68: =B14 -> 46062 | C68: {=SUMPRODUCT((ME!$C$4:$C$501<>"")*(ME!$D$4:$D$501<>"")*((ME!$E$4:$E$501<=B68)+(ME!$E$4:$E$501>B68)))} -> 24 | D68: {=SUMPRODUCT((ME!$C$4:$C$501<>"")*(ME!$D$4:$D$501<>"")*(ME!$E$4:$E$501<=B68))} -> 24 | E68: {=SUMPRODUCT((ME!$C$4:$C$501<>"")*(ME!$D$4:$D$501<>"")*(ME!$F$4:$F$501<>"")*(ME!$F$4:$F$501<=B68))} -> 22 | F68: {=SUMPRODUCT((ME!$C$4:$C$501<>"")*(ME!$D$4:$D$501<>"")*(ME!$F$4:$F$501<=$B68)*(ME!$K$4:$K$501="Pending")*(ME!$J$4:$J$501="CTA"))} -> 0 | G68: {=SUMPRODUCT((ME!$C$4:$C$501<>"")*(ME!$D$4:$D$501<>"")*(ME!$F$4:$F$501<=$B68)*(ME!$K$4:$K$501="Pending")*(ME!$J$4:$J$501="AUR"))} -> 9 | H68: {=SUMPRODUCT((ME!$C$4:$C$501<>"")*(ME!$D$4:$D$501<>"")*(ME!$F$4:$F$501<=$B68)*(ME!$K$4:$K$501="Pending")*(ME!$J$4:$J$501="STT"))} -> 8 | I68: {=SUMPRODUCT((ME!$C$4:$C$501<>"")*(ME!$D$4:$D$501<>"")*(ME!$F$4:$F$501<=$B68)*(ME!$K$4:$K$501="A"))} -> 0 | J68: {=SUMPRODUCT((ME!$C$4:$C$501<>"")*(ME!$D$4:$D$501<>"")*(ME!$F$4:$F$501<=$B68)*(ME!$K$4:$K$501="B"))} -> 2 | K68: {=SUMPRODUCT((ME!$C$4:$C$501<>"")*(ME!$D$4:$D$501<>"")*(ME!$F$4:$F$501<=$B68)*(ME!$K$4:$K$501="C"))} -> 0
B69: =B15 -> 46069 | C69: {=SUMPRODUCT((ME!$C$4:$C$501<>"")*(ME!$D$4:$D$501<>"")*((ME!$E$4:$E$501<=B69)+(ME!$E$4:$E$501>B69)))} -> 24 | D69: {=SUMPRODUCT((ME!$C$4:$C$501<>"")*(ME!$D$4:$D$501<>"")*(ME!$E$4:$E$501<=B69))} -> 24 | E69: {=SUMPRODUCT((ME!$C$4:$C$501<>"")*(ME!$D$4:$D$501<>"")*(ME!$F$4:$F$501<>"")*(ME!$F$4:$F$501<=B69))} -> 24
B70: =B16 -> 46076 | C70: {=SUMPRODUCT((ME!$C$4:$C$501<>"")*(ME!$D$4:$D$501<>"")*((ME!$E$4:$E$501<=B70)+(ME!$E$4:$E$501>B70)))} -> 24 | D70: {=SUMPRODUCT((ME!$C$4:$C$501<>"")*(ME!$D$4:$D$501<>"")*(ME!$E$4:$E$501<=B70))} -> 24 | E70: {=SUMPRODUCT((ME!$C$4:$C$501<>"")*(ME!$D$4:$D$501<>"")*(ME!$F$4:$F$501<>"")*(ME!$F$4:$F$501<=B70))} -> 24
B71: =B17 -> 46083 | C71: {=SUMPRODUCT((ME!$C$4:$C$501<>"")*(ME!$D$4:$D$501<>"")*((ME!$E$4:$E$501<=B71)+(ME!$E$4:$E$501>B71)))} -> 24 | D71: {=SUMPRODUCT((ME!$C$4:$C$501<>"")*(ME!$D$4:$D$501<>"")*(ME!$E$4:$E$501<=B71))} -> 24 | E71: {=SUMPRODUCT((ME!$C$4:$C$501<>"")*(ME!$D$4:$D$501<>"")*(ME!$F$4:$F$501<>"")*(ME!$F$4:$F$501<=B71))} -> 24
B72: =B18 -> 46090 | C72: {=SUMPRODUCT((ME!$C$4:$C$501<>"")*(ME!$D$4:$D$501<>"")*((ME!$E$4:$E$501<=B72)+(ME!$E$4:$E$501>B72)))} -> 24 | D72: {=SUMPRODUCT((ME!$C$4:$C$501<>"")*(ME!$D$4:$D$501<>"")*(ME!$E$4:$E$501<=B72))} -> 24 | E72: {=SUMPRODUCT((ME!$C$4:$C$501<>"")*(ME!$D$4:$D$501<>"")*(ME!$F$4:$F$501<>"")*(ME!$F$4:$F$501<=B72))} -> 24
B75: Fire Protection
B76: w/e | C76: Total Expected | D76: Planned Submission | E76: Actual Submitted | F76: Status
F77: Under Review | I77: A | J77: B | K77: C
F78: CTA | G78: AUR | H78: STT
B79: =B9 -> 46027 | C79: {=SUMPRODUCT((FI!$C$4:$C$501<>"")*(FI!$D$4:$D$501<>"")*((FI!$E$4:$E$501<=B79)+(FI!$E$4:$E$501>B79)))} -> 14 | D79: {=SUMPRODUCT((FI!$C$4:$C$501<>"")*(FI!$D$4:$D$501<>"")*(FI!$E$4:$E$501<=B79))} -> 14 | E79: {=SUMPRODUCT((FI!$C$4:$C$501<>"")*(FI!$D$4:$D$501<>"")*(FI!$F$4:$F$501<>"")*(FI!$F$4:$F$501<=B79))} -> 0 | F79: {=SUMPRODUCT((FI!$C$4:$C$501<>"")*(FI!$D$4:$D$501<>"")*(FI!$F$4:$F$501<=$B79)*(FI!$K$4:$K$501="Pending")*(FI!$J$4:$J$501="CTA"))} -> 0 | G79: {=SUMPRODUCT((FI!$C$4:$C$501<>"")*(FI!$D$4:$D$501<>"")*(FI!$F$4:$F$501<=$B79)*(FI!$K$4:$K$501="Pending")*(FI!$J$4:$J$501="AUR"))} -> 0 | H79: {=SUMPRODUCT((FI!$C$4:$C$501<>"")*(FI!$D$4:$D$501<>"")*(FI!$F$4:$F$501<=$B79)*(FI!$K$4:$K$501="Pending")*(FI!$J$4:$J$501="STT"))} -> 0 | I79: {=SUMPRODUCT((FI!$C$4:$C$501<>"")*(FI!$D$4:$D$501<>"")*(FI!$F$4:$F$501<=$B79)*(FI!$K$4:$K$501="A"))} -> 0 | J79: {=SUMPRODUCT((FI!$C$4:$C$501<>"")*(FI!$D$4:$D$501<>"")*(FI!$F$4:$F$501<=$B79)*(FI!$K$4:$K$501="B"))} -> 0 | K79: {=SUMPRODUCT((FI!$C$4:$C$501<>"")*(FI!$D$4:$D$501<>"")*(FI!$F$4:$F$501<=$B79)*(FI!$K$4:$K$501="C"))} -> 0
B80: =B10 -> 46034 | C80: {=SUMPRODUCT((FI!$C$4:$C$501<>"")*(FI!$D$4:$D$501<>"")*((FI!$E$4:$E$501<=B80)+(FI!$E$4:$E$501>B80)))} -> 14 | D80: {=SUMPRODUCT((FI!$C$4:$C$501<>"")*(FI!$D$4:$D$501<>"")*(FI!$E$4:$E$501<=B80))} -> 14 | E80: {=SUMPRODUCT((FI!$C$4:$C$501<>"")*(FI!$D$4:$D$501<>"")*(FI!$F$4:$F$501<>"")*(FI!$F$4:$F$501<=B80))} -> 0 | F80: {=SUMPRODUCT((FI!$C$4:$C$501<>"")*(FI!$D$4:$D$501<>"")*(FI!$F$4:$F$501<=$B80)*(FI!$K$4:$K$501="Pending")*(FI!$J$4:$J$501="CTA"))} -> 0 | G80: {=SUMPRODUCT((FI!$C$4:$C$501<>"")*(FI!$D$4:$D$501<>"")*(FI!$F$4:$F$501<=$B80)*(FI!$K$4:$K$501="Pending")*(FI!$J$4:$J$501="AUR"))} -> 0 | H80: {=SUMPRODUCT((FI!$C$4:$C$501<>"")*(FI!$D$4:$D$501<>"")*(FI!$F$4:$F$501<=$B80)*(FI!$K$4:$K$501="Pending")*(FI!$J$4:$J$501="STT"))} -> 0 | I80: {=SUMPRODUCT((FI!$C$4:$C$501<>"")*(FI!$D$4:$D$501<>"")*(FI!$F$4:$F$501<=$B80)*(FI!$K$4:$K$501="A"))} -> 0 | J80: {=SUMPRODUCT((FI!$C$4:$C$501<>"")*(FI!$D$4:$D$501<>"")*(FI!$F$4:$F$501<=$B80)*(FI!$K$4:$K$501="B"))} -> 0 | K80: {=SUMPRODUCT((FI!$C$4:$C$501<>"")*(FI!$D$4:$D$501<>"")*(FI!$F$4:$F$501<=$B80)*(FI!$K$4:$K$501="C"))} -> 0
B81: =B11 -> 46041 | C81: {=SUMPRODUCT((FI!$C$4:$C$501<>"")*(FI!$D$4:$D$501<>"")*((FI!$E$4:$E$501<=B81)+(FI!$E$4:$E$501>B81)))} -> 14 | D81: {=SUMPRODUCT((FI!$C$4:$C$501<>"")*(FI!$D$4:$D$501<>"")*(FI!$E$4:$E$501<=B81))} -> 14 | E81: {=SUMPRODUCT((FI!$C$4:$C$501<>"")*(FI!$D$4:$D$501<>"")*(FI!$F$4:$F$501<>"")*(FI!$F$4:$F$501<=B81))} -> 4 | F81: {=SUMPRODUCT((FI!$C$4:$C$501<>"")*(FI!$D$4:$D$501<>"")*(FI!$F$4:$F$501<=$B81)*(FI!$K$4:$K$501="Pending")*(FI!$J$4:$J$501="CTA"))} -> 0 | G81: {=SUMPRODUCT((FI!$C$4:$C$501<>"")*(FI!$D$4:$D$501<>"")*(FI!$F$4:$F$501<=$B81)*(FI!$K$4:$K$501="Pending")*(FI!$J$4:$J$501="AUR"))} -> 4 | H81: {=SUMPRODUCT((FI!$C$4:$C$501<>"")*(FI!$D$4:$D$501<>"")*(FI!$F$4:$F$501<=$B81)*(FI!$K$4:$K$501="Pending")*(FI!$J$4:$J$501="STT"))} -> 0 | I81: {=SUMPRODUCT((FI!$C$4:$C$501<>"")*(FI!$D$4:$D$501<>"")*(FI!$F$4:$F$501<=$B81)*(FI!$K$4:$K$501="A"))} -> 0 | J81: {=SUMPRODUCT((FI!$C$4:$C$501<>"")*(FI!$D$4:$D$501<>"")*(FI!$F$4:$F$501<=$B81)*(FI!$K$4:$K$501="B"))} -> 0 | K81: {=SUMPRODUCT((FI!$C$4:$C$501<>"")*(FI!$D$4:$D$501<>"")*(FI!$F$4:$F$501<=$B81)*(FI!$K$4:$K$501="C"))} -> 0
B82: =B12 -> 46048 | C82: {=SUMPRODUCT((FI!$C$4:$C$501<>"")*(FI!$D$4:$D$501<>"")*((FI!$E$4:$E$501<=B82)+(FI!$E$4:$E$501>B82)))} -> 14 | D82: {=SUMPRODUCT((FI!$C$4:$C$501<>"")*(FI!$D$4:$D$501<>"")*(FI!$E$4:$E$501<=B82))} -> 14 | E82: {=SUMPRODUCT((FI!$C$4:$C$501<>"")*(FI!$D$4:$D$501<>"")*(FI!$F$4:$F$501<>"")*(FI!$F$4:$F$501<=B82))} -> 13 | F82: {=SUMPRODUCT((FI!$C$4:$C$501<>"")*(FI!$D$4:$D$501<>"")*(FI!$F$4:$F$501<=$B82)*(FI!$K$4:$K$501="Pending")*(FI!$J$4:$J$501="CTA"))} -> 0 | G82: {=SUMPRODUCT((FI!$C$4:$C$501<>"")*(FI!$D$4:$D$501<>"")*(FI!$F$4:$F$501<=$B82)*(FI!$K$4:$K$501="Pending")*(FI!$J$4:$J$501="AUR"))} -> 13 | H82: {=SUMPRODUCT((FI!$C$4:$C$501<>"")*(FI!$D$4:$D$501<>"")*(FI!$F$4:$F$501<=$B82)*(FI!$K$4:$K$501="Pending")*(FI!$J$4:$J$501="STT"))} -> 0 | I82: {=SUMPRODUCT((FI!$C$4:$C$501<>"")*(FI!$D$4:$D$501<>"")*(FI!$F$4:$F$501<=$B82)*(FI!$K$4:$K$501="A"))} -> 0 | J82: {=SUMPRODUCT((FI!$C$4:$C$501<>"")*(FI!$D$4:$D$501<>"")*(FI!$F$4:$F$501<=$B82)*(FI!$K$4:$K$501="B"))} -> 0 | K82: {=SUMPRODUCT((FI!$C$4:$C$501<>"")*(FI!$D$4:$D$501<>"")*(FI!$F$4:$F$501<=$B82)*(FI!$K$4:$K$501="C"))} -> 0
B83: =B13 -> 46055 | C83: {=SUMPRODUCT((FI!$C$4:$C$501<>"")*(FI!$D$4:$D$501<>"")*((FI!$E$4:$E$501<=B83)+(FI!$E$4:$E$501>B83)))} -> 14 | D83: {=SUMPRODUCT((FI!$C$4:$C$501<>"")*(FI!$D$4:$D$501<>"")*(FI!$E$4:$E$501<=B83))} -> 14 | E83: {=SUMPRODUCT((FI!$C$4:$C$501<>"")*(FI!$D$4:$D$501<>"")*(FI!$F$4:$F$501<>"")*(FI!$F$4:$F$501<=B83))} -> 14 | F83: {=SUMPRODUCT((FI!$C$4:$C$501<>"")*(FI!$D$4:$D$501<>"")*(FI!$F$4:$F$501<=$B83)*(FI!$K$4:$K$501="Pending")*(FI!$J$4:$J$501="CTA"))} -> 0 | G83: {=SUMPRODUCT((FI!$C$4:$C$501<>"")*(FI!$D$4:$D$501<>"")*(FI!$F$4:$F$501<=$B83)*(FI!$K$4:$K$501="Pending")*(FI!$J$4:$J$501="AUR"))} -> 14 | H83: {=SUMPRODUCT((FI!$C$4:$C$501<>"")*(FI!$D$4:$D$501<>"")*(FI!$F$4:$F$501<=$B83)*(FI!$K$4:$K$501="Pending")*(FI!$J$4:$J$501="STT"))} -> 0 | I83: {=SUMPRODUCT((FI!$C$4:$C$501<>"")*(FI!$D$4:$D$501<>"")*(FI!$F$4:$F$501<=$B83)*(FI!$K$4:$K$501="A"))} -> 0 | J83: {=SUMPRODUCT((FI!$C$4:$C$501<>"")*(FI!$D$4:$D$501<>"")*(FI!$F$4:$F$501<=$B83)*(FI!$K$4:$K$501="B"))} -> 0 | K83: {=SUMPRODUCT((FI!$C$4:$C$501<>"")*(FI!$D$4:$D$501<>"")*(FI!$F$4:$F$501<=$B83)*(FI!$K$4:$K$501="C"))} -> 0
B84: =B14 -> 46062 | C84: {=SUMPRODUCT((FI!$C$4:$C$501<>"")*(FI!$D$4:$D$501<>"")*((FI!$E$4:$E$501<=B84)+(FI!$E$4:$E$501>B84)))} -> 14 | D84: {=SUMPRODUCT((FI!$C$4:$C$501<>"")*(FI!$D$4:$D$501<>"")*(FI!$E$4:$E$501<=B84))} -> 14 | E84: {=SUMPRODUCT((FI!$C$4:$C$501<>"")*(FI!$D$4:$D$501<>"")*(FI!$F$4:$F$501<>"")*(FI!$F$4:$F$501<=B84))} -> 14 | F84: {=SUMPRODUCT((FI!$C$4:$C$501<>"")*(FI!$D$4:$D$501<>"")*(FI!$F$4:$F$501<=$B84)*(FI!$K$4:$K$501="Pending")*(FI!$J$4:$J$501="CTA"))} -> 0 | G84: {=SUMPRODUCT((FI!$C$4:$C$501<>"")*(FI!$D$4:$D$501<>"")*(FI!$F$4:$F$501<=$B84)*(FI!$K$4:$K$501="Pending")*(FI!$J$4:$J$501="AUR"))} -> 14 | H84: {=SUMPRODUCT((FI!$C$4:$C$501<>"")*(FI!$D$4:$D$501<>"")*(FI!$F$4:$F$501<=$B84)*(FI!$K$4:$K$501="Pending")*(FI!$J$4:$J$501="STT"))} -> 0 | I84: {=SUMPRODUCT((FI!$C$4:$C$501<>"")*(FI!$D$4:$D$501<>"")*(FI!$F$4:$F$501<=$B84)*(FI!$K$4:$K$501="A"))} -> 0 | J84: {=SUMPRODUCT((FI!$C$4:$C$501<>"")*(FI!$D$4:$D$501<>"")*(FI!$F$4:$F$501<=$B84)*(FI!$K$4:$K$501="B"))} -> 0 | K84: {=SUMPRODUCT((FI!$C$4:$C$501<>"")*(FI!$D$4:$D$501<>"")*(FI!$F$4:$F$501<=$B84)*(FI!$K$4:$K$501="C"))} -> 0
B85: =B15 -> 46069 | C85: {=SUMPRODUCT((FI!$C$4:$C$501<>"")*(FI!$D$4:$D$501<>"")*((FI!$E$4:$E$501<=B85)+(FI!$E$4:$E$501>B85)))} -> 14 | D85: {=SUMPRODUCT((FI!$C$4:$C$501<>"")*(FI!$D$4:$D$501<>"")*(FI!$E$4:$E$501<=B85))} -> 14 | E85: {=SUMPRODUCT((FI!$C$4:$C$501<>"")*(FI!$D$4:$D$501<>"")*(FI!$F$4:$F$501<>"")*(FI!$F$4:$F$501<=B85))} -> 14
B86: =B16 -> 46076 | C86: {=SUMPRODUCT((FI!$C$4:$C$501<>"")*(FI!$D$4:$D$501<>"")*((FI!$E$4:$E$501<=B86)+(FI!$E$4:$E$501>B86)))} -> 14 | D86: {=SUMPRODUCT((FI!$C$4:$C$501<>"")*(FI!$D$4:$D$501<>"")*(FI!$E$4:$E$501<=B86))} -> 14 | E86: {=SUMPRODUCT((FI!$C$4:$C$501<>"")*(FI!$D$4:$D$501<>"")*(FI!$F$4:$F$501<>"")*(FI!$F$4:$F$501<=B86))} -> 14
B87: =B17 -> 46083 | C87: {=SUMPRODUCT((FI!$C$4:$C$501<>"")*(FI!$D$4:$D$501<>"")*((FI!$E$4:$E$501<=B87)+(FI!$E$4:$E$501>B87)))} -> 14 | D87: {=SUMPRODUCT((FI!$C$4:$C$501<>"")*(FI!$D$4:$D$501<>"")*(FI!$E$4:$E$501<=B87))} -> 14 | E87: {=SUMPRODUCT((FI!$C$4:$C$501<>"")*(FI!$D$4:$D$501<>"")*(FI!$F$4:$F$501<>"")*(FI!$F$4:$F$501<=B87))} -> 14
B88: =B18 -> 46090 | C88: {=SUMPRODUCT((FI!$C$4:$C$501<>"")*(FI!$D$4:$D$501<>"")*((FI!$E$4:$E$501<=B88)+(FI!$E$4:$E$501>B88)))} -> 14 | D88: {=SUMPRODUCT((FI!$C$4:$C$501<>"")*(FI!$D$4:$D$501<>"")*(FI!$E$4:$E$501<=B88))} -> 14 | E88: {=SUMPRODUCT((FI!$C$4:$C$501<>"")*(FI!$D$4:$D$501<>"")*(FI!$F$4:$F$501<>"")*(FI!$F$4:$F$501<=B88))} -> 14
B97: Hydraulics
B98: w/e | C98: Total Expected | D98: Planned Submission | E98: Actual Submitted | F98: Status
F99: Under Review | I99: A | J99: B | K99: C
F100: CTA | G100: AUR | H100: STT
B101: 45684 | C101: {=SUMPRODUCT((EL!$C$4:$C$477<>"")*(EL!$D$4:$D$477<>"")*((EL!$E$4:$E$477<=B101)+(EL!$E$4:$E$477>B101)))} -> 47 | D101: {=SUMPRODUCT((EL!$C$4:$C$477<>"")*(EL!$D$4:$D$477<>"")*(EL!$E$4:$E$477<=B101))} -> 47 | E101: {=SUMPRODUCT((EL!$C$4:$C$477<>"")*(EL!$D$4:$D$477<>"")*(EL!$F$4:$F$477<>"")*(EL!$F$4:$F$477<=B101))} -> 0 | F101: {=SUMPRODUCT((EL!$C$4:$C$477<>"")*(EL!$D$4:$D$477<>"")*(EL!$F$4:$F$477<=$B101)*(EL!$K$4:$K$477="Pending")*(EL!$J$4:$J$477="CTA"))} -> 0 | G101: {=SUMPRODUCT((EL!$C$4:$C$477<>"")*(EL!$D$4:$D$477<>"")*(EL!$F$4:$F$477<=$B101)*(EL!$K$4:$K$477="Pending")*(EL!$J$4:$J$477="AUR"))} -> 0 | H101: {=SUMPRODUCT((EL!$C$4:$C$477<>"")*(EL!$D$4:$D$477<>"")*(EL!$F$4:$F$477<=$B101)*(EL!$K$4:$K$477="Pending")*(EL!$J$4:$J$477="STT"))} -> 0 | I101: {=SUMPRODUCT((EL!$C$4:$C$477<>"")*(EL!$D$4:$D$477<>"")*(EL!$F$4:$F$477<=$B101)*(EL!$K$4:$K$477="A"))} -> 0 | J101: {=SUMPRODUCT((EL!$C$4:$C$477<>"")*(EL!$D$4:$D$477<>"")*(EL!$F$4:$F$477<=$B101)*(EL!$K$4:$K$477="B"))} -> 0 | K101: {=SUMPRODUCT((EL!$C$4:$C$477<>"")*(EL!$D$4:$D$477<>"")*(EL!$F$4:$F$477<=$B101)*(EL!$K$4:$K$477="C"))} -> 0
B102: 45691 | C102: {=SUMPRODUCT(([1]HY!$C$4:$C$501<>"")*([1]HY!$D$4:$D$501<>"")*(([1]HY!$E$4:$E$501<=B102)+([1]HY!$E$4:$E$501>B102)))} -> 4 | D102: {=SUMPRODUCT(([1]HY!$C$4:$C$501<>"")*([1]HY!$D$4:$D$501<>"")*([1]HY!$E$4:$E$501<=B102))} -> 4 | E102: {=SUMPRODUCT(([1]HY!$C$4:$C$501<>"")*([1]HY!$D$4:$D$501<>"")*([1]HY!$F$4:$F$501<>"")*([1]HY!$F$4:$F$501<=B102))} -> 3 | F102: {=SUMPRODUCT(([1]HY!$C$4:$C$501<>"")*([1]HY!$D$4:$D$501<>"")*([1]HY!$F$4:$F$501<=B102)*([1]HY!$J$4:$J$501="Pending")*([1]HY!$I$4:$I$501="CTA"))} -> 1 | G102: {=SUMPRODUCT(([1]HY!$C$4:$C$501<>"")*([1]HY!$D$4:$D$501<>"")*([1]HY!$F$4:$F$501<=B102)*([1]HY!$J$4:$J$501="Pending")*([1]HY!$I$4:$I$501="AUR"))} -> 0 | H102: {=SUMPRODUCT(([1]HY!$C$4:$C$501<>"")*([1]HY!$D$4:$D$501<>"")*([1]HY!$F$4:$F$501<=B102)*([1]HY!$J$4:$J$501="Pending")*([1]HY!$I$4:$I$501="STT"))} -> 0 | I102: {=SUMPRODUCT(([1]HY!$C$4:$C$501<>"")*([1]HY!$D$4:$D$501<>"")*([1]HY!$F$4:$F$501<=B102)*([1]HY!$J$4:$J$501="A"))} -> 0 | J102: {=SUMPRODUCT(([1]HY!$C$4:$C$501<>"")*([1]HY!$D$4:$D$501<>"")*([1]HY!$F$4:$F$501<=B102)*([1]HY!$J$4:$J$501="B"))} -> 2 | K102: {=SUMPRODUCT(([1]HY!$C$4:$C$501<>"")*([1]HY!$D$4:$D$501<>"")*([1]HY!$F$4:$F$501<=B102)*([1]HY!$J$4:$J$501="C"))} -> 0
B103: 45696 | C103: {=SUMPRODUCT(([1]HY!$C$4:$C$501<>"")*([1]HY!$D$4:$D$501<>"")*(([1]HY!$E$4:$E$501<=B103)+([1]HY!$E$4:$E$501>B103)))} -> 4
B104: 45705 | C104: {=SUMPRODUCT(([1]HY!$C$4:$C$501<>"")*([1]HY!$D$4:$D$501<>"")*(([1]HY!$E$4:$E$501<=B104)+([1]HY!$E$4:$E$501>B104)))} -> 4
B105: 45712 | C105: {=SUMPRODUCT(([1]HY!$C$4:$C$501<>"")*([1]HY!$D$4:$D$501<>"")*(([1]HY!$E$4:$E$501<=B105)+([1]HY!$E$4:$E$501>B105)))} -> 4
B106: 45719
B107: 45724
B108: 45739
B119: General
B120: w/e | C120: Total Expected | D120: Planned Submission | E120: Actual Submitted | F120: Status
F121: Under Review | I121: A | J121: B | K121: C
F122: CTA | G122: AUR | H122: STT
B123: 45684 | C123: {=SUMPRODUCT(([1]GEN!$C$4:$C$501<>"")*([1]GEN!$D$4:$D$501<>"")*(([1]GEN!$E$4:$E$501<=B124)+([1]GEN!$E$4:$E$501>B124)))} -> 1 | D123: {=SUMPRODUCT(([1]GEN!$C$4:$C$501<>"")*([1]GEN!$D$4:$D$501<>"")*([1]GEN!$E$4:$E$501<=B123))} -> 1 | E123: {=SUMPRODUCT(([1]GEN!$C$4:$C$501<>"")*([1]GEN!$D$4:$D$501<>"")*([1]GEN!$F$4:$F$501<>"")*([1]GEN!$F$4:$F$501<=B123))} -> 1 | F123: {=SUMPRODUCT(([1]GEN!$C$4:$C$501<>"")*([1]GEN!$D$4:$D$501<>"")*([1]GEN!$F$4:$F$501<=B123)*([1]GEN!$J$4:$J$501="Pending")*([1]GEN!$I$4:$I$501="CTA"))} -> 0 | G123: {=SUMPRODUCT(([1]GEN!$C$4:$C$501<>"")*([1]GEN!$D$4:$D$501<>"")*([1]GEN!$F$4:$F$501<=B123)*([1]GEN!$J$4:$J$501="Pending")*([1]GEN!$I$4:$I$501="AUR"))} -> 0 | H123: {=SUMPRODUCT(([1]GEN!$C$4:$C$501<>"")*([1]GEN!$D$4:$D$501<>"")*([1]GEN!$F$4:$F$501<=B123)*([1]GEN!$J$4:$J$501="Pending")*([1]GEN!$I$4:$I$501="STT"))} -> 0 | I123: {=SUMPRODUCT(([1]GEN!$C$4:$C$501<>"")*([1]GEN!$D$4:$D$501<>"")*([1]GEN!$F$4:$F$501<=B123)*([1]GEN!$J$4:$J$501="A"))} -> 0 | J123: {=SUMPRODUCT(([1]GEN!$C$4:$C$501<>"")*([1]GEN!$D$4:$D$501<>"")*([1]GEN!$F$4:$F$501<=B123)*([1]GEN!$J$4:$J$501="B"))} -> 0 | K123: {=SUMPRODUCT(([1]GEN!$C$4:$C$501<>"")*([1]GEN!$D$4:$D$501<>"")*([1]GEN!$F$4:$F$501<=B123)*([1]GEN!$J$4:$J$501="C"))} -> 0
B124: 45691 | C124: {=SUMPRODUCT(([1]GEN!$C$4:$C$501<>"")*([1]GEN!$D$4:$D$501<>"")*(([1]GEN!$E$4:$E$501<=B125)+([1]GEN!$E$4:$E$501>B125)))} -> 1 | D124: {=SUMPRODUCT(([1]GEN!$C$4:$C$501<>"")*([1]GEN!$D$4:$D$501<>"")*([1]GEN!$E$4:$E$501<=B124))} -> 1 | E124: {=SUMPRODUCT(([1]GEN!$C$4:$C$501<>"")*([1]GEN!$D$4:$D$501<>"")*([1]GEN!$F$4:$F$501<>"")*([1]GEN!$F$4:$F$501<=B124))} -> 1 | F124: {=SUMPRODUCT(([1]GEN!$C$4:$C$501<>"")*([1]GEN!$D$4:$D$501<>"")*([1]GEN!$F$4:$F$501<=B124)*([1]GEN!$J$4:$J$501="Pending")*([1]GEN!$I$4:$I$501="CTA"))} -> 0 | G124: {=SUMPRODUCT(([1]GEN!$C$4:$C$501<>"")*([1]GEN!$D$4:$D$501<>"")*([1]GEN!$F$4:$F$501<=B124)*([1]GEN!$J$4:$J$501="Pending")*([1]GEN!$I$4:$I$501="AUR"))} -> 0 | H124: {=SUMPRODUCT(([1]GEN!$C$4:$C$501<>"")*([1]GEN!$D$4:$D$501<>"")*([1]GEN!$F$4:$F$501<=B124)*([1]GEN!$J$4:$J$501="Pending")*([1]GEN!$I$4:$I$501="STT"))} -> 0 | I124: {=SUMPRODUCT(([1]GEN!$C$4:$C$501<>"")*([1]GEN!$D$4:$D$501<>"")*([1]GEN!$F$4:$F$501<=B124)*([1]GEN!$J$4:$J$501="A"))} -> 0 | J124: {=SUMPRODUCT(([1]GEN!$C$4:$C$501<>"")*([1]GEN!$D$4:$D$501<>"")*([1]GEN!$F$4:$F$501<=B124)*([1]GEN!$J$4:$J$501="B"))} -> 0 | K124: {=SUMPRODUCT(([1]GEN!$C$4:$C$501<>"")*([1]GEN!$D$4:$D$501<>"")*([1]GEN!$F$4:$F$501<=B124)*([1]GEN!$J$4:$J$501="C"))} -> 0
B125: 45696 | C125: {=SUMPRODUCT(([1]GEN!$C$4:$C$501<>"")*([1]GEN!$D$4:$D$501<>"")*(([1]GEN!$E$4:$E$501<=B126)+([1]GEN!$E$4:$E$501>B126)))} -> 1
B126: 45705 | C126: {=SUMPRODUCT(([1]GEN!$C$4:$C$501<>"")*([1]GEN!$D$4:$D$501<>"")*(([1]GEN!$E$4:$E$501<=B127)+([1]GEN!$E$4:$E$501>B127)))} -> 1
B127: 45712 | C127: {=SUMPRODUCT(([1]GEN!$C$4:$C$501<>"")*([1]GEN!$D$4:$D$501<>"")*(([1]GEN!$E$4:$E$501<=B128)+([1]GEN!$E$4:$E$501>B128)))} -> 1
B128: 45739

Sheet ST
A1: Status: (A) Approved with No Comments, (B) Approved with Comments, (C) Revise & Resubmit | L1: Action by | M1: GAA | N1: CTA | O1: AUR
A2: S/N | B2: Trade | C2: Doc Ref No. | D2: Document Description | E2: Planned Date | F2: Submission Date | G2: Consultant Respond Date | H2: Rev | I2: Action | J2: Status | K2: Approval Date | L2: Remarks | M2: Rev 0 | R2: Rev 1 | W2: Rev 2
M3: Submitted | N3: CTA | O3: AUR | P3: STT | Q3: Status | R3: Submitted | S3: CTA | T3: AUR | U3: STT | V3: Status | W3: Submitted | X3: CTA | Y3: AUR | Z3: STT | AA3: Status
A4: 1 | B4: Civil & Structure | C4: 523213-01-RFI-ST-0001 | D4: Request for Additional Steel Manufacturers Approval due to Material Stock Unavailability | F4: 46063 | G4: =F4+7 -> 46070 | H4: 0 | I4: STT | J4: Pending | M4: 46063 | N4: 46064 | O4: 46064
A5: 2 | B5: Civil & Structure | C5: 523213-01-RFI-ST-0002
I75: DO NOT DELETE
I76: GAA
I77: CTA
I78: AUR
I79: STT
I80: Closed
D89: x

Sheet AR
A1: Status: (A) Approved with No Comments, (B) Approved with Comments, (C) Revise & Resubmit | L1: Action by | M1: GAA | N1: CTA | O1: AUR
A2: S/N | B2: Trade | C2: Doc Ref No. | D2: Document Description | E2: Planned Date | F2: Submission Date | G2: Consultant Respond Date | H2: Rev | I2: Action | J2: Status | K2: Approval Date | L2: Remarks | M2: Rev 0 | R2: Rev 1 | W2: Rev 2
M3: Submitted | N3: CTA | O3: AUR | P3: STT | Q3: Status | R3: Submitted | S3: CTA | T3: AUR | U3: STT | V3: Status | W3: Submitted | X3: CTA | Y3: AUR | Z3: STT | AA3: Status
A4: 1 | B4: Architectural | C4: 523213-01-RFI-AR-0001 | D4: Clarification on Mortar Specification | F4: 46034 | G4: =F4+7 -> 46041 | H4: 0 | I4: CTA | J4: Pending | M4: 46034
A5: =A4+1 -> 2 | B5: Architectural | C5: 523213-01-RFI-AR-0002
A6: =A5+1 -> 3 | B6: Architectural | C6: 523213-01-RFI-AR-0003 | D6: Partition wall or Block Wall HV3 and HV 4 Shaft 2nd Floor | F6: 46042 | G6: =F6+7 -> 46049 | H6: 0 | I6: Closed | J6: B | K6: 46057 | M6: =F6 -> 46042 | N6: 46043 | O6: 46051 | P6: 46057 | Q6: B
A7: =A6+1 -> 4 | B7: Architectural | C7: 523213-01-RFI-AR-0004 | D7: Confirmation for Store Room or EE Riser | F7: 46042 | G7: =F7+7 -> 46049 | H7: 0 | I7: Closed | J7: B | K7: 46058 | M7: =F7 -> 46042 | N7: 46043 | O7: 46052 | P7: 46058
A8: =A7+1 -> 5 | B8: Architectural | C8: 523213-01-RFI-AR-0005 | D8: Partition wall or Block wall Chiller 2nd 3rd 4th and 5th FL | F8: 46042 | G8: =F8+7 -> 46049 | H8: 0 | I8: Closed | J8: B | K8: 46057 | M8: =F8 -> 46042 | N8: 46043 | O8: 46051 | P8: 46057 | Q8: B
A9: =A8+1 -> 6 | B9: Architectural | C9: 523213-01-RFI-AR-0006 | D9: Confirmation for Whether the Door Handle is to be Installed on the Right-Hand Side or Left-Hand Side. 2nd Floor | F9: 46042 | G9: =F9+7 -> 46049 | H9: 0 | I9: STT | J9: Pending | M9: =F9 -> 46042 | N9: 46052 | O9: 46058
A10: =A9+1 -> 7 | B10: Architectural | C10: 523213-01-RFI-AR-0007
A11: =A10+1 -> 8 | B11: Architectural | C11: 523213-01-RFI-AR-0008
A12: =A11+1 -> 9 | B12: Architectural | C12: 523213-01-RFI-AR-0009 | D12: Indicate Wall Structure and Wall Finishes Type for Store and ELV. B Room | F12: 46042 | G12: =F12+7 -> 46049 | H12: 0 | I12: Closed | J12: B | K12: 46057 | M12: =F12 -> 46042 | N12: 46043 | O12: 46051 | P12: 46057 | Q12: B
A13: =A12+1 -> 10 | B13: Architectural | C13: 523213-01-RFI-AR-0010 | D13: Indicate Wall Structure and Wall Finishes Type for Batt S2, S3 and EE Room 6th Floor | F13: 46042 | G13: =F13+7 -> 46049 | H13: 0 | I13: Closed | J13: B | K13: 46057 | M13: =F13 -> 46042 | N13: 46043 | O13: 46051 | P13: 46057 | Q13: B
A14: =A13+1 -> 11 | B14: Architectural | C14: 523213-01-RFI-AR-0011 | D14: Indicate Wall Structure and Wall Finishes Type for D22 6th Floor | F14: 46042 | G14: =F14+7 -> 46049 | H14: 0 | I14: Closed | J14: B | K14: 46057 | M14: =F14 -> 46042 | N14: 46043 | O14: 46051 | P14: 46057 | Q14: B
A15: =A14+1 -> 12 | B15: Architectural | C15: 523213-01-RFI-AR-0012 | D15: Clarification on Raised Floor for DB Load Bank Room | F15: 46042 | G15: =F15+7 -> 46049 | H15: 0 | I15: Closed | J15: B | K15: 46057 | M15: =F15 -> 46042 | N15: 46043 | O15: 46051 | P15: 46057 | Q15: B
A16: =A15+1 -> 13 | B16: Architectural | C16: 523213-01-RFI-AR-0013 | D16: Floor Tiles Size, Start Point, Layout and Orientation for Security Room and Reception Hall 1st FL | F16: 46042 | G16: =F16+7 -> 46049 | H16: 0 | I16: Closed | J16: B | K16: 46059 | M16: =F16 -> 46042 | N16: 46052 | O16: 46057 | P16: 46059 | Q16: B
A17: =A16+1 -> 14 | B17: Architectural | C17: 523213-01-RFI-AR-0014 | D17: C11 Ceiling type Specification | F17: 46042 | G17: =F17+7 -> 46049 | H17: 0 | I17: Closed | J17: B | K17: 46057 | M17: =F17 -> 46042 | N17: 46043 | O17: 46051 | P17: 46057 | Q17: B
A18: =A17+1 -> 15 | B18: Architectural | C18: 523213-01-RFI-AR-0015 | D18: Confirm Ceiling Type 6th FL (C4 or C10) | F18: 46037 | G18: =F18+7 -> 46044 | H18: 0 | I18: Closed | J18: B | K18: 46057 | M18: 46037 | N18: 46043 | O18: 46051 | P18: 46057 | Q18: B
A19: =A18+1 -> 16 | B19: Architectural | C19: 523213-01-RFI-AR-0016 | D19: Generator Set and PAU Rooms Waterproofing Scope | F19: 46042 | G19: =F19+7 -> 46049 | H19: 0 | I19: STT | J19: Pending | M19: =F19 -> 46042 | N19: 46058 | O19: 46059
A20: =A19+1 -> 17 | B20: Architectural | C20: 523213-01-RFI-AR-0017 | D20: Busway Riser or EE Riser 2nd Floor | F20: 46037 | G20: =F20+7 -> 46044 | H20: 0 | I20: STT | J20: Pending | M20: 46037 | N20: 46052 | O20: 46058
A21: =A20+1 -> 18 | B21: Architectural | C21: 523213-01-RFI-AR-0018 | D21: Regarding the alignment of the wall between IFC and TTI model is not the same. Gaa would like to confirm which model we should use? | F21: 46035 | G21: 46042 | H21: 0 | I21: Closed | J21: B | K21: 46058 | M21: 46035 | N21: 46043 | O21: 46052 | P21: 46058
A22: =A21+1 -> 19 | B22: Architectural | C22: 523213-01-RFI-AR-0019 | D22: Clarification on Door Frame Depth Considering Different Wall Thicknesses | F22: 46036 | G22: =F22+7 -> 46043 | H22: 0 | I22: Closed | J22: B | K22: 46058 | M22: 46036 | N22: 46043 | O22: 46052 | P22: 46058
A23: =A22+1 -> 20 | B23: Architectural | C23: 523213-01-RFI-AR-0020 | D23: Clarification of Return Air Grills 2nd, 3rd, 4th and 5th Floor | F23: 46037 | G23: =F23+7 -> 46044 | H23: 0 | I23: Closed | J23: B | K23: 46058 | M23: 46037 | N23: 46043 | O23: 46052 | P23: 46058
A24: =A23+1 -> 21 | B24: Architectural | C24: 523213-01-RFI-AR-0021
A25: =A24+1 -> 22 | B25: Architectural | C25: 523213-01-RFI-AR-0022 | D25: Floor Flatness FM2 and Screed Reinforcement details for Data Hall and Related Area | F25: 46039 | G25: 46046 | H25: 0 | I25: Closed | J25: B | K25: 46055 | M25: =F25 -> 46039 | N25: 46044 | O25: 46048
A26: =A25+1 -> 23 | B26: Architectural | C26: 523213-01-RFI-AR-0023 | D26: Finishing Schedule | F26: 46038 | G26: =F26+7 -> 46045 | H26: 0 | I26: Closed | J26: B | K26: 46058 | M26: =F26 -> 46038 | N26: 46043 | O26: 46052 | P26: 46058
A27: =A26+1 -> 24 | B27: Architectural | C27: 523213-01-RFI-AR-0024 | D27: Confirmation on the Wire Mesh Screen Details at the Fan wall Corridors | F27: 46041 | G27: =F27+7 -> 46048 | H27: 0 | I27: Closed | J27: B | K27: 46058 | M27: =F27 -> 46041 | N27: 46043 | O27: 46052 | P27: 46058
A28: =A27+1 -> 25 | B28: Architectural | C28: 523213-01-RFI-AR-0025 | D28: Confirm for the Final Height of HMI Display from Fan wall unit (FWU) with Respects to Human Ratio | F28: 46041 | G28: =F28+7 -> 46048 | H28: 0 | I28: Closed | J28: B | K28: 46058 | M28: =F28 -> 46041 | N28: 46043 | O28: 46052 | P28: 46058
A29: =A28+1 -> 26 | B29: Architectural | C29: 523213-01-RFI-AR-0026 | D29: Reduce the Thickness of Glass block in the Curve Wall from 12.7 mm. to 10.0 mm. | F29: 46041 | G29: =F29+7 -> 46048 | H29: 0 | I29: Closed | J29: B | K29: 46058 | M29: =F29 -> 46041 | N29: 46043 | O29: 46052 | P29: 46058
A30: =A29+1 -> 27 | B30: Architectural | C30: 523213-01-RFI-AR-0027 | D30: Confirm Colour Code and Type - Semi-Gloss or Matt Type | F30: 46041 | G30: =F30+7 -> 46048 | H30: 0 | I30: Closed | J30: A | K30: 46059 | M30: =F30 -> 46041 | N30: 46049 | O30: 46055 | P30: 46059 | Q30: A
A31: =A30+1 -> 28 | B31: Architectural | C31: 523213-01-RFI-AR-0028 | D31: Proposal for Waterproofing Termination Level at RC Curb for F3, F3C and F6 | F31: 46042 | G31: =F31+7 -> 46049 | H31: 0 | I31: STT | J31: Pending | M31: =F31 -> 46042 | N31: 46044 | O31: 46055
A32: =A31+1 -> 29 | B32: Architectural | C32: 523213-01-RFI-AR-0029 | D32: Confirm Colour for Partition Wall Toilet Room 1st to 5th Floor | F32: 46042 | G32: =F32+7 -> 46049 | H32: 0 | I32: Closed | J32: B | K32: 46059 | M32: =F32 -> 46042 | N32: 46052 | O32: 46057 | P32: 46059 | Q32: B
A33: =A32+1 -> 30 | B33: Architectural | C33: 523213-01-RFI-AR-0030 | D33: Clarify Ceiling Soffit Color for Ceiling Painting | F33: 46042 | G33: =F33+7 -> 46049 | H33: 0 | I33: Closed | J33: B | K33: 46059 | M33: =F33 -> 46042 | N33: 46052 | O33: 46057 | P33: 46059 | Q33: B
A34: =A33+1 -> 31 | B34: Architectural | C34: 523213-01-RFI-AR-0031 | D34: Request Product to Replace SIKA Bituseal-1500SA (Due to Discontinue to Produce) | F34: 46043 | G34: =F34+7 -> 46050 | H34: 0 | I34: STT | J34: Pending | M34: =F34 -> 46043 | N34: 46058 | O34: 46059
A35: =A34+1 -> 32 | B35: Architectural | C35: 523213-01-RFI-AR-0032 | D35: Confirm the Correct Floor Finishes for ID Works 1st-ID Works and 2nd to 5th Toilet | F35: 46043 | G35: =F35+7 -> 46050 | H35: 0 | I35: Closed | J35: B | K35: 46059 | M35: =F35 -> 46043 | N35: 46052 | O35: 46057 | P35: 46059 | Q35: B
A36: =A35+1 -> 33 | B36: Architectural | C36: 523213-01-RFI-AR-0033 | D36: Confirm the Correct Ceiling Finishes for ID Works 1st to 5th Floor | F36: 46043 | G36: =F36+7 -> 46050 | H36: 0 | I36: Closed | J36: B | K36: 46059 | M36: =F36 -> 46043 | N36: 46052 | O36: 46057 | P36: 46059 | Q36: B
A37: =A36+1 -> 34 | B37: Architectural | C37: 523213-01-RFI-AR-0034 | D37: Clarify the C2 T-Bar Ceiling and Specify the Colour | F37: 46043 | G37: =F37+7 -> 46050 | H37: 0 | I37: Closed | J37: B | K37: 46059 | M37: =F37 -> 46043 | N37: 46052 | O37: 46057 | P37: 46059 | Q37: B
A38: =A37+1 -> 35 | B38: Architectural | C38: 523213-01-RFI-AR-0035 | D38: Confirming the Tile Type from the catalog SE206 is a Carpet Tile | F38: 46043 | G38: =F38+7 -> 46050 | H38: 0 | I38: STT | J38: Pending | M38: =F38 -> 46043 | N38: 46052 | O38: 46057
A39: =A38+1 -> 36 | B39: Architectural | C39: 523213-01-RFI-AR-0036 | D39: Request for Tile Grout Specification and Colour Schemes for BKK2 | F39: 46045 | G39: =F39+7 -> 46052 | H39: 0 | I39: STT | J39: Pending | M39: =F39 -> 46045 | N39: 46052 | O39: 46057
A40: =A37+1 -> 35 | B40: Architectural | C40: 523213-01-RFI-AR-0037 | D40: Confirm to Change Weberdry S3000S to Proofex GPE due to Discontinued Product | F40: 46045 | G40: =F40+7 -> 46052 | H40: 0 | I40: Closed | J40: B | K40: 46059 | M40: =F40 -> 46045 | N40: 46052 | O40: 46057 | P40: 46059 | Q40: B
A41: =A40+1 -> 36 | B41: Architectural | C41: 523213-01-RFI-AR-0038 | D41: Change of Ceiling Panel Specification from Gypsum Board to Metal Pan Ceiling Board | F41: 46064 | G41: =F41+7 -> 46071 | H41: 1 | I41: CTA | J41: Pending | M41: 46056 | N41: 46058 | O41: 46059 | R41: 46064
A42: =A41+1 -> 37 | B42: Architectural | C42: 523213-01-RFI-AR-0039 | D42: Change Laminated Color due to Discontinued Product | F42: 46056 | G42: =F42+7 -> 46063 | H42: 0 | I42: STT | J42: Pending | M42: =F42 -> 46056 | N42: 46058 | O42: 46059
A43: =A40+1 -> 36 | B43: Architectural | C43: 523213-01-RFI-AR-0040 | D43: Confirm to Install Ceiling Side Guard 2nd to 5th FL | F43: 46057 | G43: =F43+7 -> 46064 | H43: 0 | I43: STT | J43: Pending | M43: 46057 | N43: 46060 | O43: 46062
A44: =A43+1 -> 37 | B44: Architectural | C44: 523213-01-RFI-AR-0041 | D44: Confirm External Paint Color and Technical Specification for Generators Room | F44: 46059 | G44: =F44+7 -> 46066 | H44: 0 | I44: STT | J44: Pending | M44: 46059 | N44: 46062 | O44: 46063
A45: =A44+1 -> 38 | B45: Architectural | C45: 523213-01-RFI-AR-0042 | D45: Clarify Ceiling Types for Level 5 Battery Room B1,B2,C1,C2,D1 & D2 Areas. | F45: 46059 | G45: =F45+7 -> 46066 | H45: 0 | I45: STT | J45: Pending | M45: 46059 | N45: 46062 | O45: 46063
A46: =A43+1 -> 37 | B46: Architectural | C46: 523213-01-RFI-AR-0043
I61: DO NOT DELETE
I62: GAA
I63: CTA
I64: AUR
I65: STT
I66: Closed

Sheet EL
A1: Status: (A) Approved with No Comments, (B) Approved with Comments, (C) Revise & Resubmit | M1: Action by | N1: GAA | O1: CTA | P1: AUR
A2: S/N | B2: Trade | C2: Doc Ref No. | D2: Document Description | E2: Planned Date | F2: Submission Date | G2: Consultant Respond Date | H2: Rev | I2: Procurement | J2: Action | K2: Status | L2: Approval Date | M2: Remarks | N2: Rev 0 | S2: Rev 1 | X2: Rev 2
N3: Submitted | O3: CTA | P3: AUR | Q3: STT | R3: Status | S3: Submitted | T3: CTA | U3: AUR | V3: STT | W3: Status | X3: Submitted | Y3: CTA | Z3: AUR | AA3: STT | AB3: Status
A4: 1 | B4: Electrical | C4: 523213-01-RFI-EL-0001 | D4: Aux Supply Non-IT UPS for LVSB,OUSB,MSSB and ATS | F4: 46037 | G4: =F4+7 -> 46044 | H4: 0 | J4: STT | K4: Pending | N4: =F4 -> 46037 | O4: 46055 | P4: 46063
A5: =A4+1 -> 2 | B5: Electrical | C5: 523213-01-RFI-EL-0002 | D5: Pre-Action System for Comm Riser | F5: 46037 | G5: =F5+7 -> 46044 | H5: 0 | J5: STT | K5: Pending | N5: =F5 -> 46037 | O5: 46055 | P5: 46062
A6: =A5+1 -> 3 | B6: Electrical | C6: 523213-01-RFI-EL-0003 | D6: Use Local Switch or Remote Switch 2nd to 6th FL R0 | F6: 46037 | G6: =F6+7 -> 46044 | H6: 0 | J6: AUR | K6: Pending | N6: =F6 -> 46037 | O6: 46055
A7: =A6+1 -> 4 | B7: Electrical | C7: 523213-01-RFI-EL-0004 | D7: Shut down Exhaust Fan | F7: 46042 | G7: =F7+7 -> 46049 | H7: 0 | J7: STT | K7: Pending | N7: =F7 -> 46042 | O7: 46044 | P7: 46049
A8: =A7+1 -> 5 | B8: Electrical | C8: 523213-01-RFI-EL-0005 | D8: Detector of Toilet for Fire Alarm System (Heat or Smoke?) for all Floor | F8: 46037 | G8: =F8+7 -> 46044 | H8: 0 | J8: STT | K8: Pending | N8: =F8 -> 46037 | O8: 46055 | P8: 46056
A9: 6 | B9: Electrical | C9: 523213-01-RFI-EL-0006 | D9: Detector of Toilet for Fire Alarm System & Fire Alarm System | F9: 46037 | G9: =F9+7 -> 46044 | H9: 0 | J9: AUR | K9: Pending | N9: =F9 -> 46037 | O9: 46055
A10: 7 | B10: Electrical | C10: 523213-01-RFI-EL-0007 | D10: Fire Alarm System Interface with Mechanical Equipment | F10: 46042 | G10: =F10+7 -> 46049 | H10: 0 | J10: STT | K10: Pending | N10: =F10 -> 46042 | O10: 46044 | P10: 46049
A11: 8 | B11: Electrical | C11: 523213-01-RFI-EL-0008 | D11: Confirm the amount of Monitor and Control Module - Fire Alarm System | F11: 46042 | G11: =F11+7 -> 46049 | H11: 0 | J11: STT | K11: Pending | N11: =F11 -> 46042 | O11: 46055 | P11: 46062
A12: 9 | B12: Electrical | C12: 523213-01-RFI-EL-0009 | D12: Quantity of Smoke Detector is not equal in Fan Wall A and B on 5th FL, Speaker 4th FL and Speaker L2 2nd FL | F12: 46037 | G12: =F12+7 -> 46044 | H12: 0 | J12: STT | K12: Pending | N12: =F12 -> 46037 | O12: 46055 | P12: 46056
A13: 10 | B13: Electrical | C13: 523213-01-RFI-EL-0010
A14: 11 | B14: Electrical | C14: 523213-01-RFI-EL-0011 | D14: Add & Remove Cable Ladder from HVSB to HV Riser | F14: 46037 | G14: =F14+7 -> 46044 | H14: 0 | J14: STT | K14: Pending | N14: =F14 -> 46037 | O14: 46055 | P14: 46062
A15: 12 | B15: Electrical | C15: 523213-01-RFI-EL-0012 | D15: Incoming HV Cable Route Problem | F15: 46037 | G15: =F15+7 -> 46044 | H15: 0 | J15: STT | K15: Pending | N15: =F15 -> 46037 | O15: 46044 | P15: 46050
A16: 13 | B16: Electrical | C16: 523213-01-RFI-EL-0013 | D16: Need PIR for Security Room 2, Janitor, Storage and Work Shop - Lighting Control System | F16: 46037 | G16: =F16+7 -> 46044 | H16: 0 | J16: AUR | K16: Pending | N16: =F16 -> 46037 | O16: 46055
A17: 14 | B17: Electrical | C17: 523213-01-RFI-EL-0014 | D17: Confirm for Additional Power Supply for GDP | F17: 46037 | G17: =F17+7 -> 46044 | H17: 0 | J17: AUR | K17: Pending | N17: =F17 -> 46037 | O17: 46055
A18: 15 | B18: Electrical | C18: 523213-01-RFI-EL-0015 | D18: Clarification on Fire Alarm Module Type for Sysem Interface | F18: 46037 | G18: =F18+7 -> 46044 | H18: 0 | J18: STT | K18: Pending | N18: =F18 -> 46037 | O18: 46055 | P18: 46062
A19: 16 | B19: Electrical | C19: 523213-01-RFI-EL-0016 | D19: Aux supply Non-IT DB for HVSB,TX and LB | F19: 46037 | G19: =F19+7 -> 46044 | H19: 0 | J19: AUR | K19: Pending | N19: =F19 -> 46037 | O19: 46055
A20: 17 | B20: Electrical | C20: 523213-01-RFI-EL-0017 | D20: Confirm to Add Power Supply for ASD - Staging Room 1st Floor | F20: 46042 | G20: =F20+7 -> 46049 | H20: 0 | J20: STT | K20: Pending | N20: =F20 -> 46042 | O20: 46055 | P20: 46062
A21: 18 | B21: Electrical | C21: 523213-01-RFI-EL-0018 | D21: Confirm the Correct ASD Pipe Installation Location in Data Hall Area | F21: 46036 | G21: =F21+7 -> 46043 | H21: 0 | J21: STT | K21: Pending | N21: 46036 | O21: 46055 | P21: 46056
A22: 19 | B22: Electrical | C22: 523213-01-RFI-EL-0019 | D22: Detail Location for Install CCTV at Outside Building | F22: 46036 | G22: =F22+7 -> 46043 | H22: 0 | J22: STT | K22: Pending | N22: 46036 | O22: 46055 | P22: 46062
A23: 20 | B23: Electrical | C23: 523213-01-RFI-EL-0020 | D23: Quantity and Installation Locations of PIR Sensors for the Stairs | F23: 46042 | G23: =F23+7 -> 46049 | H23: 0 | J23: AUR | K23: Pending | N23: =F23 -> 46042 | O23: 46055
A24: 21 | B24: Electrical | C24: 523213-01-RFI-EL-0021 | D24: Confirm for Power Supply for LV System | F24: 46042 | G24: =F24+7 -> 46049 | H24: 0 | J24: AUR | K24: Pending | N24: =F24 -> 46042 | O24: 46055
A25: 22 | B25: Electrical | C25: 523213-01-RFI-EL-0022 | D25: Confirm Fire Alarm and ASD Interface | F25: 46042 | G25: 46049 | H25: 0 | J25: STT | K25: Pending | N25: =F25 -> 46042 | O25: 46044 | P25: 46049
A26: 23 | B26: Electrical | C26: 523213-01-RFI-EL-0023 | D26: Fire Alarm Signals Interface to BMS System | F26: 46044 | G26: =F26+7 -> 46051 | H26: 0 | J26: STT | K26: Pending | N26: =F26 -> 46044 | O26: 46055 | P26: 46062
A27: 24 | B27: Electrical | C27: 523213-01-RFI-EL-0024 | D27: Module (Control Module) for Fire Telephone of Staircases 1st FL | F27: 46042 | G27: =F27+7 -> 46049 | H27: 0 | J27: STT | K27: Pending | N27: =F27 -> 46042 | O27: 46044 | P27: 46049
A28: 25 | B28: Electrical | C28: 523213-01-RFI-EL-0025 | D28: Scope of Earth Ground Bar and Cable for Fuel Fill Cabinet | F28: 46042 | G28: =F28+7 -> 46049 | H28: 0 | J28: AUR | K28: Pending | N28: =F28 -> 46042 | O28: 46056
A29: 26 | B29: Electrical | C29: 523213-01-RFI-EL-0026 | D29: Electrical Routing at 2nd Floor Confirmation | F29: 46039 | G29: =F29+7 -> 46046 | H29: 0 | J29: AUR | K29: Pending | N29: =F29 -> 46039 | O29: 46056
A30: 27 | B30: Electrical | C30: 523213-01-RFI-EL-0027 | D30: Confirm to add Lamp type&room in Luminaire Schedule and PIR for Sensor 1st and 5th FL | F30: 46053 | G30: =F30+7 -> 46060 | H30: 0 | J30: AUR | K30: Pending | N30: =F30 -> 46053 | O30: 46056
A31: 28 | B31: Electrical | C31: 523213-01-RFI-EL-0028 | D31: UDB and LCP Panels Relocation on 2nd Floor | F31: 46039 | G31: =F31+7 -> 46046 | H31: 0 | J31: AUR | K31: Pending | N31: =F31 -> 46039 | O31: 46056
A32: 29 | B32: Electrical | C32: 523213-01-RFI-EL-0029 | D32: Add Junction Box for Phase 1 on 3rd, 4th and 5th Floor for Convenience for Tie-In in the Future Phase | F32: 46039 | G32: =F32+7 -> 46046 | H32: 0 | J32: STT | K32: Pending | N32: =F32 -> 46039 | O32: 46056 | P32: 46062
A33: 30 | B33: Electrical | C33: 523213-01-RFI-EL-0030 | D33: Relay of Lighting Control at 2nd floor Confirmation | F33: 46042 | G33: =F33+7 -> 46049 | H33: 0 | J33: AUR | K33: Pending | N33: =F33 -> 46042 | O33: 46056
A34: 31 | B34: Electrical | C34: 523213-01-RFI-EL-0031 | D34: Lighting Circuit at Garbage and Janitor Rooms, 1st Floor - Supply from Source B Only | F34: 46042 | G34: =F34+7 -> 46049 | H34: 0 | J34: AUR | K34: Pending | N34: =F34 -> 46042 | O34: 46056
A35: 32 | B35: Electrical | C35: 523213-01-RFI-EL-0032 | D35: Confirm Phase of TH-BKK02-02-06-LVSB-002-S1 on 6th Floor (Phase 1 or Phase 2) | F35: 46042 | G35: =F35+7 -> 46049 | H35: 0 | J35: STT | K35: Pending | N35: =F35 -> 46042 | O35: 46056 | P35: 46062
A36: 33 | B36: Electrical | C36: 523213-01-RFI-EL-0033 | D36: Confirmation on Identification of Relay Numbers Lighting System Roof Floor | F36: 46051 | G36: =F36+7 -> 46058 | H36: 0 | J36: AUR | K36: Pending | N36: =F36 -> 46051 | O36: 46059
A37: 34 | B37: Electrical | C37: 523213-01-RFI-EL-0034 | D37: Confirmation on Power Supply for TH-BKK2-02-01-EAF-007 and 008 1st FL | F37: 46051 | G37: =F37+7 -> 46058 | H37: 0 | J37: AUR | K37: Pending | N37: =F37 -> 46051 | O37: 46064
A38: =A37+1 -> 35 | B38: Electrical | C38: 523213-01-RFI-EL-0035 | D38: Requirement for PIR Sensor for lighting L1 Type 2nd to 6th FL | F38: 46051 | G38: =F38+7 -> 46058 | H38: 0 | J38: AUR | K38: Pending | N38: =F38 -> 46051 | O38: 46064
A39: =A38+1 -> 36 | B39: Electrical | C39: 523213-01-RFI-EL-0036
A40: =A39+1 -> 37 | B40: Electrical | C40: 523213-01-RFI-EL-0037 | D40: Tag Confirmation for Electrical Panel 1st to Roof FL | F40: 46053 | G40: =F40+7 -> 46060 | H40: 0 | J40: AUR | K40: Pending | N40: 46053 | O40: 46060
A41: =A40+1 -> 38 | B41: Electrical | C41: 523213-01-RFI-EL-0038 | D41: Connection for Fire Alarm Phase 1 on 3rd FL system | F41: 46051 | G41: =F41+7 -> 46058 | H41: 0 | J41: AUR | K41: Pending | N41: =F41 -> 46051 | O41: 46064
A42: =A41+1 -> 39 | B42: Electrical | C42: 523213-01-RFI-EL-0039
A43: =A42+1 -> 40 | B43: Electrical | C43: 523213-01-RFI-EL-0040
A44: =A43+1 -> 41 | B44: Electrical | C44: 523213-01-RFI-EL-0041 | D44: Clarification on Scope of Work for Plug-in Units and Sub Main Cables | F44: 46053 | G44: =F44+7 -> 46060 | H44: 0 | J44: AUR | K44: Pending | N44: =F44 -> 46053 | O44: 46064
A45: =A44+1 -> 42 | B45: Electrical | C45: 523213-01-RFI-EL-0042
A46: =A45+1 -> 43 | B46: Electrical | C46: 523213-01-RFI-EL-0043 | D46: Confirmation for NSCP interface with BMS as - HHI or LLI? | F46: 46059 | G46: =F46+7 -> 46066 | H46: 0 | J46: AUR | K46: Pending | N46: 46059 | O46: 46060
A47: =A45+1 -> 43 | B47: Electrical | C47: 523213-01-RFI-EL-0044 | D47: Clarification of Heat Detector for Genset Room Fire Alarm System | F47: 46057 | G47: =F47+7 -> 46064 | H47: 0 | J47: AUR | K47: Pending | N47: 46057 | O47: 46064
A48: =A44+1 -> 42 | B48: Electrical | C48: 523213-01-RFI-EL-0045 | D48: Confirm to use Steel Plint for all LV Switch Board as same as Phase 4 and 5. | F48: 46059 | G48: =F48+7 -> 46066 | H48: 0 | J48: AUR | K48: Pending | N48: 46059 | O48: 46060
A49: =A47+1 -> 44 | B49: Electrical | C49: 523213-01-RFI-EL-0046 | D49: Confirm of Interface Method for Tap-off Unit (Non-IT) : HLI or LLI? | F49: 46063 | G49: =F49+7 -> 46070 | H49: 0 | J49: AUR | K49: Pending | N49: 46063 | O49: 46064
A50: =A46+1 -> 44 | B50: Electrical | C50: 523213-01-RFI-EL-0047 | D50: Confirm Switch Control for Lighting System 1st FL (Entrance, Reception, Lift Lobby and Sec. Room 2) | F50: 46063 | G50: =F50+7 -> 46070 | H50: 0 | J50: AUR | K50: Pending | N50: 46063 | O50: 46064
A51: =A49+1 -> 45 | B51: Electrical | C51: 523213-01-RFI-EL-0048 | D51: Cable trays obstruct a spare space of FWU | F51: 46064 | G51: =F51+7 -> 46071 | H51: 0 | J51: CTA | K51: Pending | N51: 46064
A52: =A48+1 -> 43 | B52: Electrical | C52: 523213-01-RFI-EL-0049 | D52: Confirm Supply source for junction boxes in shower room (1st floor) | F52: 46064 | G52: =F52+7 -> 46071 | H52: 0 | J52: CTA | K52: Pending | N52: 46064
A53: =A51+1 -> 46 | B53: Electrical | C53: 523213-01-RFI-EL-0050 | D53: Clarification on BMS Monitoring Points for IG-100 Fire Suppression System | F53: 46064 | G53: =F53+7 -> 46071 | H53: 0 | J53: CTA | K53: Pending | N53: 46064
A54: =A50+1 -> 45 | B54: Electrical | C54: 523213-01-RFI-EL-0051 | D54: Clarification on PACP Low-Level Interface (Hardwired) Point List Requirements | F54: 46064 | G54: =F54+7 -> 46071 | H54: 0 | J54: CTA | K54: Pending | N54: 46064
A55: =A53+1 -> 47 | B55: Electrical | C55: 523213-01-RFI-EL-0052 | D55: Confirmation for MV Cable Ladder Color Coding | F55: 46064 | G55: =F55+7 -> 46071 | H55: 0 | J55: CTA | K55: Pending | N55: 46064
A56: =A52+1 -> 44 | B56: Electrical | C56: 523213-01-RFI-EL-0053
A57: =A55+1 -> 48 | B57: Electrical | C57: 523213-01-RFI-EL-0054
J60: DO NOT DELETE
J61: GAA
J62: CTA
J63: AUR
J64: STT
J65: Closed

Sheet FI
A1: Status: (A) Approved with No Comments, (B) Approved with Comments, (C) Revise & Resubmit | M1: Action by | N1: GAA | O1: CTA | P1: AUR
A2: S/N | B2: Trade | C2: Doc Ref No. | D2: Document Description | E2: Planned Date | F2: Submission Date | G2: Consultant Respond Date | H2: Rev | I2: Procurement | J2: Action | K2: Status | L2: Approval Date | M2: Remarks | N2: Rev 0 | S2: Rev 1 | X2: Rev 2
N3: Submitted | O3: CTA | P3: AUR | Q3: STT | R3: Status | S3: Submitted | T3: CTA | U3: AUR | V3: STT | W3: Status | X3: Submitted | Y3: CTA | Z3: AUR | AA3: STT | AB3: Status
A4: 1 | B4: Fire Protection | C4: 523213-01-RFI-FI-0001 | D4: Request for Information - IG 100 or Wet Sprinkler for HV UG Entry Room 1st FL | F4: 46044 | G4: =F4+7 -> 46051 | H4: 0 | J4: AUR | K4: Pending | N4: =F4 -> 46044 | O4: 46059
A5: =A4+1 -> 2 | B5: Fire Protection | C5: 523213-01-RFI-FI-0002 | D5: Symbol to use with Jockey Pump | F5: 46036 | G5: =F5+7 -> 46043 | H5: 0 | J5: AUR | K5: Pending | N5: 46036 | O5: 46059
A6: 2 | B6: Fire Protection | C6: 523213-01-RFI-FI-0003 | D6: Name of Data Hall (1, 2, 3 or A, B, C ) | F6: 46036 | G6: =F6+7 -> 46043 | H6: 0 | J6: AUR | K6: Pending | N6: 46036 | O6: 46059
A7: =A6+1 -> 3 | B7: Fire Protection | C7: 523213-01-RFI-FI-0004 | D7: Sprinkler Corridor 1st FL is Fit Out | F7: 46044 | G7: =F7+7 -> 46051 | H7: 0 | J7: AUR | K7: Pending | N7: 46044 | O7: 46062
A8: 3 | B8: Fire Protection | C8: 523213-01-RFI-FI-0005 | D8: Confirm the Location of Fire Hose Cabinet 1st | F8: 46036 | G8: =F8+7 -> 46043 | H8: 0 | J8: AUR | K8: Pending | N8: 46036 | O8: 46059
A9: =A8+1 -> 4 | B9: Fire Protection | C9: 523213-01-RFI-FI-0006 | D9: Needed Installation Detail of Fire Hose Cabinet in Pump Room | F9: 46036 | G9: =F9+7 -> 46043 | H9: 0 | J9: AUR | K9: Pending | N9: 46036 | O9: 46059
A10: 4 | B10: Fire Protection | C10: 523213-01-RFI-FI-0007 | D10: Confirm The Main Pipe Size | F10: 46044 | G10: =F10+7 -> 46051 | H10: 0 | J10: AUR | K10: Pending | N10: =F10 -> 46044 | O10: 46044
A11: =A10+1 -> 5 | B11: Fire Protection | C11: 523213-01-RFI-FI-0008 | D11: Confirmation of Nitrogen Suppression System for MDF A & ELV A and MDF B & ELV B (Level 2) | F11: 46042 | G11: =F11+7 -> 46049 | H11: 0 | J11: AUR | K11: Pending | N11: =F11 -> 46042 | O11: 46059
A12: 5 | B12: Fire Protection | C12: 523213-01-RFI-FI-0009 | D12: Confirmation of Butterfly Valve with Supervisory Switch Status Indication to Fire Alarm System | F12: 46044 | G12: =F12+7 -> 46051 | H12: 0 | J12: AUR | K12: Pending | N12: =F12 -> 46044 | O12: 46059
A13: =A12+1 -> 6 | B13: Fire Protection | C13: 523213-01-RFI-FI-0010 | D13: Confirm the details of the first and second horn tones activation in the Nitrogen Suppression System | F13: 46044 | G13: =F13+7 -> 46051 | H13: 0 | J13: AUR | K13: Pending | N13: =F13 -> 46044 | O13: 46062
A14: 6 | B14: Fire Protection | C14: 523213-01-RFI-FI-0011 | D14: Confirmation of the Details of the Activation of the LED Indication R0 | F14: 46042 | G14: =F14+7 -> 46049 | H14: 0 | J14: AUR | K14: Pending | N14: =F14 -> 46042 | O14: 46062
A15: =A14+1 -> 7 | B15: Fire Protection | C15: 523213-01-RFI-FI-0012 | D15: Confirmation of the Details of the First and Second Horn Tones Activation | F15: 46042 | G15: =F15+7 -> 46049 | H15: 0 | J15: AUR | K15: Pending | N15: =F15 -> 46042 | O15: 46062
A16: 7 | B16: Fire Protection | C16: 523213-01-RFI-FI-0013 | D16: Confirmation of the Details of the Strobe Light & Second Horn Activated for all Genset to the Pre Action System | F16: 46042 | G16: =F16+7 -> 46049 | H16: 0 | J16: AUR | K16: Pending | N16: =F16 -> 46042 | O16: 46062
A17: =A16+1 -> 8 | B17: Fire Protection | C17: 523213-01-RFI-FI-0014 | D17: Confirmation of 2-Layer Silent Nozzle – IG-100 System due to height more than 5 m. 2nd-6th FL | F17: 46051 | G17: =F17+7 -> 46058 | H17: 0 | J17: AUR | K17: Pending | N17: =F17 -> 46051 | O17: 46062
A18: 8 | B18: Fire Protection | C18: 523213-01-RFI-FI-0015
A19: =A18+1 -> 9 | B19: Fire Protection | C19: 523213-01-RFI-FI-0016
A20: 9 | B20: Fire Protection | C20: 523213-01-RFI-FI-0017
J41: DO NOT DELETE
J42: GAA
J43: CTA
J44: AUR
J45: STT
J46: Closed

Sheet ME
A1: Status: (A) Approved with No Comments, (B) Approved with Comments, (C) Revise & Resubmit | M1: Action by | N1: GAA | O1: CTA | P1: AUR
A2: S/N | B2: Trade | C2: Doc Ref No. | D2: Document Description | E2: Planned Date | F2: Submission Date | G2: Consultant Respond Date | H2: Rev | I2: Procurement | J2: Action | K2: Status | L2: Approval Date | M2: Remarks | N2: Rev 0 | S2: Rev 1 | X2: Rev 2
N3: Submitted | O3: CTA | P3: AUR | Q3: STT | R3: Status | S3: Submitted | T3: CTA | U3: AUR | V3: STT | W3: Status | X3: Submitted | Y3: CTA | Z3: AUR | AA3: STT | AB3: Status
A4: 1 | B4: Mechanical | C4: 523213-01-RFI-ME-0001 | D4: FCU Fan Type | F4: 46038 | G4: =F4+7 -> 46045 | H4: 0 | J4: STT | K4: Pending | N4: 46034 | O4: 46044 | P4: 46063
A5: =A4+1 -> 2 | B5: Mechanical | C5: 523213-01-RFI-ME-0002 | D5: Gas Purging Fan Tag Number is 02-01-GPF-002 or 02-02-GPF-002 for 2nd FL | F5: 46042 | G5: =F5+7 -> 46049 | H5: 0 | J5: CTA | K5: CANCEL | N5: =F5 -> 46042
A6: 3 | B6: Mechanical | C6: 523213-01-RFI-ME-0003 | D6: Correct reference of the Supply Air of FCU 2nd FL (No. 001 to 012) | F6: 46038 | G6: =F6+7 -> 46045 | H6: 0 | J6: STT | K6: Pending | N6: 46034 | O6: 46044 | P6: 46063
A7: 4 | B7: Mechanical | C7: 523213-01-RFI-ME-0004 | D7: CCU is not Equipped with a motorized Damper? 2nd - 4th FL | F7: 46038 | G7: =F7+7 -> 46045 | H7: 0 | J7: Closed | K7: B | L7: 46049 | N7: 46034 | O7: 46043 | P7: 46049 | Q7: 46049 | R7: B
A8: 5 | B8: Mechanical | C8: 523213-01-RFI-ME-0005 | D8: MEP Pipe at 2.1m. conflict with door height 2.8 meters 1st Floor | F8: 46043 | G8: =F8+7 -> 46050 | H8: 0 | J8: Closed | K8: B | L8: 46051 | N8: =F8 -> 46043 | O8: 46048 | P8: 46050 | Q8: 46051 | R8: B
A9: 6 | B9: Mechanical | C9: 523213-01-RFI-ME-0006 | D9: Cooling Coil amount and type for PAHU 1st & Roof FL | F9: 46034 | G9: =F9+7 -> 46041 | H9: 0 | J9: STT | K9: Pending | N9: 46034 | O9: 46062 | P9: 46063
A10: 7 | B10: Mechanical | C10: 523213-01-RFI-ME-0007 | D10: PAHU Supply Air Conflict 1st FL | F10: 46034 | G10: =F10+7 -> 46041 | H10: 0 | J10: STT | K10: Pending | N10: 46034 | O10: 46044 | P10: 46063
A11: 8 | B11: Mechanical | C11: 523213-01-RFI-ME-0008 | D11: Add Isolation Valve and Check Valve for DRG-ME-0103, 0104 and 0105 | F11: 46034 | G11: =F11+7 -> 46041 | H11: 0 | J11: STT | K11: CANCEL | N11: 46034 | O11: 46044 | P11: 46063
A12: 9 | B12: Mechanical | C12: 523213-01-RFI-ME-0009 | D12: Add Isolation Valves for 4th &5 th FL | F12: 46044 | G12: =F12+7 -> 46051 | H12: 0 | J12: STT | K12: CANCEL | N12: =F12 -> 46044 | P12: 46063
A13: 10 | B13: Mechanical | C13: 523213-01-RFI-ME-0010 | D13: Change CVV Cable from 2C-1.5 mm2 to 4C-1.5 mm2 in MCC Panel for DRG-ME-8000, 8001, 8002, 8003 | F13: 46044 | G13: =F13+7 -> 46051 | H13: 0 | J13: STT | K13: Pending | N13: =F13 -> 46044 | O13: 46062 | P13: 46063
A14: 11 | B14: Mechanical | C14: 523213-01-RFI-ME-0011 | D14: Power Supply and cable size from MCC Panel in Drawing 523213-02-DRG-ME-0201 | F14: 46034 | G14: =F14+7 -> 46041 | H14: 0 | J14: STT | K14: Pending | N14: 46034 | O14: 46062 | P14: 46063
A15: 12 | B15: Mechanical | C15: 523213-01-RFI-ME-0012 | D15: DP Sensor for Fan Wall at DATA HALL is Required | F15: 46044 | G15: =F15+7 -> 46051 | H15: 0 | J15: STT | K15: Pending | N15: =F15 -> 46044 | O15: 46062 | P15: 46063
A16: 13 | B16: Mechanical | C16: 523213-01-RFI-ME-0013 | D16: Verify position for 02-01-EAF-019 | F16: 46034 | G16: =F16+7 -> 46041 | H16: 0 | J16: STT | K16: Pending | N16: 46034 | O16: 46062 | P16: 46063
A17: 14 | B17: Mechanical | C17: 523213-01-RFI-ME-0014 | D17: Pressure Gauge for ACMV Riser Needed? | F17: 46042 | G17: =F17+7 -> 46049 | H17: 0 | J17: AUR | K17: Pending | N17: =F17 -> 46042 | O17: 46064
A18: =A17+1 -> 15 | B18: Mechanical | C18: 523213-01-RFI-ME-0015 | D18: Confirm Temp/Hum. amount In LV Room A and B 2nd Floor.(Total 4 or 6 set) 2nd FL | F18: 46049 | G18: =F18+7 -> 46056 | H18: 0 | J18: AUR | K18: Pending | N18: =F18 -> 46049 | O18: 46062
A19: =A18+1 -> 16 | B19: Mechanical | C19: 523213-01-RFI-ME-0016 | D19: Confirm for Fresh Air Fan for TH-BKK2-02-01-FAF-005 N2 Cylinder Room 1st Floor | F19: 46045 | G19: =F19+7 -> 46052 | H19: 0 | J19: AUR | K19: Pending | N19: =F19 -> 46045 | O19: 46062
A20: =A19+1 -> 17 | B20: Mechanical | C20: 523213-01-RFI-ME-0017 | D20: Please Confirm the Power Supply for the Motorized Damper 2nd to 6th FL | F20: 46053 | G20: =F20+7 -> 46060 | H20: 0 | J20: AUR | K20: Pending | N20: 46053 | O20: 46062
A21: =A20+1 -> 18 | B21: Mechanical | C21: 523213-01-RFI-ME-0018 | D21: Confirmation of Harmonic Filter Type (AHF) | F21: 46053 | G21: =F21+7 -> 46060 | H21: 0 | J21: AUR | K21: Pending | N21: 46053 | O21: 46064
A22: =A21+1 -> 19 | B22: Mechanical | C22: 523213-01-RFI-ME-0019 | D22: FCU as the Spec (HH-D Double Skin) Sizing too Big. It Can't Install in Room - 02-02-FCU-001&002 2nd FL | F22: 46053 | G22: =F22+7 -> 46060 | H22: 0 | J22: AUR | K22: Pending | N22: 46053 | O22: 46064
A23: =A22+1 -> 20 | B23: Mechanical | C23: 523213-01-RFI-ME-0020 | D23: Confirm PRD at 5th FL (for TX LV MSB 3, UPS Room A, B, C and D) | F23: 46059 | G23: =F23+7 -> 46066 | H23: 0 | J23: AUR | K23: Pending | N23: 46059 | O23: 46064
A24: =A23+1 -> 21 | B24: Mechanical | C24: 523213-01-RFI-ME-0021 | D24: Confirm Air Flow Value for TH-BKK2-02-01-FAF-001 and 002 1st FL | F24: 46059 | G24: =F24+7 -> 46066 | H24: 0 | J24: AUR | K24: Pending | N24: 46059 | O24: 46064
A25: =A24+1 -> 22 | B25: Mechanical | C25: 523213-01-RFI-ME-0022 | D25: Need Slab to Beam Height 4.1 m for Installing DUCT at PAU Room Roof FL (Currently h=2.6m.) | F25: 46059 | G25: =F25+7 -> 46066 | H25: 0 | J25: AUR | K25: Pending | N25: 46059 | O25: 46064
A26: =A25+1 -> 23 | B26: Mechanical | C26: 523213-01-RFI-ME-0023 | D26: Confirm weather TH-BKK2-02-06-CH-001, 002 and 003 are provided with MDV or not? | F26: 46063 | G26: =F26+7 -> 46070 | H26: 0 | J26: AUR | K26: Pending | N26: 46063 | O26: 46064
A27: =A26+1 -> 24 | B27: Mechanical | C27: 523213-01-RFI-ME-0024 | D27: Confirm whether the FCU power supply requirement is 3 Phase or Single Phase on DRG-ME-0203 | F27: 46063 | G27: =F27+7 -> 46070 | H27: 0 | J27: CTA | K27: Pending | N27: 46063
J118: DO NOT DELETE
J119: GAA
J120: CTA
J121: AUR
J122: STT
J123: Closed

Sheet HY
A1: Status: (A) Approved with No Comments, (B) Approved with Comments, (C) Revise & Resubmit | M1: Action by | N1: GAA | O1: CTA | P1: AUR
A2: S/N | B2: Trade | C2: Doc Ref No. | D2: Document Description | E2: Planned Date | F2: Submission Date | G2: Consultant Respond Date | H2: Rev | I2: Procurement | J2: Action | K2: Status | L2: Approval Date | M2: Remarks | N2: Rev 0 | S2: Rev 1 | X2: Rev 2
N3: Submitted | O3: CTA | P3: AUR | Q3: STT | R3: Status | S3: Submitted | T3: CTA | U3: AUR | V3: STT | W3: Status | X3: Submitted | Y3: CTA | Z3: AUR | AA3: STT | AB3: Status
A4: 1 | B4: Hydraulics | C4: 523213-01-RFI-HY-0001 | D4: Water Meter Type for Toilet Room | F4: 46042 | G4: =F4+7 -> 46049 | H4: 0 | J4: AUR | K4: Pending | N4: 46042 | O4: 46062
A5: =A4+1 -> 2 | B5: Hydraulics | C5: 523213-01-RFI-HY-0002 | D5: Confirm fit Out Scope | F5: 46042 | G5: =F5+7 -> 46049 | H5: 0 | J5: AUR | K5: Pending | N5: 46042 | O5: 46062
A6: 2 | B6: Hydraulics | C6: 523213-01-RFI-HY-0003 | D6: Confirm Sewage Submersible Pump Control Panel Scope | F6: 46042 | G6: =F6+7 -> 46049 | H6: 0 | J6: AUR | K6: Pending | N6: 46042 | O6: 46062
A7: =A6+1 -> 3 | B7: Hydraulics | C7: 523213-01-RFI-HY-0004 | D7: Propose to use 20 Inched BSP SCh20 for Generator Exhaust Pipe | F7: 46042 | G7: =F7+7 -> 46049 | H7: 0 | J7: AUR | K7: Pending | N7: 46042 | O7: 46044
A8: 3 | B8: Hydraulics | C8: 523213-01-RFI-HY-0005 | D8: Confirm to Connect with MWA by Existing Pipe or not | F8: 46042 | G8: =F8+7 -> 46049 | H8: 0 | J8: AUR | K8: Pending | N8: 46042 | O8: 46062
A9: =A8+1 -> 4 | B9: Hydraulics | C9: 523213-01-RFI-HY-0006 | D9: Confirm to Install Digital Water Meter at Softener Drain Line | F9: 46042 | G9: =F9+7 -> 46049 | H9: 0 | J9: AUR | K9: Pending | N9: 46042 | O9: 46062
A10: 4 | B10: Hydraulics | C10: 523213-01-RFI-HY-0007 | D10: Confirm Generator Exhaust Pipe (Head Type) | F10: 46036 | G10: =F10+7 -> 46043 | H10: 0 | J10: AUR | K10: Pending | N10: 46036 | O10: 46044
A11: =A10+1 -> 5 | B11: Hydraulics | C11: 523213-01-RFI-HY-0008 | D11: Details of the FUS-A and FUS-B pipelines for the day tank | F11: 46036 | G11: =F11+7 -> 46043 | H11: 0 | J11: AUR | K11: Pending | N11: 46036 | O11: 46062
A12: 5 | B12: Hydraulics | C12: 523213-01-RFI-HY-0009 | D12: Confirm whether flow meters are required for the FOU-A and FOU-B drain lines | F12: 46063 | G12: =F12+7 -> 46070 | H12: 0 | J12: AUR | K12: Pending | N12: 46063 | O12: 46064
A13: =A12+1 -> 6 | B13: Hydraulics | C13: 523213-01-RFI-HY-0010 | D13: Confirmation of Gate Valve Installation Details for FUS-A, FUS-B, FUO-A, FUO-B and FUPSL Lines at Pump Room | F13: 46041 | G13: =F13+7 -> 46048 | H13: 0 | J13: AUR | K13: Pending | N13: =F13 -> 46041 | O13: 46062
A14: =A13+1 -> 7 | B14: Hydraulics | C14: 523213-01-RFI-HY-0011 | D14: Clarification on Fuel Consumption Meter (FCM) Intent | F14: 46049 | G14: =F14+7 -> 46056 | H14: 0 | J14: AUR | K14: Pending | N14: =F14 -> 46049 | O14: 46062
J41: DO NOT DELETE
J42: GAA
J43: CTA
J44: AUR
J45: STT
J46: Closed

Sheet Priority 
I1: =IF(WEEKDAY(G6=0,2),"",IF(WEEKDAY(G6,2)=7,G6+4,IF(WEEKDAY(G6,2)<=3,G6+3,G6+5)))
B2: Trade | C2: Doc Ref No. | D2: Document Description | E2: Rev | F2: Plan Date | G2: Actual Submission Date | H2: Approval Date | K2: Action By | L2: Delays Date | M2: Approved Status | N2: Priority | O2: Needed
H3: CTA | I3: AUR | J3: STT
F4: *Put only this | G4: dd/mm/yy
A5: 1 | B5: Architectural | C5: 523213-01-RFI-AR-0001 | D5: =VLOOKUP(C5,AR!$C$4:$J$52,2,0) -> Clarification on Mortar Specification | E5: =IF(VLOOKUP(C5,AR!$C$4:$J$46,6,0)="","",VLOOKUP(C5,AR!$C$4:$J$46,6,0)) -> 0 | G5: =IF(VLOOKUP(C5,AR!$C$4:$J$46,4,0)="","",VLOOKUP(C5,AR!$C$4:$J$46,4,0)) -> 46034 | H5: =IF(VLOOKUP(C5,AR!$C$4:$AA$46,12,0)="","",IF(E5=0,VLOOKUP(C5,AR!$C$4:$AA$46,12,0),IF(E5=1,VLOOKUP(C5,AR!$C$4:$AA$46,18,0),IF(E5=2,VLOOKUP(C5,AR!$C$4:$AA$46,23,0),"")))) | I5: =IF(VLOOKUP(C5,AR!$C$4:$AA$46,13,0)="","",IF(E5=0,VLOOKUP(C5,AR!$C$4:$AA$46,13,0),IF(E5=1,VLOOKUP(C5,AR!$C$4:$AA$46,18,0),IF(E5=2,VLOOKUP(C5,AR!$C$4:$AA$46,23,0),"")))) | J5: =IF(VLOOKUP(C5,AR!$C$4:$AA$46,15,0)="","",IF(E5=0,VLOOKUP(C5,AR!$C$4:$AA$46,15,0),IF(E5=1,VLOOKUP(C5,AR!$C$4:$AA$46,20,0),IF(E5=2,VLOOKUP(C5,AR!$C$4:$AA$46,25,0),"")))) | K5: =VLOOKUP(C5,AR!$C$4:$K$996,7,0) -> CTA | L5: {=_xlfn.IFS(AND($E5<>"",$M5="Pending",$K5="CTA"),TODAY()-$G5,AND($E5<>"",$M5="Pending",$K5="AUR"),TODAY()-$H5,AND($E5<>"",$M5="Pending",$K5="STT"),TODAY()-$I5,OR(K5="Closed",K5=""),"")} -> 30 | M5: =VLOOKUP(C5,AR!$C$4:$J$34,8,0) -> Pending | N5: =IF(AND(E5<>"",M5="Pending"),IF(L5>=5,"Overdue",IF(L5>=3,"High","")),"") -> Overdue | O5: Urgent
A6: =A5+1 -> 2 | B6: Architectural | C6: 523213-01-RFI-AR-0002 | D6: =VLOOKUP(C6,AR!$C$4:$J$52,2,0) -> 0 | E6: =IF(VLOOKUP(C6,AR!$C$4:$J$46,6,0)="","",VLOOKUP(C6,AR!$C$4:$J$46,6,0)) | G6: =IF(VLOOKUP(C6,AR!$C$4:$J$46,4,0)="","",VLOOKUP(C6,AR!$C$4:$J$46,4,0)) | H6: =IF(VLOOKUP(C6,AR!$C$4:$AA$46,12,0)="","",IF(E6=0,VLOOKUP(C6,AR!$C$4:$AA$46,12,0),IF(E6=1,VLOOKUP(C6,AR!$C$4:$AA$46,18,0),IF(E6=2,VLOOKUP(C6,AR!$C$4:$AA$46,23,0),"")))) | I6: =IF(VLOOKUP(C6,AR!$C$4:$AA$46,13,0)="","",IF(E6=0,VLOOKUP(C6,AR!$C$4:$AA$46,13,0),IF(E6=1,VLOOKUP(C6,AR!$C$4:$AA$46,18,0),IF(E6=2,VLOOKUP(C6,AR!$C$4:$AA$46,23,0),"")))) | J6: =IF(VLOOKUP(C6,AR!$C$4:$AA$46,15,0)="","",IF(E6=0,VLOOKUP(C6,AR!$C$4:$AA$46,15,0),IF(E6=1,VLOOKUP(C6,AR!$C$4:$AA$46,20,0),IF(E6=2,VLOOKUP(C6,AR!$C$4:$AA$46,25,0),"")))) | K6: =VLOOKUP(C6,AR!$C$4:$K$996,7,0) -> 0 | L6: {=_xlfn.IFS(AND($E6<>"",$M6="Pending",$K6="CTA"),TODAY()-$G6,AND($E6<>"",$M6="Pending",$K6="AUR"),TODAY()-$H6,AND($E6<>"",$M6="Pending",$K6="STT"),TODAY()-$I6,OR(K6="Closed",K6=""),"")} -> #N/A | M6: =VLOOKUP(C6,AR!$C$4:$J$34,8,0) -> 0 | N6: =IF(AND(E6<>"",M6="Pending"),IF(L6>=5,"Overdue",IF(L6>=3,"High","")),"")
A7: =A6+1 -> 3 | B7: Architectural | C7: 523213-01-RFI-AR-0003 | D7: =VLOOKUP(C7,AR!$C$4:$J$52,2,0) -> Partition wall or Block Wall HV3 and HV 4 Shaft 2nd Floor | E7: =IF(VLOOKUP(C7,AR!$C$4:$J$46,6,0)="","",VLOOKUP(C7,AR!$C$4:$J$46,6,0)) -> 0 | G7: =IF(VLOOKUP(C7,AR!$C$4:$J$46,4,0)="","",VLOOKUP(C7,AR!$C$4:$J$46,4,0)) -> 46042 | H7: =IF(VLOOKUP(C7,AR!$C$4:$AA$46,12,0)="","",IF(E7=0,VLOOKUP(C7,AR!$C$4:$AA$46,12,0),IF(E7=1,VLOOKUP(C7,AR!$C$4:$AA$46,18,0),IF(E7=2,VLOOKUP(C7,AR!$C$4:$AA$46,23,0),"")))) -> 46043 | I7: =IF(VLOOKUP(C7,AR!$C$4:$AA$46,13,0)="","",IF(E7=0,VLOOKUP(C7,AR!$C$4:$AA$46,13,0),IF(E7=1,VLOOKUP(C7,AR!$C$4:$AA$46,18,0),IF(E7=2,VLOOKUP(C7,AR!$C$4:$AA$46,23,0),"")))) -> 46051 | J7: =IF(VLOOKUP(C7,AR!$C$4:$AA$46,15,0)="","",IF(E7=0,VLOOKUP(C7,AR!$C$4:$AA$46,15,0),IF(E7=1,VLOOKUP(C7,AR!$C$4:$AA$46,20,0),IF(E7=2,VLOOKUP(C7,AR!$C$4:$AA$46,25,0),"")))) -> B | K7: =VLOOKUP(C7,AR!$C$4:$K$996,7,0) -> Closed | L7: {=_xlfn.IFS(AND($E7<>"",$M7="Pending",$K7="CTA"),TODAY()-$G7,AND($E7<>"",$M7="Pending",$K7="AUR"),TODAY()-$H7,AND($E7<>"",$M7="Pending",$K7="STT"),TODAY()-$I7,OR(K7="Closed",K7=""),"")} | M7: =VLOOKUP(C7,AR!$C$4:$J$34,8,0) -> B | N7: =IF(AND(E7<>"",M7="Pending"),IF(L7>=5,"Overdue",IF(L7>=3,"High","")),"")
A8: =A7+1 -> 4 | B8: Architectural | C8: 523213-01-RFI-AR-0004 | D8: =VLOOKUP(C8,AR!$C$4:$J$52,2,0) -> Confirmation for Store Room or EE Riser | E8: =IF(VLOOKUP(C8,AR!$C$4:$J$46,6,0)="","",VLOOKUP(C8,AR!$C$4:$J$46,6,0)) -> 0 | G8: =IF(VLOOKUP(C8,AR!$C$4:$J$46,4,0)="","",VLOOKUP(C8,AR!$C$4:$J$46,4,0)) -> 46042 | H8: =IF(VLOOKUP(C8,AR!$C$4:$AA$46,12,0)="","",IF(E8=0,VLOOKUP(C8,AR!$C$4:$AA$46,12,0),IF(E8=1,VLOOKUP(C8,AR!$C$4:$AA$46,18,0),IF(E8=2,VLOOKUP(C8,AR!$C$4:$AA$46,23,0),"")))) -> 46043 | I8: =IF(VLOOKUP(C8,AR!$C$4:$AA$46,13,0)="","",IF(E8=0,VLOOKUP(C8,AR!$C$4:$AA$46,13,0),IF(E8=1,VLOOKUP(C8,AR!$C$4:$AA$46,18,0),IF(E8=2,VLOOKUP(C8,AR!$C$4:$AA$46,23,0),"")))) -> 46052 | J8: =IF(VLOOKUP(C8,AR!$C$4:$AA$46,15,0)="","",IF(E8=0,VLOOKUP(C8,AR!$C$4:$AA$46,15,0),IF(E8=1,VLOOKUP(C8,AR!$C$4:$AA$46,20,0),IF(E8=2,VLOOKUP(C8,AR!$C$4:$AA$46,25,0),"")))) | K8: =VLOOKUP(C8,AR!$C$4:$K$996,7,0) -> Closed | L8: {=_xlfn.IFS(AND($E8<>"",$M8="Pending",$K8="CTA"),TODAY()-$G8,AND($E8<>"",$M8="Pending",$K8="AUR"),TODAY()-$H8,AND($E8<>"",$M8="Pending",$K8="STT"),TODAY()-$I8,OR(K8="Closed",K8=""),"")} | M8: =VLOOKUP(C8,AR!$C$4:$J$34,8,0) -> B | N8: =IF(AND(E8<>"",M8="Pending"),IF(L8>=5,"Overdue",IF(L8>=3,"High","")),"")
A9: =A8+1 -> 5 | B9: Architectural | C9: 523213-01-RFI-AR-0005 | D9: =VLOOKUP(C9,AR!$C$4:$J$52,2,0) -> Partition wall or Block wall Chiller 2nd 3rd 4th and 5th FL | E9: =IF(VLOOKUP(C9,AR!$C$4:$J$46,6,0)="","",VLOOKUP(C9,AR!$C$4:$J$46,6,0)) -> 0 | G9: =IF(VLOOKUP(C9,AR!$C$4:$J$46,4,0)="","",VLOOKUP(C9,AR!$C$4:$J$46,4,0)) -> 46042 | H9: =IF(VLOOKUP(C9,AR!$C$4:$AA$46,12,0)="","",IF(E9=0,VLOOKUP(C9,AR!$C$4:$AA$46,12,0),IF(E9=1,VLOOKUP(C9,AR!$C$4:$AA$46,18,0),IF(E9=2,VLOOKUP(C9,AR!$C$4:$AA$46,23,0),"")))) -> 46043 | I9: =IF(VLOOKUP(C9,AR!$C$4:$AA$46,13,0)="","",IF(E9=0,VLOOKUP(C9,AR!$C$4:$AA$46,13,0),IF(E9=1,VLOOKUP(C9,AR!$C$4:$AA$46,18,0),IF(E9=2,VLOOKUP(C9,AR!$C$4:$AA$46,23,0),"")))) -> 46051 | J9: =IF(VLOOKUP(C9,AR!$C$4:$AA$46,15,0)="","",IF(E9=0,VLOOKUP(C9,AR!$C$4:$AA$46,15,0),IF(E9=1,VLOOKUP(C9,AR!$C$4:$AA$46,20,0),IF(E9=2,VLOOKUP(C9,AR!$C$4:$AA$46,25,0),"")))) -> B | K9: =VLOOKUP(C9,AR!$C$4:$K$996,7,0) -> Closed | L9: {=_xlfn.IFS(AND($E9<>"",$M9="Pending",$K9="CTA"),TODAY()-$G9,AND($E9<>"",$M9="Pending",$K9="AUR"),TODAY()-$H9,AND($E9<>"",$M9="Pending",$K9="STT"),TODAY()-$I9,OR(K9="Closed",K9=""),"")} | M9: =VLOOKUP(C9,AR!$C$4:$J$34,8,0) -> B | N9: =IF(AND(E9<>"",M9="Pending"),IF(L9>=5,"Overdue",IF(L9>=3,"High","")),"")
A10: =A9+1 -> 6 | B10: Architectural | C10: 523213-01-RFI-AR-0006 | D10: =VLOOKUP(C10,AR!$C$4:$J$52,2,0) -> Confirmation for Whether the Door Handle is to be Installed on the Right-Hand Side or Left-Hand Side. 2nd Floor | E10: =IF(VLOOKUP(C10,AR!$C$4:$J$46,6,0)="","",VLOOKUP(C10,AR!$C$4:$J$46,6,0)) -> 0 | G10: =IF(VLOOKUP(C10,AR!$C$4:$J$46,4,0)="","",VLOOKUP(C10,AR!$C$4:$J$46,4,0)) -> 46042 | H10: =IF(VLOOKUP(C10,AR!$C$4:$AA$46,12,0)="","",IF(E10=0,VLOOKUP(C10,AR!$C$4:$AA$46,12,0),IF(E10=1,VLOOKUP(C10,AR!$C$4:$AA$46,18,0),IF(E10=2,VLOOKUP(C10,AR!$C$4:$AA$46,23,0),"")))) -> 46052 | I10: =IF(VLOOKUP(C10,AR!$C$4:$AA$46,13,0)="","",IF(E10=0,VLOOKUP(C10,AR!$C$4:$AA$46,13,0),IF(E10=1,VLOOKUP(C10,AR!$C$4:$AA$46,18,0),IF(E10=2,VLOOKUP(C10,AR!$C$4:$AA$46,23,0),"")))) -> 46058 | J10: =IF(VLOOKUP(C10,AR!$C$4:$AA$46,15,0)="","",IF(E10=0,VLOOKUP(C10,AR!$C$4:$AA$46,15,0),IF(E10=1,VLOOKUP(C10,AR!$C$4:$AA$46,20,0),IF(E10=2,VLOOKUP(C10,AR!$C$4:$AA$46,25,0),"")))) | K10: =VLOOKUP(C10,AR!$C$4:$K$996,7,0) -> STT | L10: {=_xlfn.IFS(AND($E10<>"",$M10="Pending",$K10="CTA"),TODAY()-$G10,AND($E10<>"",$M10="Pending",$K10="AUR"),TODAY()-$H10,AND($E10<>"",$M10="Pending",$K10="STT"),TODAY()-$I10,OR(K10="Closed",K10=""),"")} -> 6 | M10: =VLOOKUP(C10,AR!$C$4:$J$34,8,0) -> Pending | N10: =IF(AND(E10<>"",M10="Pending"),IF(L10>=5,"Overdue",IF(L10>=3,"High","")),"") -> Overdue
A11: =A10+1 -> 7 | B11: Architectural | C11: 523213-01-RFI-AR-0007 | D11: =VLOOKUP(C11,AR!$C$4:$J$52,2,0) -> 0 | E11: =IF(VLOOKUP(C11,AR!$C$4:$J$46,6,0)="","",VLOOKUP(C11,AR!$C$4:$J$46,6,0)) | G11: =IF(VLOOKUP(C11,AR!$C$4:$J$46,4,0)="","",VLOOKUP(C11,AR!$C$4:$J$46,4,0)) | H11: =IF(VLOOKUP(C11,AR!$C$4:$AA$46,12,0)="","",IF(E11=0,VLOOKUP(C11,AR!$C$4:$AA$46,12,0),IF(E11=1,VLOOKUP(C11,AR!$C$4:$AA$46,18,0),IF(E11=2,VLOOKUP(C11,AR!$C$4:$AA$46,23,0),"")))) | I11: =IF(VLOOKUP(C11,AR!$C$4:$AA$46,13,0)="","",IF(E11=0,VLOOKUP(C11,AR!$C$4:$AA$46,13,0),IF(E11=1,VLOOKUP(C11,AR!$C$4:$AA$46,18,0),IF(E11=2,VLOOKUP(C11,AR!$C$4:$AA$46,23,0),"")))) | J11: =IF(VLOOKUP(C11,AR!$C$4:$AA$46,15,0)="","",IF(E11=0,VLOOKUP(C11,AR!$C$4:$AA$46,15,0),IF(E11=1,VLOOKUP(C11,AR!$C$4:$AA$46,20,0),IF(E11=2,VLOOKUP(C11,AR!$C$4:$AA$46,25,0),"")))) | K11: =VLOOKUP(C11,AR!$C$4:$K$996,7,0) -> 0 | L11: {=_xlfn.IFS(AND($E11<>"",$M11="Pending",$K11="CTA"),TODAY()-$G11,AND($E11<>"",$M11="Pending",$K11="AUR"),TODAY()-$H11,AND($E11<>"",$M11="Pending",$K11="STT"),TODAY()-$I11,OR(K11="Closed",K11=""),"")} -> #N/A | M11: =VLOOKUP(C11,AR!$C$4:$J$34,8,0) -> 0 | N11: =IF(AND(E11<>"",M11="Pending"),IF(L11>=5,"Overdue",IF(L11>=3,"High","")),"")
A12: =A11+1 -> 8 | B12: Architectural | C12: 523213-01-RFI-AR-0008 | D12: =VLOOKUP(C12,AR!$C$4:$J$52,2,0) -> 0 | E12: =IF(VLOOKUP(C12,AR!$C$4:$J$46,6,0)="","",VLOOKUP(C12,AR!$C$4:$J$46,6,0)) | G12: =IF(VLOOKUP(C12,AR!$C$4:$J$46,4,0)="","",VLOOKUP(C12,AR!$C$4:$J$46,4,0)) | H12: =IF(VLOOKUP(C12,AR!$C$4:$AA$46,12,0)="","",IF(E12=0,VLOOKUP(C12,AR!$C$4:$AA$46,12,0),IF(E12=1,VLOOKUP(C12,AR!$C$4:$AA$46,18,0),IF(E12=2,VLOOKUP(C12,AR!$C$4:$AA$46,23,0),"")))) | I12: =IF(VLOOKUP(C12,AR!$C$4:$AA$46,13,0)="","",IF(E12=0,VLOOKUP(C12,AR!$C$4:$AA$46,13,0),IF(E12=1,VLOOKUP(C12,AR!$C$4:$AA$46,18,0),IF(E12=2,VLOOKUP(C12,AR!$C$4:$AA$46,23,0),"")))) | J12: =IF(VLOOKUP(C12,AR!$C$4:$AA$46,15,0)="","",IF(E12=0,VLOOKUP(C12,AR!$C$4:$AA$46,15,0),IF(E12=1,VLOOKUP(C12,AR!$C$4:$AA$46,20,0),IF(E12=2,VLOOKUP(C12,AR!$C$4:$AA$46,25,0),"")))) | K12: =VLOOKUP(C12,AR!$C$4:$K$996,7,0) -> 0 | L12: {=_xlfn.IFS(AND($E12<>"",$M12="Pending",$K12="CTA"),TODAY()-$G12,AND($E12<>"",$M12="Pending",$K12="AUR"),TODAY()-$H12,AND($E12<>"",$M12="Pending",$K12="STT"),TODAY()-$I12,OR(K12="Closed",K12=""),"")} -> #N/A | M12: =VLOOKUP(C12,AR!$C$4:$J$34,8,0) -> 0 | N12: =IF(AND(E12<>"",M12="Pending"),IF(L12>=5,"Overdue",IF(L12>=3,"High","")),"")
A13: =A12+1 -> 9 | B13: Architectural | C13: 523213-01-RFI-AR-0009 | D13: =VLOOKUP(C13,AR!$C$4:$J$52,2,0) -> Indicate Wall Structure and Wall Finishes Type for Store and ELV. B Room | E13: =IF(VLOOKUP(C13,AR!$C$4:$J$46,6,0)="","",VLOOKUP(C13,AR!$C$4:$J$46,6,0)) -> 0 | G13: =IF(VLOOKUP(C13,AR!$C$4:$J$46,4,0)="","",VLOOKUP(C13,AR!$C$4:$J$46,4,0)) -> 46042 | H13: =IF(VLOOKUP(C13,AR!$C$4:$AA$46,12,0)="","",IF(E13=0,VLOOKUP(C13,AR!$C$4:$AA$46,12,0),IF(E13=1,VLOOKUP(C13,AR!$C$4:$AA$46,18,0),IF(E13=2,VLOOKUP(C13,AR!$C$4:$AA$46,23,0),"")))) -> 46043 | I13: =IF(VLOOKUP(C13,AR!$C$4:$AA$46,13,0)="","",IF(E13=0,VLOOKUP(C13,AR!$C$4:$AA$46,13,0),IF(E13=1,VLOOKUP(C13,AR!$C$4:$AA$46,18,0),IF(E13=2,VLOOKUP(C13,AR!$C$4:$AA$46,23,0),"")))) -> 46051 | J13: =IF(VLOOKUP(C13,AR!$C$4:$AA$46,15,0)="","",IF(E13=0,VLOOKUP(C13,AR!$C$4:$AA$46,15,0),IF(E13=1,VLOOKUP(C13,AR!$C$4:$AA$46,20,0),IF(E13=2,VLOOKUP(C13,AR!$C$4:$AA$46,25,0),"")))) -> B | K13: =VLOOKUP(C13,AR!$C$4:$K$996,7,0) -> Closed | L13: {=_xlfn.IFS(AND($E13<>"",$M13="Pending",$K13="CTA"),TODAY()-$G13,AND($E13<>"",$M13="Pending",$K13="AUR"),TODAY()-$H13,AND($E13<>"",$M13="Pending",$K13="STT"),TODAY()-$I13,OR(K13="Closed",K13=""),"")} | M13: =VLOOKUP(C13,AR!$C$4:$J$34,8,0) -> B | N13: =IF(AND(E13<>"",M13="Pending"),IF(L13>=5,"Overdue",IF(L13>=3,"High","")),"")
A14: =A13+1 -> 10 | B14: Architectural | C14: 523213-01-RFI-AR-0010 | D14: =VLOOKUP(C14,AR!$C$4:$J$52,2,0) -> Indicate Wall Structure and Wall Finishes Type for Batt S2, S3 and EE Room 6th Floor | E14: =IF(VLOOKUP(C14,AR!$C$4:$J$46,6,0)="","",VLOOKUP(C14,AR!$C$4:$J$46,6,0)) -> 0 | G14: =IF(VLOOKUP(C14,AR!$C$4:$J$46,4,0)="","",VLOOKUP(C14,AR!$C$4:$J$46,4,0)) -> 46042 | H14: =IF(VLOOKUP(C14,AR!$C$4:$AA$46,12,0)="","",IF(E14=0,VLOOKUP(C14,AR!$C$4:$AA$46,12,0),IF(E14=1,VLOOKUP(C14,AR!$C$4:$AA$46,18,0),IF(E14=2,VLOOKUP(C14,AR!$C$4:$AA$46,23,0),"")))) -> 46043 | I14: =IF(VLOOKUP(C14,AR!$C$4:$AA$46,13,0)="","",IF(E14=0,VLOOKUP(C14,AR!$C$4:$AA$46,13,0),IF(E14=1,VLOOKUP(C14,AR!$C$4:$AA$46,18,0),IF(E14=2,VLOOKUP(C14,AR!$C$4:$AA$46,23,0),"")))) -> 46051 | J14: =IF(VLOOKUP(C14,AR!$C$4:$AA$46,15,0)="","",IF(E14=0,VLOOKUP(C14,AR!$C$4:$AA$46,15,0),IF(E14=1,VLOOKUP(C14,AR!$C$4:$AA$46,20,0),IF(E14=2,VLOOKUP(C14,AR!$C$4:$AA$46,25,0),"")))) -> B | K14: =VLOOKUP(C14,AR!$C$4:$K$996,7,0) -> Closed | L14: {=_xlfn.IFS(AND($E14<>"",$M14="Pending",$K14="CTA"),TODAY()-$G14,AND($E14<>"",$M14="Pending",$K14="AUR"),TODAY()-$H14,AND($E14<>"",$M14="Pending",$K14="STT"),TODAY()-$I14,OR(K14="Closed",K14=""),"")} | M14: =VLOOKUP(C14,AR!$C$4:$J$34,8,0) -> B | N14: =IF(AND(E14<>"",M14="Pending"),IF(L14>=5,"Overdue",IF(L14>=3,"High","")),"")
A15: =A14+1 -> 11 | B15: Architectural | C15: 523213-01-RFI-AR-0011 | D15: =VLOOKUP(C15,AR!$C$4:$J$52,2,0) -> Indicate Wall Structure and Wall Finishes Type for D22 6th Floor | E15: =IF(VLOOKUP(C15,AR!$C$4:$J$46,6,0)="","",VLOOKUP(C15,AR!$C$4:$J$46,6,0)) -> 0 | G15: =IF(VLOOKUP(C15,AR!$C$4:$J$46,4,0)="","",VLOOKUP(C15,AR!$C$4:$J$46,4,0)) -> 46042 | H15: =IF(VLOOKUP(C15,AR!$C$4:$AA$46,12,0)="","",IF(E15=0,VLOOKUP(C15,AR!$C$4:$AA$46,12,0),IF(E15=1,VLOOKUP(C15,AR!$C$4:$AA$46,18,0),IF(E15=2,VLOOKUP(C15,AR!$C$4:$AA$46,23,0),"")))) -> 46043 | I15: =IF(VLOOKUP(C15,AR!$C$4:$AA$46,13,0)="","",IF(E15=0,VLOOKUP(C15,AR!$C$4:$AA$46,13,0),IF(E15=1,VLOOKUP(C15,AR!$C$4:$AA$46,18,0),IF(E15=2,VLOOKUP(C15,AR!$C$4:$AA$46,23,0),"")))) -> 46051 | J15: =IF(VLOOKUP(C15,AR!$C$4:$AA$46,15,0)="","",IF(E15=0,VLOOKUP(C15,AR!$C$4:$AA$46,15,0),IF(E15=1,VLOOKUP(C15,AR!$C$4:$AA$46,20,0),IF(E15=2,VLOOKUP(C15,AR!$C$4:$AA$46,25,0),"")))) -> B | K15: =VLOOKUP(C15,AR!$C$4:$K$996,7,0) -> Closed | L15: {=_xlfn.IFS(AND($E15<>"",$M15="Pending",$K15="CTA"),TODAY()-$G15,AND($E15<>"",$M15="Pending",$K15="AUR"),TODAY()-$H15,AND($E15<>"",$M15="Pending",$K15="STT"),TODAY()-$I15,OR(K15="Closed",K15=""),"")} | M15: =VLOOKUP(C15,AR!$C$4:$J$34,8,0) -> B | N15: =IF(AND(E15<>"",M15="Pending"),IF(L15>=5,"Overdue",IF(L15>=3,"High","")),"")
A16: =A15+1 -> 12 | B16: Architectural | C16: 523213-01-RFI-AR-0012 | D16: =VLOOKUP(C16,AR!$C$4:$J$52,2,0) -> Clarification on Raised Floor for DB Load Bank Room | E16: =IF(VLOOKUP(C16,AR!$C$4:$J$46,6,0)="","",VLOOKUP(C16,AR!$C$4:$J$46,6,0)) -> 0 | G16: =IF(VLOOKUP(C16,AR!$C$4:$J$46,4,0)="","",VLOOKUP(C16,AR!$C$4:$J$46,4,0)) -> 46042 | H16: =IF(VLOOKUP(C16,AR!$C$4:$AA$46,12,0)="","",IF(E16=0,VLOOKUP(C16,AR!$C$4:$AA$46,12,0),IF(E16=1,VLOOKUP(C16,AR!$C$4:$AA$46,18,0),IF(E16=2,VLOOKUP(C16,AR!$C$4:$AA$46,23,0),"")))) -> 46043 | I16: =IF(VLOOKUP(C16,AR!$C$4:$AA$46,13,0)="","",IF(E16=0,VLOOKUP(C16,AR!$C$4:$AA$46,13,0),IF(E16=1,VLOOKUP(C16,AR!$C$4:$AA$46,18,0),IF(E16=2,VLOOKUP(C16,AR!$C$4:$AA$46,23,0),"")))) -> 46051 | J16: =IF(VLOOKUP(C16,AR!$C$4:$AA$46,15,0)="","",IF(E16=0,VLOOKUP(C16,AR!$C$4:$AA$46,15,0),IF(E16=1,VLOOKUP(C16,AR!$C$4:$AA$46,20,0),IF(E16=2,VLOOKUP(C16,AR!$C$4:$AA$46,25,0),"")))) -> B | K16: =VLOOKUP(C16,AR!$C$4:$K$996,7,0) -> Closed | L16: {=_xlfn.IFS(AND($E16<>"",$M16="Pending",$K16="CTA"),TODAY()-$G16,AND($E16<>"",$M16="Pending",$K16="AUR"),TODAY()-$H16,AND($E16<>"",$M16="Pending",$K16="STT"),TODAY()-$I16,OR(K16="Closed",K16=""),"")} | M16: =VLOOKUP(C16,AR!$C$4:$J$34,8,0) -> B | N16: =IF(AND(E16<>"",M16="Pending"),IF(L16>=5,"Overdue",IF(L16>=3,"High","")),"")
A17: =A16+1 -> 13 | B17: Architectural | C17: 523213-01-RFI-AR-0013 | D17: =VLOOKUP(C17,AR!$C$4:$J$52,2,0) -> Floor Tiles Size, Start Point, Layout and Orientation for Security Room and Reception Hall 1st FL | E17: =IF(VLOOKUP(C17,AR!$C$4:$J$46,6,0)="","",VLOOKUP(C17,AR!$C$4:$J$46,6,0)) -> 0 | G17: =IF(VLOOKUP(C17,AR!$C$4:$J$46,4,0)="","",VLOOKUP(C17,AR!$C$4:$J$46,4,0)) -> 46042 | H17: =IF(VLOOKUP(C17,AR!$C$4:$AA$46,12,0)="","",IF(E17=0,VLOOKUP(C17,AR!$C$4:$AA$46,12,0),IF(E17=1,VLOOKUP(C17,AR!$C$4:$AA$46,18,0),IF(E17=2,VLOOKUP(C17,AR!$C$4:$AA$46,23,0),"")))) -> 46052 | I17: =IF(VLOOKUP(C17,AR!$C$4:$AA$46,13,0)="","",IF(E17=0,VLOOKUP(C17,AR!$C$4:$AA$46,13,0),IF(E17=1,VLOOKUP(C17,AR!$C$4:$AA$46,18,0),IF(E17=2,VLOOKUP(C17,AR!$C$4:$AA$46,23,0),"")))) -> 46057 | J17: =IF(VLOOKUP(C17,AR!$C$4:$AA$46,15,0)="","",IF(E17=0,VLOOKUP(C17,AR!$C$4:$AA$46,15,0),IF(E17=1,VLOOKUP(C17,AR!$C$4:$AA$46,20,0),IF(E17=2,VLOOKUP(C17,AR!$C$4:$AA$46,25,0),"")))) -> B | K17: =VLOOKUP(C17,AR!$C$4:$K$996,7,0) -> Closed | L17: {=_xlfn.IFS(AND($E17<>"",$M17="Pending",$K17="CTA"),TODAY()-$G17,AND($E17<>"",$M17="Pending",$K17="AUR"),TODAY()-$H17,AND($E17<>"",$M17="Pending",$K17="STT"),TODAY()-$I17,OR(K17="Closed",K17=""),"")} | M17: =VLOOKUP(C17,AR!$C$4:$J$34,8,0) -> B | N17: =IF(AND(E17<>"",M17="Pending"),IF(L17>=5,"Overdue",IF(L17>=3,"High","")),"")
A18: =A17+1 -> 14 | B18: Architectural | C18: 523213-01-RFI-AR-0014 | D18: =VLOOKUP(C18,AR!$C$4:$J$52,2,0) -> C11 Ceiling type Specification | E18: =IF(VLOOKUP(C18,AR!$C$4:$J$46,6,0)="","",VLOOKUP(C18,AR!$C$4:$J$46,6,0)) -> 0 | G18: =IF(VLOOKUP(C18,AR!$C$4:$J$46,4,0)="","",VLOOKUP(C18,AR!$C$4:$J$46,4,0)) -> 46042 | H18: =IF(VLOOKUP(C18,AR!$C$4:$AA$46,12,0)="","",IF(E18=0,VLOOKUP(C18,AR!$C$4:$AA$46,12,0),IF(E18=1,VLOOKUP(C18,AR!$C$4:$AA$46,18,0),IF(E18=2,VLOOKUP(C18,AR!$C$4:$AA$46,23,0),"")))) -> 46043 | I18: =IF(VLOOKUP(C18,AR!$C$4:$AA$46,13,0)="","",IF(E18=0,VLOOKUP(C18,AR!$C$4:$AA$46,13,0),IF(E18=1,VLOOKUP(C18,AR!$C$4:$AA$46,18,0),IF(E18=2,VLOOKUP(C18,AR!$C$4:$AA$46,23,0),"")))) -> 46051 | J18: =IF(VLOOKUP(C18,AR!$C$4:$AA$46,15,0)="","",IF(E18=0,VLOOKUP(C18,AR!$C$4:$AA$46,15,0),IF(E18=1,VLOOKUP(C18,AR!$C$4:$AA$46,20,0),IF(E18=2,VLOOKUP(C18,AR!$C$4:$AA$46,25,0),"")))) -> B | K18: =VLOOKUP(C18,AR!$C$4:$K$996,7,0) -> Closed | L18: {=_xlfn.IFS(AND($E18<>"",$M18="Pending",$K18="CTA"),TODAY()-$G18,AND($E18<>"",$M18="Pending",$K18="AUR"),TODAY()-$H18,AND($E18<>"",$M18="Pending",$K18="STT"),TODAY()-$I18,OR(K18="Closed",K18=""),"")} | M18: =VLOOKUP(C18,AR!$C$4:$J$34,8,0) -> B | N18: =IF(AND(E18<>"",M18="Pending"),IF(L18>=5,"Overdue",IF(L18>=3,"High","")),"")
A19: =A18+1 -> 15 | B19: Architectural | C19: 523213-01-RFI-AR-0015 | D19: =VLOOKUP(C19,AR!$C$4:$J$52,2,0) -> Confirm Ceiling Type 6th FL (C4 or C10) | E19: =IF(VLOOKUP(C19,AR!$C$4:$J$46,6,0)="","",VLOOKUP(C19,AR!$C$4:$J$46,6,0)) -> 0 | G19: =IF(VLOOKUP(C19,AR!$C$4:$J$46,4,0)="","",VLOOKUP(C19,AR!$C$4:$J$46,4,0)) -> 46037 | H19: =IF(VLOOKUP(C19,AR!$C$4:$AA$46,12,0)="","",IF(E19=0,VLOOKUP(C19,AR!$C$4:$AA$46,12,0),IF(E19=1,VLOOKUP(C19,AR!$C$4:$AA$46,18,0),IF(E19=2,VLOOKUP(C19,AR!$C$4:$AA$46,23,0),"")))) -> 46043 | I19: =IF(VLOOKUP(C19,AR!$C$4:$AA$46,13,0)="","",IF(E19=0,VLOOKUP(C19,AR!$C$4:$AA$46,13,0),IF(E19=1,VLOOKUP(C19,AR!$C$4:$AA$46,18,0),IF(E19=2,VLOOKUP(C19,AR!$C$4:$AA$46,23,0),"")))) -> 46051 | J19: =IF(VLOOKUP(C19,AR!$C$4:$AA$46,15,0)="","",IF(E19=0,VLOOKUP(C19,AR!$C$4:$AA$46,15,0),IF(E19=1,VLOOKUP(C19,AR!$C$4:$AA$46,20,0),IF(E19=2,VLOOKUP(C19,AR!$C$4:$AA$46,25,0),"")))) -> B | K19: =VLOOKUP(C19,AR!$C$4:$K$996,7,0) -> Closed | L19: {=_xlfn.IFS(AND($E19<>"",$M19="Pending",$K19="CTA"),TODAY()-$G19,AND($E19<>"",$M19="Pending",$K19="AUR"),TODAY()-$H19,AND($E19<>"",$M19="Pending",$K19="STT"),TODAY()-$I19,OR(K19="Closed",K19=""),"")} | M19: =VLOOKUP(C19,AR!$C$4:$J$34,8,0) -> B | N19: =IF(AND(E19<>"",M19="Pending"),IF(L19>=5,"Overdue",IF(L19>=3,"High","")),"") | O19: Urgent
A20: =A19+1 -> 16 | B20: Architectural | C20: 523213-01-RFI-AR-0016 | D20: =VLOOKUP(C20,AR!$C$4:$J$52,2,0) -> Generator Set and PAU Rooms Waterproofing Scope | E20: =IF(VLOOKUP(C20,AR!$C$4:$J$46,6,0)="","",VLOOKUP(C20,AR!$C$4:$J$46,6,0)) -> 0 | G20: =IF(VLOOKUP(C20,AR!$C$4:$J$46,4,0)="","",VLOOKUP(C20,AR!$C$4:$J$46,4,0)) -> 46042 | H20: =IF(VLOOKUP(C20,AR!$C$4:$AA$46,12,0)="","",IF(E20=0,VLOOKUP(C20,AR!$C$4:$AA$46,12,0),IF(E20=1,VLOOKUP(C20,AR!$C$4:$AA$46,18,0),IF(E20=2,VLOOKUP(C20,AR!$C$4:$AA$46,23,0),"")))) -> 46058 | I20: =IF(VLOOKUP(C20,AR!$C$4:$AA$46,13,0)="","",IF(E20=0,VLOOKUP(C20,AR!$C$4:$AA$46,13,0),IF(E20=1,VLOOKUP(C20,AR!$C$4:$AA$46,18,0),IF(E20=2,VLOOKUP(C20,AR!$C$4:$AA$46,23,0),"")))) -> 46059 | J20: =IF(VLOOKUP(C20,AR!$C$4:$AA$46,15,0)="","",IF(E20=0,VLOOKUP(C20,AR!$C$4:$AA$46,15,0),IF(E20=1,VLOOKUP(C20,AR!$C$4:$AA$46,20,0),IF(E20=2,VLOOKUP(C20,AR!$C$4:$AA$46,25,0),"")))) | K20: =VLOOKUP(C20,AR!$C$4:$K$996,7,0) -> STT | L20: {=_xlfn.IFS(AND($E20<>"",$M20="Pending",$K20="CTA"),TODAY()-$G20,AND($E20<>"",$M20="Pending",$K20="AUR"),TODAY()-$H20,AND($E20<>"",$M20="Pending",$K20="STT"),TODAY()-$I20,OR(K20="Closed",K20=""),"")} -> 5 | M20: =VLOOKUP(C20,AR!$C$4:$J$34,8,0) -> Pending | N20: =IF(AND(E20<>"",M20="Pending"),IF(L20>=5,"Overdue",IF(L20>=3,"High","")),"") -> Overdue
A21: =A20+1 -> 17 | B21: Architectural | C21: 523213-01-RFI-AR-0017 | D21: =VLOOKUP(C21,AR!$C$4:$J$52,2,0) -> Busway Riser or EE Riser 2nd Floor | E21: =IF(VLOOKUP(C21,AR!$C$4:$J$46,6,0)="","",VLOOKUP(C21,AR!$C$4:$J$46,6,0)) -> 0 | G21: =IF(VLOOKUP(C21,AR!$C$4:$J$46,4,0)="","",VLOOKUP(C21,AR!$C$4:$J$46,4,0)) -> 46037 | H21: =IF(VLOOKUP(C21,AR!$C$4:$AA$46,12,0)="","",IF(E21=0,VLOOKUP(C21,AR!$C$4:$AA$46,12,0),IF(E21=1,VLOOKUP(C21,AR!$C$4:$AA$46,18,0),IF(E21=2,VLOOKUP(C21,AR!$C$4:$AA$46,23,0),"")))) -> 46052 | I21: =IF(VLOOKUP(C21,AR!$C$4:$AA$46,13,0)="","",IF(E21=0,VLOOKUP(C21,AR!$C$4:$AA$46,13,0),IF(E21=1,VLOOKUP(C21,AR!$C$4:$AA$46,18,0),IF(E21=2,VLOOKUP(C21,AR!$C$4:$AA$46,23,0),"")))) -> 46058 | J21: =IF(VLOOKUP(C21,AR!$C$4:$AA$46,15,0)="","",IF(E21=0,VLOOKUP(C21,AR!$C$4:$AA$46,15,0),IF(E21=1,VLOOKUP(C21,AR!$C$4:$AA$46,20,0),IF(E21=2,VLOOKUP(C21,AR!$C$4:$AA$46,25,0),"")))) | K21: =VLOOKUP(C21,AR!$C$4:$K$996,7,0) -> STT | L21: {=_xlfn.IFS(AND($E21<>"",$M21="Pending",$K21="CTA"),TODAY()-$G21,AND($E21<>"",$M21="Pending",$K21="AUR"),TODAY()-$H21,AND($E21<>"",$M21="Pending",$K21="STT"),TODAY()-$I21,OR(K21="Closed",K21=""),"")} -> 6 | M21: =VLOOKUP(C21,AR!$C$4:$J$34,8,0) -> Pending | N21: =IF(AND(E21<>"",M21="Pending"),IF(L21>=5,"Overdue",IF(L21>=3,"High","")),"") -> Overdue
A22: =A21+1 -> 18 | B22: Architectural | C22: 523213-01-RFI-AR-0018 | D22: =VLOOKUP(C22,AR!$C$4:$J$52,2,0) -> Regarding the alignment of the wall between IFC and TTI model is not the same. Gaa would like to confirm which model we should use? | E22: =IF(VLOOKUP(C22,AR!$C$4:$J$46,6,0)="","",VLOOKUP(C22,AR!$C$4:$J$46,6,0)) -> 0 | G22: =IF(VLOOKUP(C22,AR!$C$4:$J$46,4,0)="","",VLOOKUP(C22,AR!$C$4:$J$46,4,0)) -> 46035 | H22: =IF(VLOOKUP(C22,AR!$C$4:$AA$46,12,0)="","",IF(E22=0,VLOOKUP(C22,AR!$C$4:$AA$46,12,0),IF(E22=1,VLOOKUP(C22,AR!$C$4:$AA$46,18,0),IF(E22=2,VLOOKUP(C22,AR!$C$4:$AA$46,23,0),"")))) -> 46043 | I22: =IF(VLOOKUP(C22,AR!$C$4:$AA$46,13,0)="","",IF(E22=0,VLOOKUP(C22,AR!$C$4:$AA$46,13,0),IF(E22=1,VLOOKUP(C22,AR!$C$4:$AA$46,18,0),IF(E22=2,VLOOKUP(C22,AR!$C$4:$AA$46,23,0),"")))) -> 46052 | J22: =IF(VLOOKUP(C22,AR!$C$4:$AA$46,15,0)="","",IF(E22=0,VLOOKUP(C22,AR!$C$4:$AA$46,15,0),IF(E22=1,VLOOKUP(C22,AR!$C$4:$AA$46,20,0),IF(E22=2,VLOOKUP(C22,AR!$C$4:$AA$46,25,0),"")))) | K22: =VLOOKUP(C22,AR!$C$4:$K$996,7,0) -> Closed | L22: {=_xlfn.IFS(AND($E22<>"",$M22="Pending",$K22="CTA"),TODAY()-$G22,AND($E22<>"",$M22="Pending",$K22="AUR"),TODAY()-$H22,AND($E22<>"",$M22="Pending",$K22="STT"),TODAY()-$I22,OR(K22="Closed",K22=""),"")} | M22: =VLOOKUP(C22,AR!$C$4:$J$34,8,0) -> B | N22: =IF(AND(E22<>"",M22="Pending"),IF(L22>=5,"Overdue",IF(L22>=3,"High","")),"")
A23: =A22+1 -> 19 | B23: Architectural | C23: 523213-01-RFI-AR-0019 | D23: =VLOOKUP(C23,AR!$C$4:$J$52,2,0) -> Clarification on Door Frame Depth Considering Different Wall Thicknesses | E23: =IF(VLOOKUP(C23,AR!$C$4:$J$46,6,0)="","",VLOOKUP(C23,AR!$C$4:$J$46,6,0)) -> 0 | G23: =IF(VLOOKUP(C23,AR!$C$4:$J$46,4,0)="","",VLOOKUP(C23,AR!$C$4:$J$46,4,0)) -> 46036 | H23: =IF(VLOOKUP(C23,AR!$C$4:$AA$46,12,0)="","",IF(E23=0,VLOOKUP(C23,AR!$C$4:$AA$46,12,0),IF(E23=1,VLOOKUP(C23,AR!$C$4:$AA$46,18,0),IF(E23=2,VLOOKUP(C23,AR!$C$4:$AA$46,23,0),"")))) -> 46043 | I23: =IF(VLOOKUP(C23,AR!$C$4:$AA$46,13,0)="","",IF(E23=0,VLOOKUP(C23,AR!$C$4:$AA$46,13,0),IF(E23=1,VLOOKUP(C23,AR!$C$4:$AA$46,18,0),IF(E23=2,VLOOKUP(C23,AR!$C$4:$AA$46,23,0),"")))) -> 46052 | J23: =IF(VLOOKUP(C23,AR!$C$4:$AA$46,15,0)="","",IF(E23=0,VLOOKUP(C23,AR!$C$4:$AA$46,15,0),IF(E23=1,VLOOKUP(C23,AR!$C$4:$AA$46,20,0),IF(E23=2,VLOOKUP(C23,AR!$C$4:$AA$46,25,0),"")))) | K23: =VLOOKUP(C23,AR!$C$4:$K$996,7,0) -> Closed | L23: {=_xlfn.IFS(AND($E23<>"",$M23="Pending",$K23="CTA"),TODAY()-$G23,AND($E23<>"",$M23="Pending",$K23="AUR"),TODAY()-$H23,AND($E23<>"",$M23="Pending",$K23="STT"),TODAY()-$I23,OR(K23="Closed",K23=""),"")} | M23: =VLOOKUP(C23,AR!$C$4:$J$34,8,0) -> B | N23: =IF(AND(E23<>"",M23="Pending"),IF(L23>=5,"Overdue",IF(L23>=3,"High","")),"")
A24: =A23+1 -> 20 | B24: Architectural | C24: 523213-01-RFI-AR-0020 | D24: =VLOOKUP(C24,AR!$C$4:$J$52,2,0) -> Clarification of Return Air Grills 2nd, 3rd, 4th and 5th Floor | E24: =IF(VLOOKUP(C24,AR!$C$4:$J$46,6,0)="","",VLOOKUP(C24,AR!$C$4:$J$46,6,0)) -> 0 | G24: =IF(VLOOKUP(C24,AR!$C$4:$J$46,4,0)="","",VLOOKUP(C24,AR!$C$4:$J$46,4,0)) -> 46037 | H24: =IF(VLOOKUP(C24,AR!$C$4:$AA$46,12,0)="","",IF(E24=0,VLOOKUP(C24,AR!$C$4:$AA$46,12,0),IF(E24=1,VLOOKUP(C24,AR!$C$4:$AA$46,18,0),IF(E24=2,VLOOKUP(C24,AR!$C$4:$AA$46,23,0),"")))) -> 46043 | I24: =IF(VLOOKUP(C24,AR!$C$4:$AA$46,13,0)="","",IF(E24=0,VLOOKUP(C24,AR!$C$4:$AA$46,13,0),IF(E24=1,VLOOKUP(C24,AR!$C$4:$AA$46,18,0),IF(E24=2,VLOOKUP(C24,AR!$C$4:$AA$46,23,0),"")))) -> 46052 | J24: =IF(VLOOKUP(C24,AR!$C$4:$AA$46,15,0)="","",IF(E24=0,VLOOKUP(C24,AR!$C$4:$AA$46,15,0),IF(E24=1,VLOOKUP(C24,AR!$C$4:$AA$46,20,0),IF(E24=2,VLOOKUP(C24,AR!$C$4:$AA$46,25,0),"")))) | K24: =VLOOKUP(C24,AR!$C$4:$K$996,7,0) -> Closed | L24: {=_xlfn.IFS(AND($E24<>"",$M24="Pending",$K24="CTA"),TODAY()-$G24,AND($E24<>"",$M24="Pending",$K24="AUR"),TODAY()-$H24,AND($E24<>"",$M24="Pending",$K24="STT"),TODAY()-$I24,OR(K24="Closed",K24=""),"")} | M24: =VLOOKUP(C24,AR!$C$4:$J$34,8,0) -> B | N24: =IF(AND(E24<>"",M24="Pending"),IF(L24>=5,"Overdue",IF(L24>=3,"High","")),"")
A25: =A24+1 -> 21 | B25: Architectural | C25: 523213-01-RFI-AR-0021 | D25: =VLOOKUP(C25,AR!$C$4:$J$52,2,0) -> 0 | E25: =IF(VLOOKUP(C25,AR!$C$4:$J$46,6,0)="","",VLOOKUP(C25,AR!$C$4:$J$46,6,0)) | G25: =IF(VLOOKUP(C25,AR!$C$4:$J$46,4,0)="","",VLOOKUP(C25,AR!$C$4:$J$46,4,0)) | H25: =IF(VLOOKUP(C25,AR!$C$4:$AA$46,12,0)="","",IF(E25=0,VLOOKUP(C25,AR!$C$4:$AA$46,12,0),IF(E25=1,VLOOKUP(C25,AR!$C$4:$AA$46,18,0),IF(E25=2,VLOOKUP(C25,AR!$C$4:$AA$46,23,0),"")))) | I25: =IF(VLOOKUP(C25,AR!$C$4:$AA$46,13,0)="","",IF(E25=0,VLOOKUP(C25,AR!$C$4:$AA$46,13,0),IF(E25=1,VLOOKUP(C25,AR!$C$4:$AA$46,18,0),IF(E25=2,VLOOKUP(C25,AR!$C$4:$AA$46,23,0),"")))) | J25: =IF(VLOOKUP(C25,AR!$C$4:$AA$46,15,0)="","",IF(E25=0,VLOOKUP(C25,AR!$C$4:$AA$46,15,0),IF(E25=1,VLOOKUP(C25,AR!$C$4:$AA$46,20,0),IF(E25=2,VLOOKUP(C25,AR!$C$4:$AA$46,25,0),"")))) | K25: =VLOOKUP(C25,AR!$C$4:$K$996,7,0) -> 0 | L25: {=_xlfn.IFS(AND($E25<>"",$M25="Pending",$K25="CTA"),TODAY()-$G25,AND($E25<>"",$M25="Pending",$K25="AUR"),TODAY()-$H25,AND($E25<>"",$M25="Pending",$K25="STT"),TODAY()-$I25,OR(K25="Closed",K25=""),"")} -> #N/A | M25: =VLOOKUP(C25,AR!$C$4:$J$34,8,0) -> 0 | N25: =IF(AND(E25<>"",M25="Pending"),IF(L25>=5,"Overdue",IF(L25>=3,"High","")),"")
A26: =A25+1 -> 22 | B26: Architectural | C26: 523213-01-RFI-AR-0022 | D26: =VLOOKUP(C26,AR!$C$4:$J$52,2,0) -> Floor Flatness FM2 and Screed Reinforcement details for Data Hall and Related Area | E26: =IF(VLOOKUP(C26,AR!$C$4:$J$46,6,0)="","",VLOOKUP(C26,AR!$C$4:$J$46,6,0)) -> 0 | G26: =IF(VLOOKUP(C26,AR!$C$4:$J$46,4,0)="","",VLOOKUP(C26,AR!$C$4:$J$46,4,0)) -> 46039 | H26: =IF(VLOOKUP(C26,AR!$C$4:$AA$46,12,0)="","",IF(E26=0,VLOOKUP(C26,AR!$C$4:$AA$46,12,0),IF(E26=1,VLOOKUP(C26,AR!$C$4:$AA$46,18,0),IF(E26=2,VLOOKUP(C26,AR!$C$4:$AA$46,23,0),"")))) -> 46044 | I26: =IF(VLOOKUP(C26,AR!$C$4:$AA$46,13,0)="","",IF(E26=0,VLOOKUP(C26,AR!$C$4:$AA$46,13,0),IF(E26=1,VLOOKUP(C26,AR!$C$4:$AA$46,18,0),IF(E26=2,VLOOKUP(C26,AR!$C$4:$AA$46,23,0),"")))) -> 46048 | J26: =IF(VLOOKUP(C26,AR!$C$4:$AA$46,15,0)="","",IF(E26=0,VLOOKUP(C26,AR!$C$4:$AA$46,15,0),IF(E26=1,VLOOKUP(C26,AR!$C$4:$AA$46,20,0),IF(E26=2,VLOOKUP(C26,AR!$C$4:$AA$46,25,0),"")))) | K26: =VLOOKUP(C26,AR!$C$4:$K$996,7,0) -> Closed | L26: {=_xlfn.IFS(AND($E26<>"",$M26="Pending",$K26="CTA"),TODAY()-$G26,AND($E26<>"",$M26="Pending",$K26="AUR"),TODAY()-$H26,AND($E26<>"",$M26="Pending",$K26="STT"),TODAY()-$I26,OR(K26="Closed",K26=""),"")} | M26: =VLOOKUP(C26,AR!$C$4:$J$34,8,0) -> B | N26: =IF(AND(E26<>"",M26="Pending"),IF(L26>=5,"Overdue",IF(L26>=3,"High","")),"") | O26: Urgent
A27: =A26+1 -> 23 | B27: Architectural | C27: 523213-01-RFI-AR-0023 | D27: =VLOOKUP(C27,AR!$C$4:$J$52,2,0) -> Finishing Schedule | E27: =IF(VLOOKUP(C27,AR!$C$4:$J$46,6,0)="","",VLOOKUP(C27,AR!$C$4:$J$46,6,0)) -> 0 | G27: =IF(VLOOKUP(C27,AR!$C$4:$J$46,4,0)="","",VLOOKUP(C27,AR!$C$4:$J$46,4,0)) -> 46038 | H27: =IF(VLOOKUP(C27,AR!$C$4:$AA$46,12,0)="","",IF(E27=0,VLOOKUP(C27,AR!$C$4:$AA$46,12,0),IF(E27=1,VLOOKUP(C27,AR!$C$4:$AA$46,18,0),IF(E27=2,VLOOKUP(C27,AR!$C$4:$AA$46,23,0),"")))) -> 46043 | I27: =IF(VLOOKUP(C27,AR!$C$4:$AA$46,13,0)="","",IF(E27=0,VLOOKUP(C27,AR!$C$4:$AA$46,13,0),IF(E27=1,VLOOKUP(C27,AR!$C$4:$AA$46,18,0),IF(E27=2,VLOOKUP(C27,AR!$C$4:$AA$46,23,0),"")))) -> 46052 | J27: =IF(VLOOKUP(C27,AR!$C$4:$AA$46,15,0)="","",IF(E27=0,VLOOKUP(C27,AR!$C$4:$AA$46,15,0),IF(E27=1,VLOOKUP(C27,AR!$C$4:$AA$46,20,0),IF(E27=2,VLOOKUP(C27,AR!$C$4:$AA$46,25,0),"")))) | K27: =VLOOKUP(C27,AR!$C$4:$K$996,7,0) -> Closed | L27: {=_xlfn.IFS(AND($E27<>"",$M27="Pending",$K27="CTA"),TODAY()-$G27,AND($E27<>"",$M27="Pending",$K27="AUR"),TODAY()-$H27,AND($E27<>"",$M27="Pending",$K27="STT"),TODAY()-$I27,OR(K27="Closed",K27=""),"")} | M27: =VLOOKUP(C27,AR!$C$4:$J$34,8,0) -> B | N27: =IF(AND(E27<>"",M27="Pending"),IF(L27>=5,"Overdue",IF(L27>=3,"High","")),"")
A28: =A27+1 -> 24 | B28: Architectural | C28: 523213-01-RFI-AR-0024 | D28: =VLOOKUP(C28,AR!$C$4:$J$52,2,0) -> Confirmation on the Wire Mesh Screen Details at the Fan wall Corridors | E28: =IF(VLOOKUP(C28,AR!$C$4:$J$46,6,0)="","",VLOOKUP(C28,AR!$C$4:$J$46,6,0)) -> 0 | G28: =IF(VLOOKUP(C28,AR!$C$4:$J$46,4,0)="","",VLOOKUP(C28,AR!$C$4:$J$46,4,0)) -> 46041 | H28: =IF(VLOOKUP(C28,AR!$C$4:$AA$46,12,0)="","",IF(E28=0,VLOOKUP(C28,AR!$C$4:$AA$46,12,0),IF(E28=1,VLOOKUP(C28,AR!$C$4:$AA$46,18,0),IF(E28=2,VLOOKUP(C28,AR!$C$4:$AA$46,23,0),"")))) -> 46043 | I28: =IF(VLOOKUP(C28,AR!$C$4:$AA$46,13,0)="","",IF(E28=0,VLOOKUP(C28,AR!$C$4:$AA$46,13,0),IF(E28=1,VLOOKUP(C28,AR!$C$4:$AA$46,18,0),IF(E28=2,VLOOKUP(C28,AR!$C$4:$AA$46,23,0),"")))) -> 46052 | J28: =IF(VLOOKUP(C28,AR!$C$4:$AA$46,15,0)="","",IF(E28=0,VLOOKUP(C28,AR!$C$4:$AA$46,15,0),IF(E28=1,VLOOKUP(C28,AR!$C$4:$AA$46,20,0),IF(E28=2,VLOOKUP(C28,AR!$C$4:$AA$46,25,0),"")))) | K28: =VLOOKUP(C28,AR!$C$4:$K$996,7,0) -> Closed | L28: {=_xlfn.IFS(AND($E28<>"",$M28="Pending",$K28="CTA"),TODAY()-$G28,AND($E28<>"",$M28="Pending",$K28="AUR"),TODAY()-$H28,AND($E28<>"",$M28="Pending",$K28="STT"),TODAY()-$I28,OR(K28="Closed",K28=""),"")} | M28: =VLOOKUP(C28,AR!$C$4:$J$34,8,0) -> B | N28: =IF(AND(E28<>"",M28="Pending"),IF(L28>=5,"Overdue",IF(L28>=3,"High","")),"")
A29: =A28+1 -> 25 | B29: Architectural | C29: 523213-01-RFI-AR-0025 | D29: =VLOOKUP(C29,AR!$C$4:$J$52,2,0) -> Confirm for the Final Height of HMI Display from Fan wall unit (FWU) with Respects to Human Ratio | E29: =IF(VLOOKUP(C29,AR!$C$4:$J$46,6,0)="","",VLOOKUP(C29,AR!$C$4:$J$46,6,0)) -> 0 | G29: =IF(VLOOKUP(C29,AR!$C$4:$J$46,4,0)="","",VLOOKUP(C29,AR!$C$4:$J$46,4,0)) -> 46041 | H29: =IF(VLOOKUP(C29,AR!$C$4:$AA$46,12,0)="","",IF(E29=0,VLOOKUP(C29,AR!$C$4:$AA$46,12,0),IF(E29=1,VLOOKUP(C29,AR!$C$4:$AA$46,18,0),IF(E29=2,VLOOKUP(C29,AR!$C$4:$AA$46,23,0),"")))) -> 46043 | I29: =IF(VLOOKUP(C29,AR!$C$4:$AA$46,13,0)="","",IF(E29=0,VLOOKUP(C29,AR!$C$4:$AA$46,13,0),IF(E29=1,VLOOKUP(C29,AR!$C$4:$AA$46,18,0),IF(E29=2,VLOOKUP(C29,AR!$C$4:$AA$46,23,0),"")))) -> 46052 | J29: =IF(VLOOKUP(C29,AR!$C$4:$AA$46,15,0)="","",IF(E29=0,VLOOKUP(C29,AR!$C$4:$AA$46,15,0),IF(E29=1,VLOOKUP(C29,AR!$C$4:$AA$46,20,0),IF(E29=2,VLOOKUP(C29,AR!$C$4:$AA$46,25,0),"")))) | K29: =VLOOKUP(C29,AR!$C$4:$K$996,7,0) -> Closed | L29: {=_xlfn.IFS(AND($E29<>"",$M29="Pending",$K29="CTA"),TODAY()-$G29,AND($E29<>"",$M29="Pending",$K29="AUR"),TODAY()-$H29,AND($E29<>"",$M29="Pending",$K29="STT"),TODAY()-$I29,OR(K29="Closed",K29=""),"")} | M29: =VLOOKUP(C29,AR!$C$4:$J$34,8,0) -> B | N29: =IF(AND(E29<>"",M29="Pending"),IF(L29>=5,"Overdue",IF(L29>=3,"High","")),"")
A30: =A29+1 -> 26 | B30: Architectural | C30: 523213-01-RFI-AR-0026 | D30: =VLOOKUP(C30,AR!$C$4:$J$52,2,0) -> Reduce the Thickness of Glass block in the Curve Wall from 12.7 mm. to 10.0 mm. | E30: =IF(VLOOKUP(C30,AR!$C$4:$J$46,6,0)="","",VLOOKUP(C30,AR!$C$4:$J$46,6,0)) -> 0 | G30: =IF(VLOOKUP(C30,AR!$C$4:$J$46,4,0)="","",VLOOKUP(C30,AR!$C$4:$J$46,4,0)) -> 46041 | H30: =IF(VLOOKUP(C30,AR!$C$4:$AA$46,12,0)="","",IF(E30=0,VLOOKUP(C30,AR!$C$4:$AA$46,12,0),IF(E30=1,VLOOKUP(C30,AR!$C$4:$AA$46,18,0),IF(E30=2,VLOOKUP(C30,AR!$C$4:$AA$46,23,0),"")))) -> 46043 | I30: =IF(VLOOKUP(C30,AR!$C$4:$AA$46,13,0)="","",IF(E30=0,VLOOKUP(C30,AR!$C$4:$AA$46,13,0),IF(E30=1,VLOOKUP(C30,AR!$C$4:$AA$46,18,0),IF(E30=2,VLOOKUP(C30,AR!$C$4:$AA$46,23,0),"")))) -> 46052 | J30: =IF(VLOOKUP(C30,AR!$C$4:$AA$46,15,0)="","",IF(E30=0,VLOOKUP(C30,AR!$C$4:$AA$46,15,0),IF(E30=1,VLOOKUP(C30,AR!$C$4:$AA$46,20,0),IF(E30=2,VLOOKUP(C30,AR!$C$4:$AA$46,25,0),"")))) | K30: =VLOOKUP(C30,AR!$C$4:$K$996,7,0) -> Closed | L30: {=_xlfn.IFS(AND($E30<>"",$M30="Pending",$K30="CTA"),TODAY()-$G30,AND($E30<>"",$M30="Pending",$K30="AUR"),TODAY()-$H30,AND($E30<>"",$M30="Pending",$K30="STT"),TODAY()-$I30,OR(K30="Closed",K30=""),"")} | M30: =VLOOKUP(C30,AR!$C$4:$J$34,8,0) -> B | N30: =IF(AND(E30<>"",M30="Pending"),IF(L30>=5,"Overdue",IF(L30>=3,"High","")),"")
A31: =A30+1 -> 27 | B31: Architectural | C31: 523213-01-RFI-AR-0027 | D31: =VLOOKUP(C31,AR!$C$4:$J$52,2,0) -> Confirm Colour Code and Type - Semi-Gloss or Matt Type | E31: =IF(VLOOKUP(C31,AR!$C$4:$J$46,6,0)="","",VLOOKUP(C31,AR!$C$4:$J$46,6,0)) -> 0 | G31: =IF(VLOOKUP(C31,AR!$C$4:$J$46,4,0)="","",VLOOKUP(C31,AR!$C$4:$J$46,4,0)) -> 46041 | H31: =IF(VLOOKUP(C31,AR!$C$4:$AA$46,12,0)="","",IF(E31=0,VLOOKUP(C31,AR!$C$4:$AA$46,12,0),IF(E31=1,VLOOKUP(C31,AR!$C$4:$AA$46,18,0),IF(E31=2,VLOOKUP(C31,AR!$C$4:$AA$46,23,0),"")))) -> 46049 | I31: =IF(VLOOKUP(C31,AR!$C$4:$AA$46,13,0)="","",IF(E31=0,VLOOKUP(C31,AR!$C$4:$AA$46,13,0),IF(E31=1,VLOOKUP(C31,AR!$C$4:$AA$46,18,0),IF(E31=2,VLOOKUP(C31,AR!$C$4:$AA$46,23,0),"")))) -> 46055 | J31: =IF(VLOOKUP(C31,AR!$C$4:$AA$46,15,0)="","",IF(E31=0,VLOOKUP(C31,AR!$C$4:$AA$46,15,0),IF(E31=1,VLOOKUP(C31,AR!$C$4:$AA$46,20,0),IF(E31=2,VLOOKUP(C31,AR!$C$4:$AA$46,25,0),"")))) -> A | K31: =VLOOKUP(C31,AR!$C$4:$K$996,7,0) -> Closed | L31: {=_xlfn.IFS(AND($E31<>"",$M31="Pending",$K31="CTA"),TODAY()-$G31,AND($E31<>"",$M31="Pending",$K31="AUR"),TODAY()-$H31,AND($E31<>"",$M31="Pending",$K31="STT"),TODAY()-$I31,OR(K31="Closed",K31=""),"")} | M31: =VLOOKUP(C31,AR!$C$4:$J$34,8,0) -> A | N31: =IF(AND(E31<>"",M31="Pending"),IF(L31>=5,"Overdue",IF(L31>=3,"High","")),"")
A32: =A31+1 -> 28 | B32: Architectural | C32: 523213-01-RFI-AR-0028 | D32: =VLOOKUP(C32,AR!$C$4:$J$52,2,0) -> Proposal for Waterproofing Termination Level at RC Curb for F3, F3C and F6 | E32: =IF(VLOOKUP(C32,AR!$C$4:$J$46,6,0)="","",VLOOKUP(C32,AR!$C$4:$J$46,6,0)) -> 0 | G32: =IF(VLOOKUP(C32,AR!$C$4:$J$46,4,0)="","",VLOOKUP(C32,AR!$C$4:$J$46,4,0)) -> 46042 | H32: =IF(VLOOKUP(C32,AR!$C$4:$AA$46,12,0)="","",IF(E32=0,VLOOKUP(C32,AR!$C$4:$AA$46,12,0),IF(E32=1,VLOOKUP(C32,AR!$C$4:$AA$46,18,0),IF(E32=2,VLOOKUP(C32,AR!$C$4:$AA$46,23,0),"")))) -> 46044 | I32: =IF(VLOOKUP(C32,AR!$C$4:$AA$46,13,0)="","",IF(E32=0,VLOOKUP(C32,AR!$C$4:$AA$46,13,0),IF(E32=1,VLOOKUP(C32,AR!$C$4:$AA$46,18,0),IF(E32=2,VLOOKUP(C32,AR!$C$4:$AA$46,23,0),"")))) -> 46055 | J32: =IF(VLOOKUP(C32,AR!$C$4:$AA$46,15,0)="","",IF(E32=0,VLOOKUP(C32,AR!$C$4:$AA$46,15,0),IF(E32=1,VLOOKUP(C32,AR!$C$4:$AA$46,20,0),IF(E32=2,VLOOKUP(C32,AR!$C$4:$AA$46,25,0),"")))) | K32: =VLOOKUP(C32,AR!$C$4:$K$996,7,0) -> STT | L32: {=_xlfn.IFS(AND($E32<>"",$M32="Pending",$K32="CTA"),TODAY()-$G32,AND($E32<>"",$M32="Pending",$K32="AUR"),TODAY()-$H32,AND($E32<>"",$M32="Pending",$K32="STT"),TODAY()-$I32,OR(K32="Closed",K32=""),"")} -> 9 | M32: =VLOOKUP(C32,AR!$C$4:$J$34,8,0) -> Pending | N32: =IF(AND(E32<>"",M32="Pending"),IF(L32>=5,"Overdue",IF(L32>=3,"High","")),"") -> Overdue | O32: Urgent
A33: =A32+1 -> 29 | B33: Architectural | C33: 523213-01-RFI-AR-0029 | D33: =VLOOKUP(C33,AR!$C$4:$J$52,2,0) -> Confirm Colour for Partition Wall Toilet Room 1st to 5th Floor | E33: =IF(VLOOKUP(C33,AR!$C$4:$J$46,6,0)="","",VLOOKUP(C33,AR!$C$4:$J$46,6,0)) -> 0 | G33: =IF(VLOOKUP(C33,AR!$C$4:$J$46,4,0)="","",VLOOKUP(C33,AR!$C$4:$J$46,4,0)) -> 46042 | H33: =IF(VLOOKUP(C33,AR!$C$4:$AA$46,12,0)="","",IF(E33=0,VLOOKUP(C33,AR!$C$4:$AA$46,12,0),IF(E33=1,VLOOKUP(C33,AR!$C$4:$AA$46,18,0),IF(E33=2,VLOOKUP(C33,AR!$C$4:$AA$46,23,0),"")))) -> 46052 | I33: =IF(VLOOKUP(C33,AR!$C$4:$AA$46,13,0)="","",IF(E33=0,VLOOKUP(C33,AR!$C$4:$AA$46,13,0),IF(E33=1,VLOOKUP(C33,AR!$C$4:$AA$46,18,0),IF(E33=2,VLOOKUP(C33,AR!$C$4:$AA$46,23,0),"")))) -> 46057 | J33: =IF(VLOOKUP(C33,AR!$C$4:$AA$46,15,0)="","",IF(E33=0,VLOOKUP(C33,AR!$C$4:$AA$46,15,0),IF(E33=1,VLOOKUP(C33,AR!$C$4:$AA$46,20,0),IF(E33=2,VLOOKUP(C33,AR!$C$4:$AA$46,25,0),"")))) -> B | K33: =VLOOKUP(C33,AR!$C$4:$K$996,7,0) -> Closed | L33: {=_xlfn.IFS(AND($E33<>"",$M33="Pending",$K33="CTA"),TODAY()-$G33,AND($E33<>"",$M33="Pending",$K33="AUR"),TODAY()-$H33,AND($E33<>"",$M33="Pending",$K33="STT"),TODAY()-$I33,OR(K33="Closed",K33=""),"")} | M33: =VLOOKUP(C33,AR!$C$4:$J$34,8,0) -> B | N33: =IF(AND(E33<>"",M33="Pending"),IF(L33>=5,"Overdue",IF(L33>=3,"High","")),"")
A34: =A33+1 -> 30 | B34: Architectural | C34: 523213-01-RFI-AR-0030 | D34: =VLOOKUP(C34,AR!$C$4:$J$52,2,0) -> Clarify Ceiling Soffit Color for Ceiling Painting | E34: =IF(VLOOKUP(C34,AR!$C$4:$J$46,6,0)="","",VLOOKUP(C34,AR!$C$4:$J$46,6,0)) -> 0 | G34: =IF(VLOOKUP(C34,AR!$C$4:$J$46,4,0)="","",VLOOKUP(C34,AR!$C$4:$J$46,4,0)) -> 46042 | H34: =IF(VLOOKUP(C34,AR!$C$4:$AA$46,12,0)="","",IF(E34=0,VLOOKUP(C34,AR!$C$4:$AA$46,12,0),IF(E34=1,VLOOKUP(C34,AR!$C$4:$AA$46,18,0),IF(E34=2,VLOOKUP(C34,AR!$C$4:$AA$46,23,0),"")))) -> 46052 | I34: =IF(VLOOKUP(C34,AR!$C$4:$AA$46,13,0)="","",IF(E34=0,VLOOKUP(C34,AR!$C$4:$AA$46,13,0),IF(E34=1,VLOOKUP(C34,AR!$C$4:$AA$46,18,0),IF(E34=2,VLOOKUP(C34,AR!$C$4:$AA$46,23,0),"")))) -> 46057 | J34: =IF(VLOOKUP(C34,AR!$C$4:$AA$46,15,0)="","",IF(E34=0,VLOOKUP(C34,AR!$C$4:$AA$46,15,0),IF(E34=1,VLOOKUP(C34,AR!$C$4:$AA$46,20,0),IF(E34=2,VLOOKUP(C34,AR!$C$4:$AA$46,25,0),"")))) -> B | K34: =VLOOKUP(C34,AR!$C$4:$K$996,7,0) -> Closed | L34: {=_xlfn.IFS(AND($E34<>"",$M34="Pending",$K34="CTA"),TODAY()-$G34,AND($E34<>"",$M34="Pending",$K34="AUR"),TODAY()-$H34,AND($E34<>"",$M34="Pending",$K34="STT"),TODAY()-$I34,OR(K34="Closed",K34=""),"")} | M34: =VLOOKUP(C34,AR!$C$4:$J$34,8,0) -> B | N34: =IF(AND(E34<>"",M34="Pending"),IF(L34>=5,"Overdue",IF(L34>=3,"High","")),"")
A35: =A34+1 -> 31 | B35: Architectural | C35: 523213-01-RFI-AR-0031 | D35: =VLOOKUP(C35,AR!$C$4:$J$52,2,0) -> Request Product to Replace SIKA Bituseal-1500SA (Due to Discontinue to Produce) | E35: =IF(VLOOKUP(C35,AR!$C$4:$J$46,6,0)="","",VLOOKUP(C35,AR!$C$4:$J$46,6,0)) -> 0 | G35: =IF(VLOOKUP(C35,AR!$C$4:$J$46,4,0)="","",VLOOKUP(C35,AR!$C$4:$J$46,4,0)) -> 46043 | H35: =IF(VLOOKUP(C35,AR!$C$4:$AA$46,12,0)="","",IF(E35=0,VLOOKUP(C35,AR!$C$4:$AA$46,12,0),IF(E35=1,VLOOKUP(C35,AR!$C$4:$AA$46,18,0),IF(E35=2,VLOOKUP(C35,AR!$C$4:$AA$46,23,0),"")))) -> 46058 | I35: =IF(VLOOKUP(C35,AR!$C$4:$AA$46,13,0)="","",IF(E35=0,VLOOKUP(C35,AR!$C$4:$AA$46,13,0),IF(E35=1,VLOOKUP(C35,AR!$C$4:$AA$46,18,0),IF(E35=2,VLOOKUP(C35,AR!$C$4:$AA$46,23,0),"")))) -> 46059 | J35: =IF(VLOOKUP(C35,AR!$C$4:$AA$46,15,0)="","",IF(E35=0,VLOOKUP(C35,AR!$C$4:$AA$46,15,0),IF(E35=1,VLOOKUP(C35,AR!$C$4:$AA$46,20,0),IF(E35=2,VLOOKUP(C35,AR!$C$4:$AA$46,25,0),"")))) | K35: =VLOOKUP(C35,AR!$C$4:$K$996,7,0) -> STT | L35: {=_xlfn.IFS(AND($E35<>"",$M35="Pending",$K35="CTA"),TODAY()-$G35,AND($E35<>"",$M35="Pending",$K35="AUR"),TODAY()-$H35,AND($E35<>"",$M35="Pending",$K35="STT"),TODAY()-$I35,OR(K35="Closed",K35=""),"")} -> 5 | M35: =VLOOKUP(C35,AR!$C$4:$J$34,8,0) -> Pending | N35: =IF(AND(E35<>"",M35="Pending"),IF(L35>=5,"Overdue",IF(L35>=3,"High","")),"") -> Overdue
A36: =A35+1 -> 32 | B36: Architectural | C36: 523213-01-RFI-AR-0032 | D36: =VLOOKUP(C36,AR!$C$4:$J$52,2,0) -> Confirm the Correct Floor Finishes for ID Works 1st-ID Works and 2nd to 5th Toilet | E36: =IF(VLOOKUP(C36,AR!$C$4:$J$46,6,0)="","",VLOOKUP(C36,AR!$C$4:$J$46,6,0)) -> 0 | G36: =IF(VLOOKUP(C36,AR!$C$4:$J$46,4,0)="","",VLOOKUP(C36,AR!$C$4:$J$46,4,0)) -> 46043 | H36: =IF(VLOOKUP(C36,AR!$C$4:$AA$46,12,0)="","",IF(E36=0,VLOOKUP(C36,AR!$C$4:$AA$46,12,0),IF(E36=1,VLOOKUP(C36,AR!$C$4:$AA$46,18,0),IF(E36=2,VLOOKUP(C36,AR!$C$4:$AA$46,23,0),"")))) -> 46052 | I36: =IF(VLOOKUP(C36,AR!$C$4:$AA$46,13,0)="","",IF(E36=0,VLOOKUP(C36,AR!$C$4:$AA$46,13,0),IF(E36=1,VLOOKUP(C36,AR!$C$4:$AA$46,18,0),IF(E36=2,VLOOKUP(C36,AR!$C$4:$AA$46,23,0),"")))) -> 46057 | J36: =IF(VLOOKUP(C36,AR!$C$4:$AA$46,15,0)="","",IF(E36=0,VLOOKUP(C36,AR!$C$4:$AA$46,15,0),IF(E36=1,VLOOKUP(C36,AR!$C$4:$AA$46,20,0),IF(E36=2,VLOOKUP(C36,AR!$C$4:$AA$46,25,0),"")))) -> B | K36: =VLOOKUP(C36,AR!$C$4:$K$996,7,0) -> Closed | L36: {=_xlfn.IFS(AND($E36<>"",$M36="Pending",$K36="CTA"),TODAY()-$G36,AND($E36<>"",$M36="Pending",$K36="AUR"),TODAY()-$H36,AND($E36<>"",$M36="Pending",$K36="STT"),TODAY()-$I36,OR(K36="Closed",K36=""),"")} | M36: =VLOOKUP(C36,AR!$C$4:$J$35,8,0) -> B | N36: =IF(AND(E36<>"",M36="Pending"),IF(L36>=5,"Overdue",IF(L36>=3,"High","")),"")
A37: =A36+1 -> 33 | B37: Architectural | C37: 523213-01-RFI-AR-0033 | D37: =VLOOKUP(C37,AR!$C$4:$J$52,2,0) -> Confirm the Correct Ceiling Finishes for ID Works 1st to 5th Floor | E37: =IF(VLOOKUP(C37,AR!$C$4:$J$46,6,0)="","",VLOOKUP(C37,AR!$C$4:$J$46,6,0)) -> 0 | G37: =IF(VLOOKUP(C37,AR!$C$4:$J$46,4,0)="","",VLOOKUP(C37,AR!$C$4:$J$46,4,0)) -> 46043 | H37: =IF(VLOOKUP(C37,AR!$C$4:$AA$46,12,0)="","",IF(E37=0,VLOOKUP(C37,AR!$C$4:$AA$46,12,0),IF(E37=1,VLOOKUP(C37,AR!$C$4:$AA$46,18,0),IF(E37=2,VLOOKUP(C37,AR!$C$4:$AA$46,23,0),"")))) -> 46052 | I37: =IF(VLOOKUP(C37,AR!$C$4:$AA$46,13,0)="","",IF(E37=0,VLOOKUP(C37,AR!$C$4:$AA$46,13,0),IF(E37=1,VLOOKUP(C37,AR!$C$4:$AA$46,18,0),IF(E37=2,VLOOKUP(C37,AR!$C$4:$AA$46,23,0),"")))) -> 46057 | J37: =IF(VLOOKUP(C37,AR!$C$4:$AA$46,15,0)="","",IF(E37=0,VLOOKUP(C37,AR!$C$4:$AA$46,15,0),IF(E37=1,VLOOKUP(C37,AR!$C$4:$AA$46,20,0),IF(E37=2,VLOOKUP(C37,AR!$C$4:$AA$46,25,0),"")))) -> B | K37: =VLOOKUP(C37,AR!$C$4:$K$996,7,0) -> Closed | L37: {=_xlfn.IFS(AND($E37<>"",$M37="Pending",$K37="CTA"),TODAY()-$G37,AND($E37<>"",$M37="Pending",$K37="AUR"),TODAY()-$H37,AND($E37<>"",$M37="Pending",$K37="STT"),TODAY()-$I37,OR(K37="Closed",K37=""),"")} | M37: =VLOOKUP(C37,AR!$C$4:$J$36,8,0) -> B | N37: =IF(AND(E37<>"",M37="Pending"),IF(L37>=5,"Overdue",IF(L37>=3,"High","")),"")
A38: =A37+1 -> 34 | B38: Architectural | C38: 523213-01-RFI-AR-0034 | D38: =VLOOKUP(C38,AR!$C$4:$J$52,2,0) -> Clarify the C2 T-Bar Ceiling and Specify the Colour | E38: =IF(VLOOKUP(C38,AR!$C$4:$J$46,6,0)="","",VLOOKUP(C38,AR!$C$4:$J$46,6,0)) -> 0 | G38: =IF(VLOOKUP(C38,AR!$C$4:$J$46,4,0)="","",VLOOKUP(C38,AR!$C$4:$J$46,4,0)) -> 46043 | H38: =IF(VLOOKUP(C38,AR!$C$4:$AA$46,12,0)="","",IF(E38=0,VLOOKUP(C38,AR!$C$4:$AA$46,12,0),IF(E38=1,VLOOKUP(C38,AR!$C$4:$AA$46,18,0),IF(E38=2,VLOOKUP(C38,AR!$C$4:$AA$46,23,0),"")))) -> 46052 | I38: =IF(VLOOKUP(C38,AR!$C$4:$AA$46,13,0)="","",IF(E38=0,VLOOKUP(C38,AR!$C$4:$AA$46,13,0),IF(E38=1,VLOOKUP(C38,AR!$C$4:$AA$46,18,0),IF(E38=2,VLOOKUP(C38,AR!$C$4:$AA$46,23,0),"")))) -> 46057 | J38: =IF(VLOOKUP(C38,AR!$C$4:$AA$46,15,0)="","",IF(E38=0,VLOOKUP(C38,AR!$C$4:$AA$46,15,0),IF(E38=1,VLOOKUP(C38,AR!$C$4:$AA$46,20,0),IF(E38=2,VLOOKUP(C38,AR!$C$4:$AA$46,25,0),"")))) -> B | K38: =VLOOKUP(C38,AR!$C$4:$K$996,7,0) -> Closed | L38: {=_xlfn.IFS(AND($E38<>"",$M38="Pending",$K38="CTA"),TODAY()-$G38,AND($E38<>"",$M38="Pending",$K38="AUR"),TODAY()-$H38,AND($E38<>"",$M38="Pending",$K38="STT"),TODAY()-$I38,OR(K38="Closed",K38=""),"")} | M38: =VLOOKUP(C38,AR!$C$4:$J$37,8,0) -> B | N38: =IF(AND(E38<>"",M38="Pending"),IF(L38>=5,"Overdue",IF(L38>=3,"High","")),"")
A39: =A38+1 -> 35 | B39: Architectural | C39: 523213-01-RFI-AR-0035 | D39: =VLOOKUP(C39,AR!$C$4:$J$52,2,0) -> Confirming the Tile Type from the catalog SE206 is a Carpet Tile | E39: =IF(VLOOKUP(C39,AR!$C$4:$J$46,6,0)="","",VLOOKUP(C39,AR!$C$4:$J$46,6,0)) -> 0 | G39: =IF(VLOOKUP(C39,AR!$C$4:$J$46,4,0)="","",VLOOKUP(C39,AR!$C$4:$J$46,4,0)) -> 46043 | H39: =IF(VLOOKUP(C39,AR!$C$4:$AA$46,12,0)="","",IF(E39=0,VLOOKUP(C39,AR!$C$4:$AA$46,12,0),IF(E39=1,VLOOKUP(C39,AR!$C$4:$AA$46,18,0),IF(E39=2,VLOOKUP(C39,AR!$C$4:$AA$46,23,0),"")))) -> 46052 | I39: =IF(VLOOKUP(C39,AR!$C$4:$AA$46,13,0)="","",IF(E39=0,VLOOKUP(C39,AR!$C$4:$AA$46,13,0),IF(E39=1,VLOOKUP(C39,AR!$C$4:$AA$46,18,0),IF(E39=2,VLOOKUP(C39,AR!$C$4:$AA$46,23,0),"")))) -> 46057 | J39: =IF(VLOOKUP(C39,AR!$C$4:$AA$46,15,0)="","",IF(E39=0,VLOOKUP(C39,AR!$C$4:$AA$46,15,0),IF(E39=1,VLOOKUP(C39,AR!$C$4:$AA$46,20,0),IF(E39=2,VLOOKUP(C39,AR!$C$4:$AA$46,25,0),"")))) | K39: =VLOOKUP(C39,AR!$C$4:$K$996,7,0) -> STT | L39: {=_xlfn.IFS(AND($E39<>"",$M39="Pending",$K39="CTA"),TODAY()-$G39,AND($E39<>"",$M39="Pending",$K39="AUR"),TODAY()-$H39,AND($E39<>"",$M39="Pending",$K39="STT"),TODAY()-$I39,OR(K39="Closed",K39=""),"")} -> 7 | M39: =VLOOKUP(C39,AR!$C$4:$J$38,8,0) -> Pending | N39: =IF(AND(E39<>"",M39="Pending"),IF(L39>=5,"Overdue",IF(L39>=3,"High","")),"") -> Overdue
A40: =A39+1 -> 36 | B40: Architectural | C40: 523213-01-RFI-AR-0036 | D40: =VLOOKUP(C40,AR!$C$4:$J$52,2,0) -> Request for Tile Grout Specification and Colour Schemes for BKK2 | E40: =IF(VLOOKUP(C40,AR!$C$4:$J$46,6,0)="","",VLOOKUP(C40,AR!$C$4:$J$46,6,0)) -> 0 | G40: =IF(VLOOKUP(C40,AR!$C$4:$J$46,4,0)="","",VLOOKUP(C40,AR!$C$4:$J$46,4,0)) -> 46045 | H40: =IF(VLOOKUP(C40,AR!$C$4:$AA$46,12,0)="","",IF(E40=0,VLOOKUP(C40,AR!$C$4:$AA$46,12,0),IF(E40=1,VLOOKUP(C40,AR!$C$4:$AA$46,18,0),IF(E40=2,VLOOKUP(C40,AR!$C$4:$AA$46,23,0),"")))) -> 46052 | I40: =IF(VLOOKUP(C40,AR!$C$4:$AA$46,13,0)="","",IF(E40=0,VLOOKUP(C40,AR!$C$4:$AA$46,13,0),IF(E40=1,VLOOKUP(C40,AR!$C$4:$AA$46,18,0),IF(E40=2,VLOOKUP(C40,AR!$C$4:$AA$46,23,0),"")))) -> 46057 | J40: =IF(VLOOKUP(C40,AR!$C$4:$AA$46,15,0)="","",IF(E40=0,VLOOKUP(C40,AR!$C$4:$AA$46,15,0),IF(E40=1,VLOOKUP(C40,AR!$C$4:$AA$46,20,0),IF(E40=2,VLOOKUP(C40,AR!$C$4:$AA$46,25,0),"")))) | K40: =VLOOKUP(C40,AR!$C$4:$K$996,7,0) -> STT | L40: {=_xlfn.IFS(AND($E40<>"",$M40="Pending",$K40="CTA"),TODAY()-$G40,AND($E40<>"",$M40="Pending",$K40="AUR"),TODAY()-$H40,AND($E40<>"",$M40="Pending",$K40="STT"),TODAY()-$I40,OR(K40="Closed",K40=""),"")} -> 7 | M40: =VLOOKUP(C40,AR!$C$4:$J$39,8,0) -> Pending | N40: =IF(AND(E40<>"",M40="Pending"),IF(L40>=5,"Overdue",IF(L40>=3,"High","")),"") -> Overdue
A41: =A40+1 -> 37 | B41: Architectural | C41: 523213-01-RFI-AR-0037 | D41: =VLOOKUP(C41,AR!$C$4:$J$52,2,0) -> Confirm to Change Weberdry S3000S to Proofex GPE due to Discontinued Product | E41: =IF(VLOOKUP(C41,AR!$C$4:$J$46,6,0)="","",VLOOKUP(C41,AR!$C$4:$J$46,6,0)) -> 0 | G41: =IF(VLOOKUP(C41,AR!$C$4:$J$46,4,0)="","",VLOOKUP(C41,AR!$C$4:$J$46,4,0)) -> 46045 | H41: =IF(VLOOKUP(C41,AR!$C$4:$AA$46,12,0)="","",IF(E41=0,VLOOKUP(C41,AR!$C$4:$AA$46,12,0),IF(E41=1,VLOOKUP(C41,AR!$C$4:$AA$46,18,0),IF(E41=2,VLOOKUP(C41,AR!$C$4:$AA$46,23,0),"")))) -> 46052 | I41: =IF(VLOOKUP(C41,AR!$C$4:$AA$46,13,0)="","",IF(E41=0,VLOOKUP(C41,AR!$C$4:$AA$46,13,0),IF(E41=1,VLOOKUP(C41,AR!$C$4:$AA$46,18,0),IF(E41=2,VLOOKUP(C41,AR!$C$4:$AA$46,23,0),"")))) -> 46057 | J41: =IF(VLOOKUP(C41,AR!$C$4:$AA$46,15,0)="","",IF(E41=0,VLOOKUP(C41,AR!$C$4:$AA$46,15,0),IF(E41=1,VLOOKUP(C41,AR!$C$4:$AA$46,20,0),IF(E41=2,VLOOKUP(C41,AR!$C$4:$AA$46,25,0),"")))) -> B | K41: =VLOOKUP(C41,AR!$C$4:$K$996,7,0) -> Closed | L41: {=_xlfn.IFS(AND($E41<>"",$M41="Pending",$K41="CTA"),TODAY()-$G41,AND($E41<>"",$M41="Pending",$K41="AUR"),TODAY()-$H41,AND($E41<>"",$M41="Pending",$K41="STT"),TODAY()-$I41,OR(K41="Closed",K41=""),"")} | M41: =VLOOKUP(C41,AR!$C$4:$J$44,8,0) -> B | N41: =IF(AND(E41<>"",M41="Pending"),IF(L41>=5,"Overdue",IF(L41>=3,"High","")),"")
A42: =A41+1 -> 38 | B42: Architectural | C42: 523213-01-RFI-AR-0038 | D42: =VLOOKUP(C42,AR!$C$4:$J$52,2,0) -> Change of Ceiling Panel Specification from Gypsum Board to Metal Pan Ceiling Board | E42: =IF(VLOOKUP(C42,AR!$C$4:$J$46,6,0)="","",VLOOKUP(C42,AR!$C$4:$J$46,6,0)) -> 1 | G42: =IF(VLOOKUP(C42,AR!$C$4:$J$46,4,0)="","",VLOOKUP(C42,AR!$C$4:$J$46,4,0)) -> 46064 | J42: =IF(VLOOKUP(C42,AR!$C$4:$AA$46,15,0)="","",IF(E42=0,VLOOKUP(C42,AR!$C$4:$AA$46,15,0),IF(E42=1,VLOOKUP(C42,AR!$C$4:$AA$46,20,0),IF(E42=2,VLOOKUP(C42,AR!$C$4:$AA$46,25,0),"")))) | K42: =VLOOKUP(C42,AR!$C$4:$K$996,7,0) -> CTA | L42: {=_xlfn.IFS(AND($E42<>"",$M42="Pending",$K42="CTA"),TODAY()-$G42,AND($E42<>"",$M42="Pending",$K42="AUR"),TODAY()-$H42,AND($E42<>"",$M42="Pending",$K42="STT"),TODAY()-$I42,OR(K42="Closed",K42=""),"")} -> 0 | M42: =VLOOKUP(C42,AR!$C$4:$J$44,8,0) -> Pending | N42: =IF(AND(E42<>"",M42="Pending"),IF(L42>=5,"Overdue",IF(L42>=3,"High","")),"")
A43: =A42+1 -> 39 | B43: Architectural | C43: 523213-01-RFI-AR-0039 | D43: =VLOOKUP(C43,AR!$C$4:$J$52,2,0) -> Change Laminated Color due to Discontinued Product | E43: =IF(VLOOKUP(C43,AR!$C$4:$J$46,6,0)="","",VLOOKUP(C43,AR!$C$4:$J$46,6,0)) -> 0 | G43: =IF(VLOOKUP(C43,AR!$C$4:$J$46,4,0)="","",VLOOKUP(C43,AR!$C$4:$J$46,4,0)) -> 46056 | H43: =IF(VLOOKUP(C43,AR!$C$4:$AA$46,12,0)="","",IF(E43=0,VLOOKUP(C43,AR!$C$4:$AA$46,12,0),IF(E43=1,VLOOKUP(C43,AR!$C$4:$AA$46,18,0),IF(E43=2,VLOOKUP(C43,AR!$C$4:$AA$46,23,0),"")))) -> 46058 | I43: =IF(VLOOKUP(C43,AR!$C$4:$AA$46,13,0)="","",IF(E43=0,VLOOKUP(C43,AR!$C$4:$AA$46,13,0),IF(E43=1,VLOOKUP(C43,AR!$C$4:$AA$46,18,0),IF(E43=2,VLOOKUP(C43,AR!$C$4:$AA$46,23,0),"")))) -> 46059 | J43: =IF(VLOOKUP(C43,AR!$C$4:$AA$46,15,0)="","",IF(E43=0,VLOOKUP(C43,AR!$C$4:$AA$46,15,0),IF(E43=1,VLOOKUP(C43,AR!$C$4:$AA$46,20,0),IF(E43=2,VLOOKUP(C43,AR!$C$4:$AA$46,25,0),"")))) | K43: =VLOOKUP(C43,AR!$C$4:$K$996,7,0) -> STT | L43: {=_xlfn.IFS(AND($E43<>"",$M43="Pending",$K43="CTA"),TODAY()-$G43,AND($E43<>"",$M43="Pending",$K43="AUR"),TODAY()-$H43,AND($E43<>"",$M43="Pending",$K43="STT"),TODAY()-$I43,OR(K43="Closed",K43=""),"")} -> 5 | M43: =VLOOKUP(C43,AR!$C$4:$J$44,8,0) -> Pending | N43: =IF(AND(E43<>"",M43="Pending"),IF(L43>=5,"Overdue",IF(L43>=3,"High","")),"") -> Overdue
A44: =A43+1 -> 40 | B44: Architectural | C44: 523213-01-RFI-AR-0040 | D44: =VLOOKUP(C44,AR!$C$4:$J$52,2,0) -> Confirm to Install Ceiling Side Guard 2nd to 5th FL | E44: =IF(VLOOKUP(C44,AR!$C$4:$J$46,6,0)="","",VLOOKUP(C44,AR!$C$4:$J$46,6,0)) -> 0 | G44: =IF(VLOOKUP(C44,AR!$C$4:$J$46,4,0)="","",VLOOKUP(C44,AR!$C$4:$J$46,4,0)) -> 46057 | H44: =IF(VLOOKUP(C44,AR!$C$4:$AA$46,12,0)="","",IF(E44=0,VLOOKUP(C44,AR!$C$4:$AA$46,12,0),IF(E44=1,VLOOKUP(C44,AR!$C$4:$AA$46,18,0),IF(E44=2,VLOOKUP(C44,AR!$C$4:$AA$46,23,0),"")))) -> 46060 | I44: =IF(VLOOKUP(C44,AR!$C$4:$AA$46,13,0)="","",IF(E44=0,VLOOKUP(C44,AR!$C$4:$AA$46,13,0),IF(E44=1,VLOOKUP(C44,AR!$C$4:$AA$46,18,0),IF(E44=2,VLOOKUP(C44,AR!$C$4:$AA$46,23,0),"")))) -> 46062 | J44: =IF(VLOOKUP(C44,AR!$C$4:$AA$46,15,0)="","",IF(E44=0,VLOOKUP(C44,AR!$C$4:$AA$46,15,0),IF(E44=1,VLOOKUP(C44,AR!$C$4:$AA$46,20,0),IF(E44=2,VLOOKUP(C44,AR!$C$4:$AA$46,25,0),"")))) | K44: =VLOOKUP(C44,AR!$C$4:$K$996,7,0) -> STT | L44: {=_xlfn.IFS(AND($E44<>"",$M44="Pending",$K44="CTA"),TODAY()-$G44,AND($E44<>"",$M44="Pending",$K44="AUR"),TODAY()-$H44,AND($E44<>"",$M44="Pending",$K44="STT"),TODAY()-$I44,OR(K44="Closed",K44=""),"")} -> 2 | M44: =VLOOKUP(C44,AR!$C$4:$J$44,8,0) -> Pending | N44: =IF(AND(E44<>"",M44="Pending"),IF(L44>=5,"Overdue",IF(L44>=3,"High","")),"")
A45: =A44+1 -> 41 | B45: Architectural | C45: 523213-01-RFI-AR-0041 | D45: =VLOOKUP(C45,AR!$C$4:$J$52,2,0) -> Confirm External Paint Color and Technical Specification for Generators Room | E45: =IF(VLOOKUP(C45,AR!$C$4:$J$46,6,0)="","",VLOOKUP(C45,AR!$C$4:$J$46,6,0)) -> 0 | G45: =IF(VLOOKUP(C45,AR!$C$4:$J$46,4,0)="","",VLOOKUP(C45,AR!$C$4:$J$46,4,0)) -> 46059 | H45: =IF(VLOOKUP(C45,AR!$C$4:$AA$46,12,0)="","",IF(E45=0,VLOOKUP(C45,AR!$C$4:$AA$46,12,0),IF(E45=1,VLOOKUP(C45,AR!$C$4:$AA$46,18,0),IF(E45=2,VLOOKUP(C45,AR!$C$4:$AA$46,23,0),"")))) -> 46062 | I45: =IF(VLOOKUP(C45,AR!$C$4:$AA$46,13,0)="","",IF(E45=0,VLOOKUP(C45,AR!$C$4:$AA$46,13,0),IF(E45=1,VLOOKUP(C45,AR!$C$4:$AA$46,18,0),IF(E45=2,VLOOKUP(C45,AR!$C$4:$AA$46,23,0),"")))) -> 46063 | J45: =IF(VLOOKUP(C45,AR!$C$4:$AA$46,15,0)="","",IF(E45=0,VLOOKUP(C45,AR!$C$4:$AA$46,15,0),IF(E45=1,VLOOKUP(C45,AR!$C$4:$AA$46,20,0),IF(E45=2,VLOOKUP(C45,AR!$C$4:$AA$46,25,0),"")))) | K45: =VLOOKUP(C45,AR!$C$4:$K$996,7,0) -> STT | L45: {=_xlfn.IFS(AND($E45<>"",$M45="Pending",$K45="CTA"),TODAY()-$G45,AND($E45<>"",$M45="Pending",$K45="AUR"),TODAY()-$H45,AND($E45<>"",$M45="Pending",$K45="STT"),TODAY()-$I45,OR(K45="Closed",K45=""),"")} -> 1 | M45: =VLOOKUP(C45,AR!$C$4:$J$50,8,0) -> Pending | N45: =IF(AND(E45<>"",M45="Pending"),IF(L45>=5,"Overdue",IF(L45>=3,"High","")),"")
A46: =A45+1 -> 42 | B46: Architectural | C46: 523213-01-RFI-AR-0042 | D46: =VLOOKUP(C46,AR!$C$4:$J$52,2,0) -> Clarify Ceiling Types for Level 5 Battery Room B1,B2,C1,C2,D1 & D2 Areas. | E46: =IF(VLOOKUP(C46,AR!$C$4:$J$46,6,0)="","",VLOOKUP(C46,AR!$C$4:$J$46,6,0)) -> 0 | G46: =IF(VLOOKUP(C46,AR!$C$4:$J$46,4,0)="","",VLOOKUP(C46,AR!$C$4:$J$46,4,0)) -> 46059 | H46: =IF(VLOOKUP(C46,AR!$C$4:$AA$46,12,0)="","",IF(E46=0,VLOOKUP(C46,AR!$C$4:$AA$46,12,0),IF(E46=1,VLOOKUP(C46,AR!$C$4:$AA$46,18,0),IF(E46=2,VLOOKUP(C46,AR!$C$4:$AA$46,23,0),"")))) -> 46062 | I46: =IF(VLOOKUP(C46,AR!$C$4:$AA$46,13,0)="","",IF(E46=0,VLOOKUP(C46,AR!$C$4:$AA$46,13,0),IF(E46=1,VLOOKUP(C46,AR!$C$4:$AA$46,18,0),IF(E46=2,VLOOKUP(C46,AR!$C$4:$AA$46,23,0),"")))) -> 46063 | J46: =IF(VLOOKUP(C46,AR!$C$4:$AA$46,15,0)="","",IF(E46=0,VLOOKUP(C46,AR!$C$4:$AA$46,15,0),IF(E46=1,VLOOKUP(C46,AR!$C$4:$AA$46,20,0),IF(E46=2,VLOOKUP(C46,AR!$C$4:$AA$46,25,0),"")))) | K46: =VLOOKUP(C46,AR!$C$4:$K$996,7,0) -> STT | L46: {=_xlfn.IFS(AND($E46<>"",$M46="Pending",$K46="CTA"),TODAY()-$G46,AND($E46<>"",$M46="Pending",$K46="AUR"),TODAY()-$H46,AND($E46<>"",$M46="Pending",$K46="STT"),TODAY()-$I46,OR(K46="Closed",K46=""),"")} -> 1 | M46: =VLOOKUP(C46,AR!$C$4:$J$50,8,0) -> Pending | N46: =IF(AND(E46<>"",M46="Pending"),IF(L46>=5,"Overdue",IF(L46>=3,"High","")),"")
A47: =A46+1 -> 43 | B47: Architectural | C47: 523213-01-RFI-AR-0043 | D47: =VLOOKUP(C47,AR!$C$4:$J$52,2,0) -> 0 | E47: =IF(VLOOKUP(C47,AR!$C$4:$J$46,6,0)="","",VLOOKUP(C47,AR!$C$4:$J$46,6,0)) | G47: =IF(VLOOKUP(C47,AR!$C$4:$J$46,4,0)="","",VLOOKUP(C47,AR!$C$4:$J$46,4,0)) | H47: =IF(VLOOKUP(C47,AR!$C$4:$AA$46,12,0)="","",IF(E47=0,VLOOKUP(C47,AR!$C$4:$AA$46,12,0),IF(E47=1,VLOOKUP(C47,AR!$C$4:$AA$46,18,0),IF(E47=2,VLOOKUP(C47,AR!$C$4:$AA$46,23,0),"")))) | I47: =IF(VLOOKUP(C47,AR!$C$4:$AA$46,13,0)="","",IF(E47=0,VLOOKUP(C47,AR!$C$4:$AA$46,13,0),IF(E47=1,VLOOKUP(C47,AR!$C$4:$AA$46,18,0),IF(E47=2,VLOOKUP(C47,AR!$C$4:$AA$46,23,0),"")))) | J47: =IF(VLOOKUP(C47,AR!$C$4:$AA$46,15,0)="","",IF(E47=0,VLOOKUP(C47,AR!$C$4:$AA$46,15,0),IF(E47=1,VLOOKUP(C47,AR!$C$4:$AA$46,20,0),IF(E47=2,VLOOKUP(C47,AR!$C$4:$AA$46,25,0),"")))) | K47: =VLOOKUP(C47,AR!$C$4:$K$996,7,0) -> 0 | L47: {=_xlfn.IFS(AND($E47<>"",$M47="Pending",$K47="CTA"),TODAY()-$G47,AND($E47<>"",$M47="Pending",$K47="AUR"),TODAY()-$H47,AND($E47<>"",$M47="Pending",$K47="STT"),TODAY()-$I47,OR(K47="Closed",K47=""),"")} -> #N/A | M47: =VLOOKUP(C47,AR!$C$4:$J$50,8,0) -> 0 | N47: =IF(AND(E47<>"",M47="Pending"),IF(L47>=5,"Overdue",IF(L47>=3,"High","")),"")
A48: =A47+1 -> 44 | B48: Architectural | C48: 523213-01-RFI-AR-0044 | D48: =VLOOKUP(C48,AR!$C$4:$J$52,2,0) -> #N/A | E48: =IF(VLOOKUP(C48,AR!$C$4:$J$46,6,0)="","",VLOOKUP(C48,AR!$C$4:$J$46,6,0)) -> #N/A | G48: =IF(VLOOKUP(C48,AR!$C$4:$J$46,4,0)="","",VLOOKUP(C48,AR!$C$4:$J$46,4,0)) -> #N/A | H48: =IF(VLOOKUP(C48,AR!$C$4:$AA$46,12,0)="","",IF(E48=0,VLOOKUP(C48,AR!$C$4:$AA$46,12,0),IF(E48=1,VLOOKUP(C48,AR!$C$4:$AA$46,18,0),IF(E48=2,VLOOKUP(C48,AR!$C$4:$AA$46,23,0),"")))) -> #N/A | I48: =IF(VLOOKUP(C48,AR!$C$4:$AA$46,13,0)="","",IF(E48=0,VLOOKUP(C48,AR!$C$4:$AA$46,13,0),IF(E48=1,VLOOKUP(C48,AR!$C$4:$AA$46,18,0),IF(E48=2,VLOOKUP(C48,AR!$C$4:$AA$46,23,0),"")))) -> #N/A | J48: =IF(VLOOKUP(C48,AR!$C$4:$AA$46,15,0)="","",IF(E48=0,VLOOKUP(C48,AR!$C$4:$AA$46,15,0),IF(E48=1,VLOOKUP(C48,AR!$C$4:$AA$46,20,0),IF(E48=2,VLOOKUP(C48,AR!$C$4:$AA$46,25,0),"")))) -> #N/A | K48: =VLOOKUP(C48,AR!$C$4:$K$996,7,0) -> #N/A | L48: {=_xlfn.IFS(AND($E48<>"",$M48="Pending",$K48="CTA"),TODAY()-$G48,AND($E48<>"",$M48="Pending",$K48="AUR"),TODAY()-$H48,AND($E48<>"",$M48="Pending",$K48="STT"),TODAY()-$I48,OR(K48="Closed",K48=""),"")} -> #N/A | M48: =VLOOKUP(C48,AR!$C$4:$J$50,8,0) -> #N/A | N48: =IF(AND(E48<>"",M48="Pending"),IF(L48>=5,"Overdue",IF(L48>=3,"High","")),"") -> #N/A
N49: =IF(AND(E49<>"",M49="Pending"),IF(L49>=5,"Overdue",IF(L49>=3,"High","")),"")
A50: ELECTRICAL | F50: *Put only this
A51: 1 | B51: Electrical | C51: 523213-01-RFI-EL-0001 | D51: =VLOOKUP(C51,EL!$C$4:$J$22,2,0) -> Aux Supply Non-IT UPS for LVSB,OUSB,MSSB and ATS | E51: =IF(VLOOKUP(C51,EL!$C$4:$J$975,6,0)="","",VLOOKUP(C51,EL!$C$4:$J$975,6,0)) -> 0 | G51: =IF(VLOOKUP(C51,EL!$C$4:$J$975,4,0)="","",VLOOKUP(C51,EL!$C$4:$J$975,4,0)) -> 46037 | H51: =IF(VLOOKUP(C51,EL!$C$4:$AA$975,13,0)="","",IF(E51=0,VLOOKUP(C51,EL!$C$4:$AA$975,13,0),IF(E51=1,VLOOKUP(C51,EL!$C$4:$AA$975,17,0),IF(E51=2,VLOOKUP(C51,EL!$C$4:$AA$975,22,0),"")))) -> 46055 | I51: =IF(VLOOKUP(C51,EL!$C$4:$AA$975,14,0)="","",IF(E51=0,VLOOKUP(C51,EL!$C$4:$AA$975,14,0),IF(E51=1,VLOOKUP(C51,EL!$C$4:$AA$975,18,0),IF(E51=2,VLOOKUP(C51,EL!$C$4:$AA$975,23,0),"")))) -> 46063 | J51: =IF(VLOOKUP(C51,EL!$C$4:$AA$66,15,0)="","",IF(E51=0,VLOOKUP(C51,EL!$C$4:$AA$66,15,0),IF(E51=1,VLOOKUP(C51,EL!$C$4:$AA$66,20,0),IF(E51=2,VLOOKUP(C51,EL!$C$4:$AA$66,25,0),"")))) | K51: =VLOOKUP(C51,EL!$C$4:$K$1035,8,0) -> STT | L51: {=_xlfn.IFS(AND($E51<>"",$M51="Pending",$K51="CTA"),TODAY()-$G51,AND($E51<>"",$M51="Pending",$K51="AUR"),TODAY()-$H51,AND($E51<>"",$M51="Pending",$K51="STT"),TODAY()-$I51,OR(K51="Closed",K51=""),"")} -> 1 | M51: =VLOOKUP(C51,EL!$C$4:$K$975,9,0) -> Pending | N51: =IF(AND(E51<>"",M51="Pending"),IF(L51>=5,"Overdue",IF(L51>=3,"High","")),"")
A52: =A51+1 -> 2 | B52: Electrical | C52: 523213-01-RFI-EL-0002 | D52: =VLOOKUP(C52,EL!$C$4:$J$22,2,0) -> Pre-Action System for Comm Riser | E52: =IF(VLOOKUP(C52,EL!$C$4:$J$975,6,0)="","",VLOOKUP(C52,EL!$C$4:$J$975,6,0)) -> 0 | G52: =IF(VLOOKUP(C52,EL!$C$4:$J$975,4,0)="","",VLOOKUP(C52,EL!$C$4:$J$975,4,0)) -> 46037 | H52: =IF(VLOOKUP(C52,EL!$C$4:$AA$975,13,0)="","",IF(E52=0,VLOOKUP(C52,EL!$C$4:$AA$975,13,0),IF(E52=1,VLOOKUP(C52,EL!$C$4:$AA$975,17,0),IF(E52=2,VLOOKUP(C52,EL!$C$4:$AA$975,22,0),"")))) -> 46055 | I52: =IF(VLOOKUP(C52,EL!$C$4:$AA$975,14,0)="","",IF(E52=0,VLOOKUP(C52,EL!$C$4:$AA$975,14,0),IF(E52=1,VLOOKUP(C52,EL!$C$4:$AA$975,18,0),IF(E52=2,VLOOKUP(C52,EL!$C$4:$AA$975,23,0),"")))) -> 46062 | J52: =IF(VLOOKUP(C52,EL!$C$4:$AA$66,15,0)="","",IF(E52=0,VLOOKUP(C52,EL!$C$4:$AA$66,15,0),IF(E52=1,VLOOKUP(C52,EL!$C$4:$AA$66,20,0),IF(E52=2,VLOOKUP(C52,EL!$C$4:$AA$66,25,0),"")))) | K52: =VLOOKUP(C52,EL!$C$4:$K$1035,8,0) -> STT | L52: {=_xlfn.IFS(AND($E52<>"",$M52="Pending",$K52="CTA"),TODAY()-$G52,AND($E52<>"",$M52="Pending",$K52="AUR"),TODAY()-$H52,AND($E52<>"",$M52="Pending",$K52="STT"),TODAY()-$I52,OR(K52="Closed",K52=""),"")} -> 2 | M52: =VLOOKUP(C52,EL!$C$4:$K$975,9,0) -> Pending | N52: =IF(AND(E52<>"",M52="Pending"),IF(L52>=5,"Overdue",IF(L52>=3,"High","")),"")
A53: =A52+1 -> 3 | B53: Electrical | C53: 523213-01-RFI-EL-0003 | D53: =VLOOKUP(C53,EL!$C$4:$J$22,2,0) -> Use Local Switch or Remote Switch 2nd to 6th FL R0 | E53: =IF(VLOOKUP(C53,EL!$C$4:$J$975,6,0)="","",VLOOKUP(C53,EL!$C$4:$J$975,6,0)) -> 0 | G53: =IF(VLOOKUP(C53,EL!$C$4:$J$975,4,0)="","",VLOOKUP(C53,EL!$C$4:$J$975,4,0)) -> 46037 | H53: =IF(VLOOKUP(C53,EL!$C$4:$AA$975,13,0)="","",IF(E53=0,VLOOKUP(C53,EL!$C$4:$AA$975,13,0),IF(E53=1,VLOOKUP(C53,EL!$C$4:$AA$975,17,0),IF(E53=2,VLOOKUP(C53,EL!$C$4:$AA$975,22,0),"")))) -> 46055 | I53: =IF(VLOOKUP(C53,EL!$C$4:$AA$975,14,0)="","",IF(E53=0,VLOOKUP(C53,EL!$C$4:$AA$975,14,0),IF(E53=1,VLOOKUP(C53,EL!$C$4:$AA$975,18,0),IF(E53=2,VLOOKUP(C53,EL!$C$4:$AA$975,23,0),"")))) | J53: =IF(VLOOKUP(C53,EL!$C$4:$AA$66,15,0)="","",IF(E53=0,VLOOKUP(C53,EL!$C$4:$AA$66,15,0),IF(E53=1,VLOOKUP(C53,EL!$C$4:$AA$66,20,0),IF(E53=2,VLOOKUP(C53,EL!$C$4:$AA$66,25,0),"")))) | K53: =VLOOKUP(C53,EL!$C$4:$K$1035,8,0) -> AUR | L53: {=_xlfn.IFS(AND($E53<>"",$M53="Pending",$K53="CTA"),TODAY()-$G53,AND($E53<>"",$M53="Pending",$K53="AUR"),TODAY()-$H53,AND($E53<>"",$M53="Pending",$K53="STT"),TODAY()-$I53,OR(K53="Closed",K53=""),"")} -> 9 | M53: =VLOOKUP(C53,EL!$C$4:$K$975,9,0) -> Pending | N53: =IF(AND(E53<>"",M53="Pending"),IF(L53>=5,"Overdue",IF(L53>=3,"High","")),"") -> Overdue
A54: =A53+1 -> 4 | B54: Electrical | C54: 523213-01-RFI-EL-0004 | D54: =VLOOKUP(C54,EL!$C$4:$J$22,2,0) -> Shut down Exhaust Fan | E54: =IF(VLOOKUP(C54,EL!$C$4:$J$975,6,0)="","",VLOOKUP(C54,EL!$C$4:$J$975,6,0)) -> 0 | G54: =IF(VLOOKUP(C54,EL!$C$4:$J$975,4,0)="","",VLOOKUP(C54,EL!$C$4:$J$975,4,0)) -> 46042 | H54: =IF(VLOOKUP(C54,EL!$C$4:$AA$975,13,0)="","",IF(E54=0,VLOOKUP(C54,EL!$C$4:$AA$975,13,0),IF(E54=1,VLOOKUP(C54,EL!$C$4:$AA$975,17,0),IF(E54=2,VLOOKUP(C54,EL!$C$4:$AA$975,22,0),"")))) -> 46044 | I54: =IF(VLOOKUP(C54,EL!$C$4:$AA$975,14,0)="","",IF(E54=0,VLOOKUP(C54,EL!$C$4:$AA$975,14,0),IF(E54=1,VLOOKUP(C54,EL!$C$4:$AA$975,18,0),IF(E54=2,VLOOKUP(C54,EL!$C$4:$AA$975,23,0),"")))) -> 46049 | J54: =IF(VLOOKUP(C54,EL!$C$4:$AA$66,15,0)="","",IF(E54=0,VLOOKUP(C54,EL!$C$4:$AA$66,15,0),IF(E54=1,VLOOKUP(C54,EL!$C$4:$AA$66,20,0),IF(E54=2,VLOOKUP(C54,EL!$C$4:$AA$66,25,0),"")))) | K54: =VLOOKUP(C54,EL!$C$4:$K$1035,8,0) -> STT | L54: {=_xlfn.IFS(AND($E54<>"",$M54="Pending",$K54="CTA"),TODAY()-$G54,AND($E54<>"",$M54="Pending",$K54="AUR"),TODAY()-$H54,AND($E54<>"",$M54="Pending",$K54="STT"),TODAY()-$I54,OR(K54="Closed",K54=""),"")} -> 15 | M54: =VLOOKUP(C54,EL!$C$4:$K$975,9,0) -> Pending | N54: =IF(AND(E54<>"",M54="Pending"),IF(L54>=5,"Overdue",IF(L54>=3,"High","")),"") -> Overdue | O54: Urgent
A55: =A54+1 -> 5 | B55: Electrical | C55: 523213-01-RFI-EL-0005 | D55: =VLOOKUP(C55,EL!$C$4:$J$22,2,0) -> Detector of Toilet for Fire Alarm System (Heat or Smoke?) for all Floor | E55: =IF(VLOOKUP(C55,EL!$C$4:$J$975,6,0)="","",VLOOKUP(C55,EL!$C$4:$J$975,6,0)) -> 0 | G55: =IF(VLOOKUP(C55,EL!$C$4:$J$975,4,0)="","",VLOOKUP(C55,EL!$C$4:$J$975,4,0)) -> 46037 | H55: =IF(VLOOKUP(C55,EL!$C$4:$AA$975,13,0)="","",IF(E55=0,VLOOKUP(C55,EL!$C$4:$AA$975,13,0),IF(E55=1,VLOOKUP(C55,EL!$C$4:$AA$975,17,0),IF(E55=2,VLOOKUP(C55,EL!$C$4:$AA$975,22,0),"")))) -> 46055 | I55: =IF(VLOOKUP(C55,EL!$C$4:$AA$975,14,0)="","",IF(E55=0,VLOOKUP(C55,EL!$C$4:$AA$975,14,0),IF(E55=1,VLOOKUP(C55,EL!$C$4:$AA$975,18,0),IF(E55=2,VLOOKUP(C55,EL!$C$4:$AA$975,23,0),"")))) -> 46056 | J55: =IF(VLOOKUP(C55,EL!$C$4:$AA$66,15,0)="","",IF(E55=0,VLOOKUP(C55,EL!$C$4:$AA$66,15,0),IF(E55=1,VLOOKUP(C55,EL!$C$4:$AA$66,20,0),IF(E55=2,VLOOKUP(C55,EL!$C$4:$AA$66,25,0),"")))) | K55: =VLOOKUP(C55,EL!$C$4:$K$1035,8,0) -> STT | L55: {=_xlfn.IFS(AND($E55<>"",$M55="Pending",$K55="CTA"),TODAY()-$G55,AND($E55<>"",$M55="Pending",$K55="AUR"),TODAY()-$H55,AND($E55<>"",$M55="Pending",$K55="STT"),TODAY()-$I55,OR(K55="Closed",K55=""),"")} -> 8 | M55: =VLOOKUP(C55,EL!$C$4:$K$975,9,0) -> Pending | N55: =IF(AND(E55<>"",M55="Pending"),IF(L55>=5,"Overdue",IF(L55>=3,"High","")),"") -> Overdue
A56: =A55+1 -> 6 | B56: Electrical | C56: 523213-01-RFI-EL-0006 | D56: =VLOOKUP(C56,EL!$C$4:$J$22,2,0) -> Detector of Toilet for Fire Alarm System & Fire Alarm System | E56: =IF(VLOOKUP(C56,EL!$C$4:$J$975,6,0)="","",VLOOKUP(C56,EL!$C$4:$J$975,6,0)) -> 0 | G56: =IF(VLOOKUP(C56,EL!$C$4:$J$975,4,0)="","",VLOOKUP(C56,EL!$C$4:$J$975,4,0)) -> 46037 | H56: =IF(VLOOKUP(C56,EL!$C$4:$AA$975,13,0)="","",IF(E56=0,VLOOKUP(C56,EL!$C$4:$AA$975,13,0),IF(E56=1,VLOOKUP(C56,EL!$C$4:$AA$975,17,0),IF(E56=2,VLOOKUP(C56,EL!$C$4:$AA$975,22,0),"")))) -> 46055 | I56: =IF(VLOOKUP(C56,EL!$C$4:$AA$975,14,0)="","",IF(E56=0,VLOOKUP(C56,EL!$C$4:$AA$975,14,0),IF(E56=1,VLOOKUP(C56,EL!$C$4:$AA$975,18,0),IF(E56=2,VLOOKUP(C56,EL!$C$4:$AA$975,23,0),"")))) | J56: =IF(VLOOKUP(C56,EL!$C$4:$AA$66,15,0)="","",IF(E56=0,VLOOKUP(C56,EL!$C$4:$AA$66,15,0),IF(E56=1,VLOOKUP(C56,EL!$C$4:$AA$66,20,0),IF(E56=2,VLOOKUP(C56,EL!$C$4:$AA$66,25,0),"")))) | K56: =VLOOKUP(C56,EL!$C$4:$K$1035,8,0) -> AUR | L56: {=_xlfn.IFS(AND($E56<>"",$M56="Pending",$K56="CTA"),TODAY()-$G56,AND($E56<>"",$M56="Pending",$K56="AUR"),TODAY()-$H56,AND($E56<>"",$M56="Pending",$K56="STT"),TODAY()-$I56,OR(K56="Closed",K56=""),"")} -> 9 | M56: =VLOOKUP(C56,EL!$C$4:$K$975,9,0) -> Pending | N56: =IF(AND(E56<>"",M56="Pending"),IF(L56>=5,"Overdue",IF(L56>=3,"High","")),"") -> Overdue
A57: =A56+1 -> 7 | B57: Electrical | C57: 523213-01-RFI-EL-0007 | D57: =VLOOKUP(C57,EL!$C$4:$J$22,2,0) -> Fire Alarm System Interface with Mechanical Equipment | E57: =IF(VLOOKUP(C57,EL!$C$4:$J$975,6,0)="","",VLOOKUP(C57,EL!$C$4:$J$975,6,0)) -> 0 | G57: =IF(VLOOKUP(C57,EL!$C$4:$J$975,4,0)="","",VLOOKUP(C57,EL!$C$4:$J$975,4,0)) -> 46042 | H57: =IF(VLOOKUP(C57,EL!$C$4:$AA$975,13,0)="","",IF(E57=0,VLOOKUP(C57,EL!$C$4:$AA$975,13,0),IF(E57=1,VLOOKUP(C57,EL!$C$4:$AA$975,17,0),IF(E57=2,VLOOKUP(C57,EL!$C$4:$AA$975,22,0),"")))) -> 46044 | I57: =IF(VLOOKUP(C57,EL!$C$4:$AA$975,14,0)="","",IF(E57=0,VLOOKUP(C57,EL!$C$4:$AA$975,14,0),IF(E57=1,VLOOKUP(C57,EL!$C$4:$AA$975,18,0),IF(E57=2,VLOOKUP(C57,EL!$C$4:$AA$975,23,0),"")))) -> 46049 | J57: =IF(VLOOKUP(C57,EL!$C$4:$AA$66,15,0)="","",IF(E57=0,VLOOKUP(C57,EL!$C$4:$AA$66,15,0),IF(E57=1,VLOOKUP(C57,EL!$C$4:$AA$66,20,0),IF(E57=2,VLOOKUP(C57,EL!$C$4:$AA$66,25,0),"")))) | K57: =VLOOKUP(C57,EL!$C$4:$K$1035,8,0) -> STT | L57: {=_xlfn.IFS(AND($E57<>"",$M57="Pending",$K57="CTA"),TODAY()-$G57,AND($E57<>"",$M57="Pending",$K57="AUR"),TODAY()-$H57,AND($E57<>"",$M57="Pending",$K57="STT"),TODAY()-$I57,OR(K57="Closed",K57=""),"")} -> 15 | M57: =VLOOKUP(C57,EL!$C$4:$K$975,9,0) -> Pending | N57: =IF(AND(E57<>"",M57="Pending"),IF(L57>=5,"Overdue",IF(L57>=3,"High","")),"") -> Overdue | O57: Urgent
A58: =A57+1 -> 8 | B58: Electrical | C58: 523213-01-RFI-EL-0008 | D58: =VLOOKUP(C58,EL!$C$4:$J$22,2,0) -> Confirm the amount of Monitor and Control Module - Fire Alarm System | E58: =IF(VLOOKUP(C58,EL!$C$4:$J$975,6,0)="","",VLOOKUP(C58,EL!$C$4:$J$975,6,0)) -> 0 | G58: =IF(VLOOKUP(C58,EL!$C$4:$J$975,4,0)="","",VLOOKUP(C58,EL!$C$4:$J$975,4,0)) -> 46042 | H58: =IF(VLOOKUP(C58,EL!$C$4:$AA$975,13,0)="","",IF(E58=0,VLOOKUP(C58,EL!$C$4:$AA$975,13,0),IF(E58=1,VLOOKUP(C58,EL!$C$4:$AA$975,17,0),IF(E58=2,VLOOKUP(C58,EL!$C$4:$AA$975,22,0),"")))) -> 46055 | I58: =IF(VLOOKUP(C58,EL!$C$4:$AA$975,14,0)="","",IF(E58=0,VLOOKUP(C58,EL!$C$4:$AA$975,14,0),IF(E58=1,VLOOKUP(C58,EL!$C$4:$AA$975,18,0),IF(E58=2,VLOOKUP(C58,EL!$C$4:$AA$975,23,0),"")))) -> 46062 | J58: =IF(VLOOKUP(C58,EL!$C$4:$AA$66,15,0)="","",IF(E58=0,VLOOKUP(C58,EL!$C$4:$AA$66,15,0),IF(E58=1,VLOOKUP(C58,EL!$C$4:$AA$66,20,0),IF(E58=2,VLOOKUP(C58,EL!$C$4:$AA$66,25,0),"")))) | K58: =VLOOKUP(C58,EL!$C$4:$K$1035,8,0) -> STT | L58: {=_xlfn.IFS(AND($E58<>"",$M58="Pending",$K58="CTA"),TODAY()-$G58,AND($E58<>"",$M58="Pending",$K58="AUR"),TODAY()-$H58,AND($E58<>"",$M58="Pending",$K58="STT"),TODAY()-$I58,OR(K58="Closed",K58=""),"")} -> 2 | M58: =VLOOKUP(C58,EL!$C$4:$K$975,9,0) -> Pending | N58: =IF(AND(E58<>"",M58="Pending"),IF(L58>=5,"Overdue",IF(L58>=3,"High","")),"")
A59: =A58+1 -> 9 | B59: Electrical | C59: 523213-01-RFI-EL-0009 | D59: =VLOOKUP(C59,EL!$C$4:$J$22,2,0) -> Quantity of Smoke Detector is not equal in Fan Wall A and B on 5th FL, Speaker 4th FL and Speaker L2 2nd FL | E59: =IF(VLOOKUP(C59,EL!$C$4:$J$975,6,0)="","",VLOOKUP(C59,EL!$C$4:$J$975,6,0)) -> 0 | G59: =IF(VLOOKUP(C59,EL!$C$4:$J$975,4,0)="","",VLOOKUP(C59,EL!$C$4:$J$975,4,0)) -> 46037 | H59: =IF(VLOOKUP(C59,EL!$C$4:$AA$975,13,0)="","",IF(E59=0,VLOOKUP(C59,EL!$C$4:$AA$975,13,0),IF(E59=1,VLOOKUP(C59,EL!$C$4:$AA$975,17,0),IF(E59=2,VLOOKUP(C59,EL!$C$4:$AA$975,22,0),"")))) -> 46055 | I59: =IF(VLOOKUP(C59,EL!$C$4:$AA$975,14,0)="","",IF(E59=0,VLOOKUP(C59,EL!$C$4:$AA$975,14,0),IF(E59=1,VLOOKUP(C59,EL!$C$4:$AA$975,18,0),IF(E59=2,VLOOKUP(C59,EL!$C$4:$AA$975,23,0),"")))) -> 46056 | J59: =IF(VLOOKUP(C59,EL!$C$4:$AA$66,15,0)="","",IF(E59=0,VLOOKUP(C59,EL!$C$4:$AA$66,15,0),IF(E59=1,VLOOKUP(C59,EL!$C$4:$AA$66,20,0),IF(E59=2,VLOOKUP(C59,EL!$C$4:$AA$66,25,0),"")))) | K59: =VLOOKUP(C59,EL!$C$4:$K$1035,8,0) -> STT | L59: {=_xlfn.IFS(AND($E59<>"",$M59="Pending",$K59="CTA"),TODAY()-$G59,AND($E59<>"",$M59="Pending",$K59="AUR"),TODAY()-$H59,AND($E59<>"",$M59="Pending",$K59="STT"),TODAY()-$I59,OR(K59="Closed",K59=""),"")} -> 8 | M59: =VLOOKUP(C59,EL!$C$4:$K$975,9,0) -> Pending | N59: =IF(AND(E59<>"",M59="Pending"),IF(L59>=5,"Overdue",IF(L59>=3,"High","")),"") -> Overdue
A60: =A59+1 -> 10 | B60: Electrical | C60: 523213-01-RFI-EL-0010 | D60: =VLOOKUP(C60,EL!$C$4:$J$22,2,0) -> 0 | E60: =IF(VLOOKUP(C60,EL!$C$4:$J$975,6,0)="","",VLOOKUP(C60,EL!$C$4:$J$975,6,0)) | G60: =IF(VLOOKUP(C60,EL!$C$4:$J$975,4,0)="","",VLOOKUP(C60,EL!$C$4:$J$975,4,0)) | H60: =IF(VLOOKUP(C60,EL!$C$4:$AA$975,13,0)="","",IF(E60=0,VLOOKUP(C60,EL!$C$4:$AA$975,13,0),IF(E60=1,VLOOKUP(C60,EL!$C$4:$AA$975,17,0),IF(E60=2,VLOOKUP(C60,EL!$C$4:$AA$975,22,0),"")))) | I60: =IF(VLOOKUP(C60,EL!$C$4:$AA$975,14,0)="","",IF(E60=0,VLOOKUP(C60,EL!$C$4:$AA$975,14,0),IF(E60=1,VLOOKUP(C60,EL!$C$4:$AA$975,18,0),IF(E60=2,VLOOKUP(C60,EL!$C$4:$AA$975,23,0),"")))) | J60: =IF(VLOOKUP(C60,EL!$C$4:$AA$66,15,0)="","",IF(E60=0,VLOOKUP(C60,EL!$C$4:$AA$66,15,0),IF(E60=1,VLOOKUP(C60,EL!$C$4:$AA$66,20,0),IF(E60=2,VLOOKUP(C60,EL!$C$4:$AA$66,25,0),"")))) | K60: =VLOOKUP(C60,EL!$C$4:$K$1035,8,0) -> 0 | L60: {=_xlfn.IFS(AND($E60<>"",$M60="Pending",$K60="CTA"),TODAY()-$G60,AND($E60<>"",$M60="Pending",$K60="AUR"),TODAY()-$H60,AND($E60<>"",$M60="Pending",$K60="STT"),TODAY()-$I60,OR(K60="Closed",K60=""),"")} -> #N/A | M60: =VLOOKUP(C60,EL!$C$4:$K$975,9,0) -> 0 | N60: =IF(AND(E60<>"",M60="Pending"),IF(L60>=5,"Overdue",IF(L60>=3,"High","")),"")
A61: =A60+1 -> 11 | B61: Electrical | C61: 523213-01-RFI-EL-0011 | D61: =VLOOKUP(C61,EL!$C$4:$J$22,2,0) -> Add & Remove Cable Ladder from HVSB to HV Riser | E61: =IF(VLOOKUP(C61,EL!$C$4:$J$975,6,0)="","",VLOOKUP(C61,EL!$C$4:$J$975,6,0)) -> 0 | G61: =IF(VLOOKUP(C61,EL!$C$4:$J$975,4,0)="","",VLOOKUP(C61,EL!$C$4:$J$975,4,0)) -> 46037 | H61: =IF(VLOOKUP(C61,EL!$C$4:$AA$975,13,0)="","",IF(E61=0,VLOOKUP(C61,EL!$C$4:$AA$975,13,0),IF(E61=1,VLOOKUP(C61,EL!$C$4:$AA$975,17,0),IF(E61=2,VLOOKUP(C61,EL!$C$4:$AA$975,22,0),"")))) -> 46055 | I61: =IF(VLOOKUP(C61,EL!$C$4:$AA$975,14,0)="","",IF(E61=0,VLOOKUP(C61,EL!$C$4:$AA$975,14,0),IF(E61=1,VLOOKUP(C61,EL!$C$4:$AA$975,18,0),IF(E61=2,VLOOKUP(C61,EL!$C$4:$AA$975,23,0),"")))) -> 46062 | J61: =IF(VLOOKUP(C61,EL!$C$4:$AA$66,15,0)="","",IF(E61=0,VLOOKUP(C61,EL!$C$4:$AA$66,15,0),IF(E61=1,VLOOKUP(C61,EL!$C$4:$AA$66,20,0),IF(E61=2,VLOOKUP(C61,EL!$C$4:$AA$66,25,0),"")))) | K61: =VLOOKUP(C61,EL!$C$4:$K$1035,8,0) -> STT | L61: {=_xlfn.IFS(AND($E61<>"",$M61="Pending",$K61="CTA"),TODAY()-$G61,AND($E61<>"",$M61="Pending",$K61="AUR"),TODAY()-$H61,AND($E61<>"",$M61="Pending",$K61="STT"),TODAY()-$I61,OR(K61="Closed",K61=""),"")} -> 2 | M61: =VLOOKUP(C61,EL!$C$4:$K$975,9,0) -> Pending | N61: =IF(AND(E61<>"",M61="Pending"),IF(L61>=5,"Overdue",IF(L61>=3,"High","")),"")
A62: =A61+1 -> 12 | B62: Electrical | C62: 523213-01-RFI-EL-0012 | D62: =VLOOKUP(C62,EL!$C$4:$J$22,2,0) -> Incoming HV Cable Route Problem | E62: =IF(VLOOKUP(C62,EL!$C$4:$J$975,6,0)="","",VLOOKUP(C62,EL!$C$4:$J$975,6,0)) -> 0 | G62: =IF(VLOOKUP(C62,EL!$C$4:$J$975,4,0)="","",VLOOKUP(C62,EL!$C$4:$J$975,4,0)) -> 46037 | H62: =IF(VLOOKUP(C62,EL!$C$4:$AA$975,13,0)="","",IF(E62=0,VLOOKUP(C62,EL!$C$4:$AA$975,13,0),IF(E62=1,VLOOKUP(C62,EL!$C$4:$AA$975,17,0),IF(E62=2,VLOOKUP(C62,EL!$C$4:$AA$975,22,0),"")))) -> 46044 | I62: =IF(VLOOKUP(C62,EL!$C$4:$AA$975,14,0)="","",IF(E62=0,VLOOKUP(C62,EL!$C$4:$AA$975,14,0),IF(E62=1,VLOOKUP(C62,EL!$C$4:$AA$975,18,0),IF(E62=2,VLOOKUP(C62,EL!$C$4:$AA$975,23,0),"")))) -> 46050 | J62: =IF(VLOOKUP(C62,EL!$C$4:$AA$66,15,0)="","",IF(E62=0,VLOOKUP(C62,EL!$C$4:$AA$66,15,0),IF(E62=1,VLOOKUP(C62,EL!$C$4:$AA$66,20,0),IF(E62=2,VLOOKUP(C62,EL!$C$4:$AA$66,25,0),"")))) | K62: =VLOOKUP(C62,EL!$C$4:$K$1035,8,0) -> STT | L62: {=_xlfn.IFS(AND($E62<>"",$M62="Pending",$K62="CTA"),TODAY()-$G62,AND($E62<>"",$M62="Pending",$K62="AUR"),TODAY()-$H62,AND($E62<>"",$M62="Pending",$K62="STT"),TODAY()-$I62,OR(K62="Closed",K62=""),"")} -> 14 | M62: =VLOOKUP(C62,EL!$C$4:$K$975,9,0) -> Pending | N62: =IF(AND(E62<>"",M62="Pending"),IF(L62>=5,"Overdue",IF(L62>=3,"High","")),"") -> Overdue | O62: Urgent
A63: =A62+1 -> 13 | B63: Electrical | C63: 523213-01-RFI-EL-0013 | D63: =VLOOKUP(C63,EL!$C$4:$J$22,2,0) -> Need PIR for Security Room 2, Janitor, Storage and Work Shop - Lighting Control System | E63: =IF(VLOOKUP(C63,EL!$C$4:$J$975,6,0)="","",VLOOKUP(C63,EL!$C$4:$J$975,6,0)) -> 0 | G63: =IF(VLOOKUP(C63,EL!$C$4:$J$975,4,0)="","",VLOOKUP(C63,EL!$C$4:$J$975,4,0)) -> 46037 | H63: =IF(VLOOKUP(C63,EL!$C$4:$AA$975,13,0)="","",IF(E63=0,VLOOKUP(C63,EL!$C$4:$AA$975,13,0),IF(E63=1,VLOOKUP(C63,EL!$C$4:$AA$975,17,0),IF(E63=2,VLOOKUP(C63,EL!$C$4:$AA$975,22,0),"")))) -> 46055 | I63: =IF(VLOOKUP(C63,EL!$C$4:$AA$975,14,0)="","",IF(E63=0,VLOOKUP(C63,EL!$C$4:$AA$975,14,0),IF(E63=1,VLOOKUP(C63,EL!$C$4:$AA$975,18,0),IF(E63=2,VLOOKUP(C63,EL!$C$4:$AA$975,23,0),"")))) | J63: =IF(VLOOKUP(C63,EL!$C$4:$AA$66,15,0)="","",IF(E63=0,VLOOKUP(C63,EL!$C$4:$AA$66,15,0),IF(E63=1,VLOOKUP(C63,EL!$C$4:$AA$66,20,0),IF(E63=2,VLOOKUP(C63,EL!$C$4:$AA$66,25,0),"")))) | K63: =VLOOKUP(C63,EL!$C$4:$K$1035,8,0) -> AUR | L63: {=_xlfn.IFS(AND($E63<>"",$M63="Pending",$K63="CTA"),TODAY()-$G63,AND($E63<>"",$M63="Pending",$K63="AUR"),TODAY()-$H63,AND($E63<>"",$M63="Pending",$K63="STT"),TODAY()-$I63,OR(K63="Closed",K63=""),"")} -> 9 | M63: =VLOOKUP(C63,EL!$C$4:$K$975,9,0) -> Pending | N63: =IF(AND(E63<>"",M63="Pending"),IF(L63>=5,"Overdue",IF(L63>=3,"High","")),"") -> Overdue
A64: =A63+1 -> 14 | B64: Electrical | C64: 523213-01-RFI-EL-0014 | D64: =VLOOKUP(C64,EL!$C$4:$J$22,2,0) -> Confirm for Additional Power Supply for GDP | E64: =IF(VLOOKUP(C64,EL!$C$4:$J$975,6,0)="","",VLOOKUP(C64,EL!$C$4:$J$975,6,0)) -> 0 | G64: =IF(VLOOKUP(C64,EL!$C$4:$J$975,4,0)="","",VLOOKUP(C64,EL!$C$4:$J$975,4,0)) -> 46037 | H64: =IF(VLOOKUP(C64,EL!$C$4:$AA$975,13,0)="","",IF(E64=0,VLOOKUP(C64,EL!$C$4:$AA$975,13,0),IF(E64=1,VLOOKUP(C64,EL!$C$4:$AA$975,17,0),IF(E64=2,VLOOKUP(C64,EL!$C$4:$AA$975,22,0),"")))) -> 46055 | I64: =IF(VLOOKUP(C64,EL!$C$4:$AA$975,14,0)="","",IF(E64=0,VLOOKUP(C64,EL!$C$4:$AA$975,14,0),IF(E64=1,VLOOKUP(C64,EL!$C$4:$AA$975,18,0),IF(E64=2,VLOOKUP(C64,EL!$C$4:$AA$975,23,0),"")))) | J64: =IF(VLOOKUP(C64,EL!$C$4:$AA$66,15,0)="","",IF(E64=0,VLOOKUP(C64,EL!$C$4:$AA$66,15,0),IF(E64=1,VLOOKUP(C64,EL!$C$4:$AA$66,20,0),IF(E64=2,VLOOKUP(C64,EL!$C$4:$AA$66,25,0),"")))) | K64: =VLOOKUP(C64,EL!$C$4:$K$1035,8,0) -> AUR | L64: {=_xlfn.IFS(AND($E64<>"",$M64="Pending",$K64="CTA"),TODAY()-$G64,AND($E64<>"",$M64="Pending",$K64="AUR"),TODAY()-$H64,AND($E64<>"",$M64="Pending",$K64="STT"),TODAY()-$I64,OR(K64="Closed",K64=""),"")} -> 9 | M64: =VLOOKUP(C64,EL!$C$4:$K$975,9,0) -> Pending | N64: =IF(AND(E64<>"",M64="Pending"),IF(L64>=5,"Overdue",IF(L64>=3,"High","")),"") -> Overdue
A65: =A64+1 -> 15 | B65: Electrical | C65: 523213-01-RFI-EL-0015 | D65: =VLOOKUP(C65,EL!$C$4:$J$22,2,0) -> Clarification on Fire Alarm Module Type for Sysem Interface | E65: =IF(VLOOKUP(C65,EL!$C$4:$J$975,6,0)="","",VLOOKUP(C65,EL!$C$4:$J$975,6,0)) -> 0 | G65: =IF(VLOOKUP(C65,EL!$C$4:$J$975,4,0)="","",VLOOKUP(C65,EL!$C$4:$J$975,4,0)) -> 46037 | H65: =IF(VLOOKUP(C65,EL!$C$4:$AA$975,13,0)="","",IF(E65=0,VLOOKUP(C65,EL!$C$4:$AA$975,13,0),IF(E65=1,VLOOKUP(C65,EL!$C$4:$AA$975,17,0),IF(E65=2,VLOOKUP(C65,EL!$C$4:$AA$975,22,0),"")))) -> 46055 | I65: =IF(VLOOKUP(C65,EL!$C$4:$AA$975,14,0)="","",IF(E65=0,VLOOKUP(C65,EL!$C$4:$AA$975,14,0),IF(E65=1,VLOOKUP(C65,EL!$C$4:$AA$975,18,0),IF(E65=2,VLOOKUP(C65,EL!$C$4:$AA$975,23,0),"")))) -> 46062 | J65: =IF(VLOOKUP(C65,EL!$C$4:$AA$66,15,0)="","",IF(E65=0,VLOOKUP(C65,EL!$C$4:$AA$66,15,0),IF(E65=1,VLOOKUP(C65,EL!$C$4:$AA$66,20,0),IF(E65=2,VLOOKUP(C65,EL!$C$4:$AA$66,25,0),"")))) | K65: =VLOOKUP(C65,EL!$C$4:$K$1035,8,0) -> STT | L65: {=_xlfn.IFS(AND($E65<>"",$M65="Pending",$K65="CTA"),TODAY()-$G65,AND($E65<>"",$M65="Pending",$K65="AUR"),TODAY()-$H65,AND($E65<>"",$M65="Pending",$K65="STT"),TODAY()-$I65,OR(K65="Closed",K65=""),"")} -> 2 | M65: =VLOOKUP(C65,EL!$C$4:$K$975,9,0) -> Pending | N65: =IF(AND(E65<>"",M65="Pending"),IF(L65>=5,"Overdue",IF(L65>=3,"High","")),"")
A66: =A65+1 -> 16 | B66: Electrical | C66: 523213-01-RFI-EL-0016 | D66: =VLOOKUP(C66,EL!$C$4:$J$22,2,0) -> Aux supply Non-IT DB for HVSB,TX and LB | E66: =IF(VLOOKUP(C66,EL!$C$4:$J$975,6,0)="","",VLOOKUP(C66,EL!$C$4:$J$975,6,0)) -> 0 | G66: =IF(VLOOKUP(C66,EL!$C$4:$J$975,4,0)="","",VLOOKUP(C66,EL!$C$4:$J$975,4,0)) -> 46037 | H66: =IF(VLOOKUP(C66,EL!$C$4:$AA$975,13,0)="","",IF(E66=0,VLOOKUP(C66,EL!$C$4:$AA$975,13,0),IF(E66=1,VLOOKUP(C66,EL!$C$4:$AA$975,17,0),IF(E66=2,VLOOKUP(C66,EL!$C$4:$AA$975,22,0),"")))) -> 46055 | I66: =IF(VLOOKUP(C66,EL!$C$4:$AA$975,14,0)="","",IF(E66=0,VLOOKUP(C66,EL!$C$4:$AA$975,14,0),IF(E66=1,VLOOKUP(C66,EL!$C$4:$AA$975,18,0),IF(E66=2,VLOOKUP(C66,EL!$C$4:$AA$975,23,0),"")))) | J66: =IF(VLOOKUP(C66,EL!$C$4:$AA$66,15,0)="","",IF(E66=0,VLOOKUP(C66,EL!$C$4:$AA$66,15,0),IF(E66=1,VLOOKUP(C66,EL!$C$4:$AA$66,20,0),IF(E66=2,VLOOKUP(C66,EL!$C$4:$AA$66,25,0),"")))) | K66: =VLOOKUP(C66,EL!$C$4:$K$1035,8,0) -> AUR | L66: {=_xlfn.IFS(AND($E66<>"",$M66="Pending",$K66="CTA"),TODAY()-$G66,AND($E66<>"",$M66="Pending",$K66="AUR"),TODAY()-$H66,AND($E66<>"",$M66="Pending",$K66="STT"),TODAY()-$I66,OR(K66="Closed",K66=""),"")} -> 9 | M66: =VLOOKUP(C66,EL!$C$4:$K$975,9,0) -> Pending | N66: =IF(AND(E66<>"",M66="Pending"),IF(L66>=5,"Overdue",IF(L66>=3,"High","")),"") -> Overdue
A67: =A66+1 -> 17 | B67: Electrical | C67: 523213-01-RFI-EL-0017 | D67: =VLOOKUP(C67,EL!$C$4:$J$22,2,0) -> Confirm to Add Power Supply for ASD - Staging Room 1st Floor | E67: =IF(VLOOKUP(C67,EL!$C$4:$J$975,6,0)="","",VLOOKUP(C67,EL!$C$4:$J$975,6,0)) -> 0 | G67: =IF(VLOOKUP(C67,EL!$C$4:$J$975,4,0)="","",VLOOKUP(C67,EL!$C$4:$J$975,4,0)) -> 46042 | H67: =IF(VLOOKUP(C67,EL!$C$4:$AA$975,13,0)="","",IF(E67=0,VLOOKUP(C67,EL!$C$4:$AA$975,13,0),IF(E67=1,VLOOKUP(C67,EL!$C$4:$AA$975,17,0),IF(E67=2,VLOOKUP(C67,EL!$C$4:$AA$975,22,0),"")))) -> 46055 | I67: =IF(VLOOKUP(C67,EL!$C$4:$AA$975,14,0)="","",IF(E67=0,VLOOKUP(C67,EL!$C$4:$AA$975,14,0),IF(E67=1,VLOOKUP(C67,EL!$C$4:$AA$975,18,0),IF(E67=2,VLOOKUP(C67,EL!$C$4:$AA$975,23,0),"")))) -> 46062 | J67: =IF(VLOOKUP(C67,EL!$C$4:$AA$66,15,0)="","",IF(E67=0,VLOOKUP(C67,EL!$C$4:$AA$66,15,0),IF(E67=1,VLOOKUP(C67,EL!$C$4:$AA$66,20,0),IF(E67=2,VLOOKUP(C67,EL!$C$4:$AA$66,25,0),"")))) | K67: =VLOOKUP(C67,EL!$C$4:$K$1035,8,0) -> STT | L67: {=_xlfn.IFS(AND($E67<>"",$M67="Pending",$K67="CTA"),TODAY()-$G67,AND($E67<>"",$M67="Pending",$K67="AUR"),TODAY()-$H67,AND($E67<>"",$M67="Pending",$K67="STT"),TODAY()-$I67,OR(K67="Closed",K67=""),"")} -> 2 | M67: =VLOOKUP(C67,EL!$C$4:$K$975,9,0) -> Pending | N67: =IF(AND(E67<>"",M67="Pending"),IF(L67>=5,"Overdue",IF(L67>=3,"High","")),"")
A68: =A67+1 -> 18 | B68: Electrical | C68: 523213-01-RFI-EL-0018 | D68: =VLOOKUP(C68,EL!$C$4:$J$22,2,0) -> Confirm the Correct ASD Pipe Installation Location in Data Hall Area | E68: =IF(VLOOKUP(C68,EL!$C$4:$J$975,6,0)="","",VLOOKUP(C68,EL!$C$4:$J$975,6,0)) -> 0 | G68: =IF(VLOOKUP(C68,EL!$C$4:$J$975,4,0)="","",VLOOKUP(C68,EL!$C$4:$J$975,4,0)) -> 46036 | H68: =IF(VLOOKUP(C68,EL!$C$4:$AA$975,13,0)="","",IF(E68=0,VLOOKUP(C68,EL!$C$4:$AA$975,13,0),IF(E68=1,VLOOKUP(C68,EL!$C$4:$AA$975,17,0),IF(E68=2,VLOOKUP(C68,EL!$C$4:$AA$975,22,0),"")))) -> 46055 | I68: =IF(VLOOKUP(C68,EL!$C$4:$AA$975,14,0)="","",IF(E68=0,VLOOKUP(C68,EL!$C$4:$AA$975,14,0),IF(E68=1,VLOOKUP(C68,EL!$C$4:$AA$975,18,0),IF(E68=2,VLOOKUP(C68,EL!$C$4:$AA$975,23,0),"")))) -> 46056 | J68: =IF(VLOOKUP(C68,EL!$C$4:$AA$66,15,0)="","",IF(E68=0,VLOOKUP(C68,EL!$C$4:$AA$66,15,0),IF(E68=1,VLOOKUP(C68,EL!$C$4:$AA$66,20,0),IF(E68=2,VLOOKUP(C68,EL!$C$4:$AA$66,25,0),"")))) | K68: =VLOOKUP(C68,EL!$C$4:$K$1035,8,0) -> STT | L68: {=_xlfn.IFS(AND($E68<>"",$M68="Pending",$K68="CTA"),TODAY()-$G68,AND($E68<>"",$M68="Pending",$K68="AUR"),TODAY()-$H68,AND($E68<>"",$M68="Pending",$K68="STT"),TODAY()-$I68,OR(K68="Closed",K68=""),"")} -> 8 | M68: =VLOOKUP(C68,EL!$C$4:$K$975,9,0) -> Pending | N68: =IF(AND(E68<>"",M68="Pending"),IF(L68>=5,"Overdue",IF(L68>=3,"High","")),"") -> Overdue
A69: =A68+1 -> 19 | B69: Electrical | C69: 523213-01-RFI-EL-0019 | D69: =VLOOKUP(C69,EL!$C$4:$J$22,2,0) -> Detail Location for Install CCTV at Outside Building | E69: =IF(VLOOKUP(C69,EL!$C$4:$J$975,6,0)="","",VLOOKUP(C69,EL!$C$4:$J$975,6,0)) -> 0 | G69: =IF(VLOOKUP(C69,EL!$C$4:$J$975,4,0)="","",VLOOKUP(C69,EL!$C$4:$J$975,4,0)) -> 46036 | H69: =IF(VLOOKUP(C69,EL!$C$4:$AA$975,13,0)="","",IF(E69=0,VLOOKUP(C69,EL!$C$4:$AA$975,13,0),IF(E69=1,VLOOKUP(C69,EL!$C$4:$AA$975,17,0),IF(E69=2,VLOOKUP(C69,EL!$C$4:$AA$975,22,0),"")))) -> 46055 | I69: =IF(VLOOKUP(C69,EL!$C$4:$AA$975,14,0)="","",IF(E69=0,VLOOKUP(C69,EL!$C$4:$AA$975,14,0),IF(E69=1,VLOOKUP(C69,EL!$C$4:$AA$975,18,0),IF(E69=2,VLOOKUP(C69,EL!$C$4:$AA$975,23,0),"")))) -> 46062 | J69: =IF(VLOOKUP(C69,EL!$C$4:$AA$66,15,0)="","",IF(E69=0,VLOOKUP(C69,EL!$C$4:$AA$66,15,0),IF(E69=1,VLOOKUP(C69,EL!$C$4:$AA$66,20,0),IF(E69=2,VLOOKUP(C69,EL!$C$4:$AA$66,25,0),"")))) | K69: =VLOOKUP(C69,EL!$C$4:$K$1035,8,0) -> STT | L69: {=_xlfn.IFS(AND($E69<>"",$M69="Pending",$K69="CTA"),TODAY()-$G69,AND($E69<>"",$M69="Pending",$K69="AUR"),TODAY()-$H69,AND($E69<>"",$M69="Pending",$K69="STT"),TODAY()-$I69,OR(K69="Closed",K69=""),"")} -> 2 | M69: =VLOOKUP(C69,EL!$C$4:$K$975,9,0) -> Pending | N69: =IF(AND(E69<>"",M69="Pending"),IF(L69>=5,"Overdue",IF(L69>=3,"High","")),"")
A70: =A69+1 -> 20 | B70: Electrical | C70: 523213-01-RFI-EL-0020 | D70: =VLOOKUP(C70,EL!$C$4:$J$32,2,0) -> Quantity and Installation Locations of PIR Sensors for the Stairs | E70: =IF(VLOOKUP(C70,EL!$C$4:$J$975,6,0)="","",VLOOKUP(C70,EL!$C$4:$J$975,6,0)) -> 0 | G70: =IF(VLOOKUP(C70,EL!$C$4:$J$975,4,0)="","",VLOOKUP(C70,EL!$C$4:$J$975,4,0)) -> 46042 | H70: =IF(VLOOKUP(C70,EL!$C$4:$AA$975,13,0)="","",IF(E70=0,VLOOKUP(C70,EL!$C$4:$AA$975,13,0),IF(E70=1,VLOOKUP(C70,EL!$C$4:$AA$975,17,0),IF(E70=2,VLOOKUP(C70,EL!$C$4:$AA$975,22,0),"")))) -> 46055 | I70: =IF(VLOOKUP(C70,EL!$C$4:$AA$975,14,0)="","",IF(E70=0,VLOOKUP(C70,EL!$C$4:$AA$975,14,0),IF(E70=1,VLOOKUP(C70,EL!$C$4:$AA$975,18,0),IF(E70=2,VLOOKUP(C70,EL!$C$4:$AA$975,23,0),"")))) | J70: =IF(VLOOKUP(C70,EL!$C$4:$AA$66,15,0)="","",IF(E70=0,VLOOKUP(C70,EL!$C$4:$AA$66,15,0),IF(E70=1,VLOOKUP(C70,EL!$C$4:$AA$66,20,0),IF(E70=2,VLOOKUP(C70,EL!$C$4:$AA$66,25,0),"")))) | K70: =VLOOKUP(C70,EL!$C$4:$K$1035,8,0) -> AUR | L70: {=_xlfn.IFS(AND($E70<>"",$M70="Pending",$K70="CTA"),TODAY()-$G70,AND($E70<>"",$M70="Pending",$K70="AUR"),TODAY()-$H70,AND($E70<>"",$M70="Pending",$K70="STT"),TODAY()-$I70,OR(K70="Closed",K70=""),"")} -> 9 | M70: =VLOOKUP(C70,EL!$C$4:$K$975,9,0) -> Pending | N70: =IF(AND(E70<>"",M70="Pending"),IF(L70>=5,"Overdue",IF(L70>=3,"High","")),"") -> Overdue
A71: =A70+1 -> 21 | B71: Electrical | C71: 523213-01-RFI-EL-0021 | D71: =VLOOKUP(C71,EL!$C$4:$J$32,2,0) -> Confirm for Power Supply for LV System | E71: =IF(VLOOKUP(C71,EL!$C$4:$J$975,6,0)="","",VLOOKUP(C71,EL!$C$4:$J$975,6,0)) -> 0 | G71: =IF(VLOOKUP(C71,EL!$C$4:$J$975,4,0)="","",VLOOKUP(C71,EL!$C$4:$J$975,4,0)) -> 46042 | H71: =IF(VLOOKUP(C71,EL!$C$4:$AA$975,13,0)="","",IF(E71=0,VLOOKUP(C71,EL!$C$4:$AA$975,13,0),IF(E71=1,VLOOKUP(C71,EL!$C$4:$AA$975,17,0),IF(E71=2,VLOOKUP(C71,EL!$C$4:$AA$975,22,0),"")))) -> 46055 | I71: =IF(VLOOKUP(C71,EL!$C$4:$AA$975,14,0)="","",IF(E71=0,VLOOKUP(C71,EL!$C$4:$AA$975,14,0),IF(E71=1,VLOOKUP(C71,EL!$C$4:$AA$975,18,0),IF(E71=2,VLOOKUP(C71,EL!$C$4:$AA$975,23,0),"")))) | J71: =IF(VLOOKUP(C71,EL!$C$4:$AA$66,15,0)="","",IF(E71=0,VLOOKUP(C71,EL!$C$4:$AA$66,15,0),IF(E71=1,VLOOKUP(C71,EL!$C$4:$AA$66,20,0),IF(E71=2,VLOOKUP(C71,EL!$C$4:$AA$66,25,0),"")))) | K71: =VLOOKUP(C71,EL!$C$4:$K$1035,8,0) -> AUR | L71: {=_xlfn.IFS(AND($E71<>"",$M71="Pending",$K71="CTA"),TODAY()-$G71,AND($E71<>"",$M71="Pending",$K71="AUR"),TODAY()-$H71,AND($E71<>"",$M71="Pending",$K71="STT"),TODAY()-$I71,OR(K71="Closed",K71=""),"")} -> 9 | M71: =VLOOKUP(C71,EL!$C$4:$K$975,9,0) -> Pending | N71: =IF(AND(E71<>"",M71="Pending"),IF(L71>=5,"Overdue",IF(L71>=3,"High","")),"") -> Overdue
A72: =A71+1 -> 22 | B72: Electrical | C72: 523213-01-RFI-EL-0022 | D72: =VLOOKUP(C72,EL!$C$4:$J$32,2,0) -> Confirm Fire Alarm and ASD Interface | E72: =IF(VLOOKUP(C72,EL!$C$4:$J$975,6,0)="","",VLOOKUP(C72,EL!$C$4:$J$975,6,0)) -> 0 | G72: =IF(VLOOKUP(C72,EL!$C$4:$J$975,4,0)="","",VLOOKUP(C72,EL!$C$4:$J$975,4,0)) -> 46042 | H72: =IF(VLOOKUP(C72,EL!$C$4:$AA$975,13,0)="","",IF(E72=0,VLOOKUP(C72,EL!$C$4:$AA$975,13,0),IF(E72=1,VLOOKUP(C72,EL!$C$4:$AA$975,17,0),IF(E72=2,VLOOKUP(C72,EL!$C$4:$AA$975,22,0),"")))) -> 46044 | I72: =IF(VLOOKUP(C72,EL!$C$4:$AA$975,14,0)="","",IF(E72=0,VLOOKUP(C72,EL!$C$4:$AA$975,14,0),IF(E72=1,VLOOKUP(C72,EL!$C$4:$AA$975,18,0),IF(E72=2,VLOOKUP(C72,EL!$C$4:$AA$975,23,0),"")))) -> 46049 | J72: =IF(VLOOKUP(C72,EL!$C$4:$AA$66,15,0)="","",IF(E72=0,VLOOKUP(C72,EL!$C$4:$AA$66,15,0),IF(E72=1,VLOOKUP(C72,EL!$C$4:$AA$66,20,0),IF(E72=2,VLOOKUP(C72,EL!$C$4:$AA$66,25,0),"")))) | K72: =VLOOKUP(C72,EL!$C$4:$K$1035,8,0) -> STT | L72: {=_xlfn.IFS(AND($E72<>"",$M72="Pending",$K72="CTA"),TODAY()-$G72,AND($E72<>"",$M72="Pending",$K72="AUR"),TODAY()-$H72,AND($E72<>"",$M72="Pending",$K72="STT"),TODAY()-$I72,OR(K72="Closed",K72=""),"")} -> 15 | M72: =VLOOKUP(C72,EL!$C$4:$K$975,9,0) -> Pending | N72: =IF(AND(E72<>"",M72="Pending"),IF(L72>=5,"Overdue",IF(L72>=3,"High","")),"") -> Overdue | O72: Urgent
A73: =A72+1 -> 23 | B73: Electrical | C73: 523213-01-RFI-EL-0023 | D73: =VLOOKUP(C73,EL!$C$4:$J$32,2,0) -> Fire Alarm Signals Interface to BMS System | E73: =IF(VLOOKUP(C73,EL!$C$4:$J$975,6,0)="","",VLOOKUP(C73,EL!$C$4:$J$975,6,0)) -> 0 | G73: =IF(VLOOKUP(C73,EL!$C$4:$J$975,4,0)="","",VLOOKUP(C73,EL!$C$4:$J$975,4,0)) -> 46044 | H73: =IF(VLOOKUP(C73,EL!$C$4:$AA$975,13,0)="","",IF(E73=0,VLOOKUP(C73,EL!$C$4:$AA$975,13,0),IF(E73=1,VLOOKUP(C73,EL!$C$4:$AA$975,17,0),IF(E73=2,VLOOKUP(C73,EL!$C$4:$AA$975,22,0),"")))) -> 46055 | I73: =IF(VLOOKUP(C73,EL!$C$4:$AA$975,14,0)="","",IF(E73=0,VLOOKUP(C73,EL!$C$4:$AA$975,14,0),IF(E73=1,VLOOKUP(C73,EL!$C$4:$AA$975,18,0),IF(E73=2,VLOOKUP(C73,EL!$C$4:$AA$975,23,0),"")))) -> 46062 | J73: =IF(VLOOKUP(C73,EL!$C$4:$AA$66,15,0)="","",IF(E73=0,VLOOKUP(C73,EL!$C$4:$AA$66,15,0),IF(E73=1,VLOOKUP(C73,EL!$C$4:$AA$66,20,0),IF(E73=2,VLOOKUP(C73,EL!$C$4:$AA$66,25,0),"")))) | K73: =VLOOKUP(C73,EL!$C$4:$K$1035,8,0) -> STT | L73: {=_xlfn.IFS(AND($E73<>"",$M73="Pending",$K73="CTA"),TODAY()-$G73,AND($E73<>"",$M73="Pending",$K73="AUR"),TODAY()-$H73,AND($E73<>"",$M73="Pending",$K73="STT"),TODAY()-$I73,OR(K73="Closed",K73=""),"")} -> 2 | M73: =VLOOKUP(C73,EL!$C$4:$K$975,9,0) -> Pending | N73: =IF(AND(E73<>"",M73="Pending"),IF(L73>=5,"Overdue",IF(L73>=3,"High","")),"") | O73: Urgent
A74: =A73+1 -> 24 | B74: Electrical | C74: 523213-01-RFI-EL-0024 | D74: =VLOOKUP(C74,EL!$C$4:$J$32,2,0) -> Module (Control Module) for Fire Telephone of Staircases 1st FL | E74: =IF(VLOOKUP(C74,EL!$C$4:$J$975,6,0)="","",VLOOKUP(C74,EL!$C$4:$J$975,6,0)) -> 0 | G74: =IF(VLOOKUP(C74,EL!$C$4:$J$975,4,0)="","",VLOOKUP(C74,EL!$C$4:$J$975,4,0)) -> 46042 | H74: =IF(VLOOKUP(C74,EL!$C$4:$AA$975,13,0)="","",IF(E74=0,VLOOKUP(C74,EL!$C$4:$AA$975,13,0),IF(E74=1,VLOOKUP(C74,EL!$C$4:$AA$975,17,0),IF(E74=2,VLOOKUP(C74,EL!$C$4:$AA$975,22,0),"")))) -> 46044 | I74: =IF(VLOOKUP(C74,EL!$C$4:$AA$975,14,0)="","",IF(E74=0,VLOOKUP(C74,EL!$C$4:$AA$975,14,0),IF(E74=1,VLOOKUP(C74,EL!$C$4:$AA$975,18,0),IF(E74=2,VLOOKUP(C74,EL!$C$4:$AA$975,23,0),"")))) -> 46049 | J74: =IF(VLOOKUP(C74,EL!$C$4:$AA$66,15,0)="","",IF(E74=0,VLOOKUP(C74,EL!$C$4:$AA$66,15,0),IF(E74=1,VLOOKUP(C74,EL!$C$4:$AA$66,20,0),IF(E74=2,VLOOKUP(C74,EL!$C$4:$AA$66,25,0),"")))) | K74: =VLOOKUP(C74,EL!$C$4:$K$1035,8,0) -> STT | L74: {=_xlfn.IFS(AND($E74<>"",$M74="Pending",$K74="CTA"),TODAY()-$G74,AND($E74<>"",$M74="Pending",$K74="AUR"),TODAY()-$H74,AND($E74<>"",$M74="Pending",$K74="STT"),TODAY()-$I74,OR(K74="Closed",K74=""),"")} -> 15 | M74: =VLOOKUP(C74,EL!$C$4:$K$975,9,0) -> Pending | N74: =IF(AND(E74<>"",M74="Pending"),IF(L74>=5,"Overdue",IF(L74>=3,"High","")),"") -> Overdue
