Workbook

Sheet Overview
A1: Shop Drawing Approval Summary
A3: Trade | B3: Planned Equipment Shop Drawing | C3: Rev0 | N3: Rev1 | Z3: Rev2
C4: GAA Status | D4: CTA Status | F4: AUR Status | H4: STT Status | N4: GAA Status | P4: CTA Status | R4: AUR Status | T4: STT Status | Z4: GAA Status | AB4: CTA Status | AD4: AUR Status | AF4: STT Status
C5: Total Submission | D5: Total reviewed | E5: Total outstanding | F5: Total reviewed | G5: Total outstanding | H5: Total reviewed | I5: Total outstanding | J5: Status A | K5: Status B | L5: Status C | N5: Pending resubmission | O5: Submitted | P5: Total reviewed | Q5: Total outstanding | R5: Total reviewed | S5: Total outstanding | T5: Total reviewed | U5: Total outstanding | V5: Status A | W5: Status B | X5: Status C | Z5: Pending resubmission | AA5: Submitted | AB5: Total reviewed | AC5: Total outstanding | AD5: Total reviewed | AE5: Total outstanding | AF5: Total reviewed | AG5: Total outstanding | AH5: Status A | AI5: Status B | AJ5: Status C
A6: Structural | B6: {=SUMPRODUCT((ST!$C$4:$C$961<>"")*(ST!$D$4:$D$961<>""))} -> 19 | C6: {=SUMPRODUCT((ST!$C$4:$C$961<>"")*(ST!$O$4:$O$961<>""))} -> 0 | D6: {=SUMPRODUCT((ST!$C$4:$C$961<>"")*(ST!$P$4:$P$961<>""))} -> 0 | E6: {=SUMPRODUCT((ST!$C$4:$C$961<>"")*(ST!$O$4:$O$961<>"")*(ST!$P$4:$P$961=""))} -> 0 | F6: {=SUMPRODUCT((ST!$C$4:$C$961<>"")*(ST!$Q$4:$Q$961<>""))} -> 0 | G6: {=SUMPRODUCT((ST!$C$4:$C$961<>"")*(ST!$O$4:$O$961<>"")*(ST!$Q$4:$Q$961=""))} -> 0 | H6: {=SUMPRODUCT((ST!$C$4:$C$961<>"")*(ST!$R$4:$R$961<>""))} -> 0 | I6: {=SUMPRODUCT((ST!$C$4:$C$961<>"")*(ST!$O$4:$O$961<>"")*(ST!$R$4:$R$961=""))} -> 0 | J6: {=SUMPRODUCT((ST!$C$4:$C$961<>"")*(ST!$S$4:$S$961="A"))} -> 0 | K6: {=SUMPRODUCT((ST!$C$4:$C$957<>"")*(ST!$S$4:$S$957="B"))} -> 0 | L6: {=SUMPRODUCT((ST!$C$4:$C$957<>"")*(ST!$S$4:$S$957="C"))} -> 0 | N6: =L6 -> 0 | O6: {=SUMPRODUCT((ST!$C$4:$C$963<>"")*(ST!$T$4:$T$963<>""))} -> 0 | P6: {=SUMPRODUCT((ST!$C$4:$C$963<>"")*(ST!$U$4:$U$963<>""))} -> 0 | Q6: {=SUMPRODUCT((ST!$C$4:$C$963<>"")*(ST!$T$4:$T$963<>"")*(ST!$U$4:$U$963=""))} -> 0 | R6: {=SUMPRODUCT((ST!$C$4:$C$963<>"")*(ST!$V$4:$V$963<>""))} -> 0 | S6: {=SUMPRODUCT((ST!$C$4:$C$963<>"")*(ST!$T$4:$T$963<>"")*(ST!$V$4:$V$963=""))} -> 0 | T6: {=SUMPRODUCT((ST!$C$4:$C$963<>"")*(ST!$W$4:$W$963<>""))} -> 0 | U6: {=SUMPRODUCT((ST!$C$4:$C$963<>"")*(ST!$T$4:$T$963<>"")*(ST!$W$4:$W$963=""))} -> 0 | V6: {=SUMPRODUCT((ST!$C$4:$C$963<>"")*(ST!$X$4:$X$963="A"))} -> 0 | W6: {=SUMPRODUCT((ST!$C$4:$C$963<>"")*(ST!$X$4:$X$963="B"))} -> 0 | X6: {=SUMPRODUCT((ST!$C$4:$C$963<>"")*(ST!$X$4:$X$963="C"))} -> 0 | Z6: =X6 -> 0 | AA6: {=SUMPRODUCT((ST!$C$4:$C$963<>"")*(ST!$Y$4:$Y$963<>""))} -> 0 | AB6: {=SUMPRODUCT((ST!$C$4:$C$963<>"")*(ST!$Z$4:$Z$963<>""))} -> 0 | AC6: {=SUMPRODUCT((ST!$C$4:$C$963<>"")*(ST!$Y$4:$Y$963<>"")*(ST!$Z$4:$Z$963=""))} -> 0 | AD6: {=SUMPRODUCT((ST!$C$4:$C$963<>"")*(ST!$AA$4:$AA$963<>""))} -> 0 | AE6: {=SUMPRODUCT((ST!$C$4:$C$963<>"")*(ST!$Y$4:$Y$963<>"")*(ST!$AA$4:$AA$963=""))} -> 0 | AF6: {=SUMPRODUCT((ST!$C$4:$C$963<>"")*(ST!$AB$4:$AB$963<>""))} -> 0 | AG6: {=SUMPRODUCT((ST!$C$4:$C$963<>"")*(ST!$Y$4:$Y$963<>"")*(ST!$AB$4:$AB$963=""))} -> 0 | AH6: {=SUMPRODUCT((ST!$C$4:$C$963<>"")*(ST!$AC$4:$AC$963="A"))} -> 0 | AI6: {=SUMPRODUCT((ST!$C$4:$C$963<>"")*(ST!$AC$4:$AC$963="B"))} -> 0 | AJ6: {=SUMPRODUCT((ST!$C$4:$C$963<>"")*(ST!$AC$4:$AC$963="C"))} -> 0
A7: Architectural | B7: {=SUMPRODUCT((AR!$C$4:$C$964<>"")*(AR!$D$4:$D$964<>""))} -> 83 | C7: =SUMPRODUCT((AR!$C$4:$C$964<>"")*(AR!$O$4:$O$964<>"")) -> 26 | D7: =SUMPRODUCT((AR!$C$4:$C$964<>"")*(AR!$P$4:$P$964<>"")) -> 26 | E7: =SUMPRODUCT((AR!$C$4:$C$964<>"")*(AR!$O$4:$O$964<>"")*(AR!$P$4:$P$964="")) -> 0 | F7: =SUMPRODUCT((AR!$C$4:$C$964<>"")*(AR!$Q$4:$Q$964<>"")) -> 23 | G7: =SUMPRODUCT((AR!$C$4:$C$964<>"")*(AR!$O$4:$O$964<>"")*(AR!$Q$4:$Q$964="")) -> 3 | H7: =SUMPRODUCT((AR!$C$4:$C$964<>"")*(AR!$R$4:$R$964<>"")) -> 15 | I7: =SUMPRODUCT((AR!$C$4:$C$964<>"")*(AR!$O$4:$O$964<>"")*(AR!$R$4:$R$964="")) -> 11 | J7: =SUMPRODUCT((AR!$C$4:$C$964<>"")*(AR!$S$4:$S$964="A")) -> 0 | K7: {=SUMPRODUCT((AR!$C$4:$C$968<>"")*(AR!$S$4:$S$968="B"))} -> 14 | L7: {=SUMPRODUCT((AR!$C$4:$C$968<>"")*(AR!$S$4:$S$968="C"))} -> 2 | N7: =L7 -> 2 | O7: =SUMPRODUCT((AR!$C$4:$C$964<>"")*(AR!$T$4:$T$964<>"")) -> 1 | P7: =SUMPRODUCT((AR!$C$4:$C$964<>"")*(AR!$U$4:$U$964<>"")) -> 1 | Q7: =SUMPRODUCT((AR!$C$4:$C$964<>"")*(AR!$T$4:$T$964<>"")*(AR!$U$4:$U$964="")) -> 0 | R7: =SUMPRODUCT((AR!$C$4:$C$964<>"")*(AR!$V$4:$V$964<>"")) -> 1 | S7: =SUMPRODUCT((AR!$C$4:$C$964<>"")*(AR!$T$4:$T$964<>"")*(AR!$V$4:$V$964="")) -> 0 | T7: =SUMPRODUCT((AR!$C$4:$C$964<>"")*(AR!$W$4:$W$964<>"")) -> 0 | U7: =SUMPRODUCT((AR!$C$4:$C$964<>"")*(AR!$T$4:$T$964<>"")*(AR!$W$4:$W$964="")) -> 1 | V7: =SUMPRODUCT((AR!$C$4:$C$964<>"")*(AR!$X$4:$X$964="A")) -> 0 | W7: =SUMPRODUCT((AR!$C$4:$C$964<>"")*(AR!$X$4:$X$964="B")) -> 0 | X7: {=SUMPRODUCT((AR!$C$4:$C$964<>"")*(AR!$X$4:$X$964="C"))} -> 0 | Z7: =X7 -> 0 | AA7: =SUMPRODUCT((AR!$C$4:$C$964<>"")*(AR!$Y$4:$Y$964<>"")) -> 0 | AB7: =SUMPRODUCT((AR!$C$4:$C$964<>"")*(AR!$Z$4:$Z$964<>"")) -> 0 | AC7: =SUMPRODUCT((AR!$C$4:$C$964<>"")*(AR!$Y$4:$Y$964<>"")*(AR!$Z$4:$Z$964="")) -> 0 | AD7: =SUMPRODUCT((AR!$C$4:$C$964<>"")*(AR!$AA$4:$AA$964<>"")) -> 0 | AE7: =SUMPRODUCT((AR!$C$4:$C$964<>"")*(AR!$Y$4:$Y$964<>"")*(AR!$AA$4:$AA$964="")) -> 0 | AF7: =SUMPRODUCT((AR!$C$4:$C$964<>"")*(AR!$AB$4:$AB$964<>"")) -> 0 | AG7: =SUMPRODUCT((AR!$C$4:$C$964<>"")*(AR!$Y$4:$Y$964<>"")*(AR!$AB$4:$AB$964="")) -> 0 | AH7: =SUMPRODUCT((AR!$C$4:$C$964<>"")*(AR!$AC$4:$AC$964="A")) -> 0 | AI7: =SUMPRODUCT((AR!$C$4:$C$964<>"")*(AR!$AC$4:$AC$964="B")) -> 0 | AJ7: =SUMPRODUCT((AR!$C$4:$C$964<>"")*(AR!$AC$4:$AC$964="C")) -> 0
A8: Mechanical | B8: {=SUMPRODUCT((ME!$C$4:$C$962<>"")*(ME!$D$4:$D$962<>""))} -> 52 | C8: =SUMPRODUCT((ME!$C$4:$C$927<>"")*(ME!$O$4:$O$927<>"")) -> 5 | D8: =SUMPRODUCT((ME!$C$4:$C$927<>"")*(ME!$P$4:$P$927<>"")) -> 5 | E8: =SUMPRODUCT((ME!$C$4:$C$927<>"")*(ME!$O$4:$O$927<>"")*(ME!$P$4:$P$927="")) -> 0 | F8: =SUMPRODUCT((ME!$C$4:$C$927<>"")*(ME!$Q$4:$Q$927<>"")) -> 0 | G8: =SUMPRODUCT((ME!$C$4:$C$927<>"")*(ME!$O$4:$O$927<>"")*(ME!$Q$4:$Q$927="")) -> 5 | H8: =SUMPRODUCT((ME!$C$4:$C$927<>"")*(ME!$R$4:$R$927<>"")) -> 0 | I8: =SUMPRODUCT((ME!$C$4:$C$927<>"")*(ME!$O$4:$O$927<>"")*(ME!$R$4:$R$927="")) -> 5 | J8: =SUMPRODUCT((ME!$C$4:$C$927<>"")*(ME!$S$4:$S$927="A")) -> 0 | K8: =SUMPRODUCT((ME!$C$4:$C$927<>"")*(ME!$S$4:$S$927="B")) -> 0 | L8: =SUMPRODUCT((ME!$C$4:$C$927<>"")*(ME!$S$4:$S$927="C")) -> 1 | N8: =L8 -> 1 | O8: =SUMPRODUCT((ME!$C$4:$C$927<>"")*(ME!$T$4:$T$927<>"")) -> 0 | P8: =SUMPRODUCT((ME!$C$4:$C$927<>"")*(ME!$U$4:$U$927<>"")) -> 0 | Q8: =SUMPRODUCT((ME!$C$4:$C$927<>"")*(ME!$T$4:$T$927<>"")*(ME!$U$4:$U$927="")) -> 0 | R8: =SUMPRODUCT((ME!$C$4:$C$927<>"")*(ME!$V$4:$V$927<>"")) -> 0 | S8: =SUMPRODUCT((ME!$C$4:$C$927<>"")*(ME!$T$4:$T$927<>"")*(ME!$V$4:$V$927="")) -> 0 | T8: =SUMPRODUCT((ME!$C$4:$C$927<>"")*(ME!$W$4:$W$927<>"")) -> 0 | U8: =SUMPRODUCT((ME!$C$4:$C$927<>"")*(ME!$T$4:$T$927<>"")*(ME!$W$4:$W$927="")) -> 0 | V8: =SUMPRODUCT((ME!$C$4:$C$927<>"")*(ME!$X$4:$X$927="A")) -> 0 | W8: =SUMPRODUCT((ME!$C$4:$C$927<>"")*(ME!$X$4:$X$927="B")) -> 0 | X8: =SUMPRODUCT((ME!$C$4:$C$927<>"")*(ME!$X$4:$X$927="C")) -> 0 | Z8: =X8 -> 0 | AA8: =SUMPRODUCT((ME!$C$4:$C$927<>"")*(ME!$Y$4:$Y$927<>"")) -> 0 | AB8: =SUMPRODUCT((ME!$C$4:$C$927<>"")*(ME!$Z$4:$Z$927<>"")) -> 0 | AC8: =SUMPRODUCT((ME!$C$4:$C$927<>"")*(ME!$Y$4:$Y$927<>"")*(ME!$Z$4:$Z$927="")) -> 0 | AD8: =SUMPRODUCT((ME!$C$4:$C$927<>"")*(ME!$AA$4:$AA$927<>"")) -> 0 | AE8: =SUMPRODUCT((ME!$C$4:$C$927<>"")*(ME!$Y$4:$Y$927<>"")*(ME!$AA$4:$AA$927="")) -> 0 | AF8: =SUMPRODUCT((ME!$C$4:$C$927<>"")*(ME!$AB$4:$AB$927<>"")) -> 0 | AG8: =SUMPRODUCT((ME!$C$4:$C$927<>"")*(ME!$Y$4:$Y$927<>"")*(ME!$AB$4:$AB$927="")) -> 0 | AH8: =SUMPRODUCT((ME!$C$4:$C$927<>"")*(ME!$AC$4:$AC$927="A")) -> 0 | AI8: =SUMPRODUCT((ME!$C$4:$C$927<>"")*(ME!$AC$4:$AC$927="B")) -> 0 | AJ8: =SUMPRODUCT((ME!$C$4:$C$927<>"")*(ME!$AC$4:$AC$927="C")) -> 0
A9: Fire Protection | B9: {=SUMPRODUCT((FI!$C$4:$C$949<>"")*(FI!$D$4:$D$949<>""))} -> 40 | C9: =SUMPRODUCT((FI!$C$4:$C$988<>"")*(FI!$O$4:$O$988<>"")) -> 11 | D9: =SUMPRODUCT((FI!$C$4:$C$988<>"")*(FI!$P$4:$P$988<>"")) -> 7 | E9: =SUMPRODUCT((FI!$C$4:$C$988<>"")*(FI!$O$4:$O$988<>"")*(FI!$P$4:$P$988="")) -> 4 | F9: =SUMPRODUCT((FI!$C$4:$C$988<>"")*(FI!$Q$4:$Q$988<>"")) -> 0 | G9: =SUMPRODUCT((FI!$C$4:$C$988<>"")*(FI!$O$4:$O$988<>"")*(FI!$Q$4:$Q$988="")) -> 11 | H9: =SUMPRODUCT((FI!$C$4:$C$988<>"")*(FI!$R$4:$R$988<>"")) -> 0 | I9: =SUMPRODUCT((FI!$C$4:$C$988<>"")*(FI!$O$4:$O$988<>"")*(FI!$R$4:$R$988="")) -> 11 | J9: =SUMPRODUCT((FI!$C$4:$C$988<>"")*(FI!$S$4:$S$988="A")) -> 0 | K9: =SUMPRODUCT((FI!$C$4:$C$988<>"")*(FI!$S$4:$S$988="B")) -> 0 | L9: =SUMPRODUCT((FI!$C$4:$C$988<>"")*(FI!$S$4:$S$988="C")) -> 0 | N9: =L9 -> 0 | O9: =SUMPRODUCT((FI!$C$4:$C$988<>"")*(FI!$T$4:$T$988<>"")) -> 0 | P9: =SUMPRODUCT((FI!$C$4:$C$988<>"")*(FI!$U$4:$U$988<>"")) -> 0 | Q9: =SUMPRODUCT((FI!$C$4:$C$988<>"")*(FI!$T$4:$T$988<>"")*(FI!$U$4:$U$988="")) -> 0 | R9: =SUMPRODUCT((FI!$C$4:$C$988<>"")*(FI!$V$4:$V$988<>"")) -> 0 | S9: =SUMPRODUCT((FI!$C$4:$C$988<>"")*(FI!$T$4:$T$988<>"")*(FI!$V$4:$V$988="")) -> 0 | T9: =SUMPRODUCT((FI!$C$4:$C$988<>"")*(FI!$W$4:$W$988<>"")) -> 0 | U9: =SUMPRODUCT((FI!$C$4:$C$988<>"")*(FI!$T$4:$T$988<>"")*(FI!$W$4:$W$988="")) -> 0 | V9: =SUMPRODUCT((FI!$C$4:$C$988<>"")*(FI!$X$4:$X$988="A")) -> 0 | W9: =SUMPRODUCT((FI!$C$4:$C$988<>"")*(FI!$X$4:$X$988="B")) -> 0 | X9: =SUMPRODUCT((FI!$C$4:$C$988<>"")*(FI!$X$4:$X$988="C")) -> 0 | Z9: =X9 -> 0 | AA9: =SUMPRODUCT((FI!$C$4:$C$988<>"")*(FI!$Y$4:$Y$988<>"")) -> 0 | AB9: =SUMPRODUCT((FI!$C$4:$C$988<>"")*(FI!$Z$4:$Z$988<>"")) -> 0 | AC9: =SUMPRODUCT((FI!$C$4:$C$988<>"")*(FI!$Y$4:$Y$988<>"")*(FI!$Z$4:$Z$988="")) -> 0 | AD9: =SUMPRODUCT((FI!$C$4:$C$988<>"")*(FI!$AA$4:$AA$988<>"")) -> 0 | AE9: =SUMPRODUCT((FI!$C$4:$C$988<>"")*(FI!$Y$4:$Y$988<>"")*(FI!$AA$4:$AA$988="")) -> 0 | AF9: =SUMPRODUCT((FI!$C$4:$C$988<>"")*(FI!$AB$4:$AB$988<>"")) -> 0 | AG9: =SUMPRODUCT((FI!$C$4:$C$988<>"")*(FI!$Y$4:$Y$988<>"")*(FI!$AB$4:$AB$988="")) -> 0 | AH9: =SUMPRODUCT((FI!$C$4:$C$988<>"")*(FI!$AC$4:$AC$988="A")) -> 0 | AI9: =SUMPRODUCT((FI!$C$4:$C$988<>"")*(FI!$AC$4:$AC$988="B")) -> 0 | AJ9: =SUMPRODUCT((FI!$C$4:$C$988<>"")*(FI!$AC$4:$AC$988="C")) -> 0
A10: Hydraulics | B10: {=SUMPRODUCT((HY!$C$5:$C$957<>"")*(HY!$D$5:$D$957<>""))} -> 31 | C10: {=SUMPRODUCT((HY!$C$5:$C$999<>"")*(HY!$O$5:$O$999<>""))} -> 11 | D10: =SUMPRODUCT((HY!$C$5:$C$999<>"")*(HY!$P$5:$P$999<>"")) -> 11 | E10: =SUMPRODUCT((HY!$C$5:$C$999<>"")*(HY!$O$5:$O$999<>"")*(HY!$P$5:$P$999="")) -> 0 | F10: =SUMPRODUCT((HY!$C$5:$C$999<>"")*(HY!$Q$5:$Q$999<>"")) -> 0 | G10: =SUMPRODUCT((HY!$C$5:$C$999<>"")*(HY!$O$5:$O$999<>"")*(HY!$Q$5:$Q$999="")) -> 11 | H10: =SUMPRODUCT((HY!$C$5:$C$999<>"")*(HY!$R$5:$R$999<>"")) -> 0 | I10: =SUMPRODUCT((HY!$C$5:$C$999<>"")*(HY!$O$5:$O$999<>"")*(HY!$R$5:$R$999="")) -> 11 | J10: =SUMPRODUCT((HY!$C$5:$C$999<>"")*(HY!$S$5:$S$999="A")) -> 0 | K10: =SUMPRODUCT((HY!$C$5:$C$999<>"")*(HY!$S$5:$S$999="B")) -> 0 | L10: =SUMPRODUCT((HY!$C$5:$C$999<>"")*(HY!$S$5:$S$999="C")) -> 0 | N10: =L10 -> 0 | O10: =SUMPRODUCT((HY!$C$5:$C$999<>"")*(HY!$T$5:$T$999<>"")) -> 0 | P10: =SUMPRODUCT((HY!$C$5:$C$999<>"")*(HY!$U$5:$U$999<>"")) -> 0 | Q10: =SUMPRODUCT((HY!$C$5:$C$999<>"")*(HY!$T$5:$T$999<>"")*(HY!$U$5:$U$999="")) -> 0 | R10: =SUMPRODUCT((HY!$C$5:$C$999<>"")*(HY!$V$5:$V$999<>"")) -> 0 | S10: =SUMPRODUCT((HY!$C$5:$C$999<>"")*(HY!$T$5:$T$999<>"")*(HY!$V$5:$V$999="")) -> 0 | T10: =SUMPRODUCT((HY!$C$5:$C$999<>"")*(HY!$W$5:$W$999<>"")) -> 0 | U10: =SUMPRODUCT((HY!$C$5:$C$999<>"")*(HY!$T$5:$T$999<>"")*(HY!$W$5:$W$999="")) -> 0 | V10: =SUMPRODUCT((HY!$C$5:$C$999<>"")*(HY!$X$5:$X$999="A")) -> 0 | W10: =SUMPRODUCT((HY!$C$5:$C$999<>"")*(HY!$X$5:$X$999="B")) -> 0 | X10: =SUMPRODUCT((HY!$C$5:$C$999<>"")*(HY!$X$5:$X$999="C")) -> 0 | Z10: =X10 -> 0 | AA10: =SUMPRODUCT((HY!$C$5:$C$999<>"")*(HY!$Y$5:$Y$999<>"")) -> 0 | AB10: =SUMPRODUCT((HY!$C$5:$C$999<>"")*(HY!$Z$5:$Z$999<>"")) -> 0 | AC10: =SUMPRODUCT((HY!$C$5:$C$999<>"")*(HY!$Y$5:$Y$999<>"")*(HY!$Z$5:$Z$999="")) -> 0 | AD10: =SUMPRODUCT((HY!$C$5:$C$999<>"")*(HY!$AA$5:$AA$999<>"")) -> 0 | AE10: =SUMPRODUCT((HY!$C$5:$C$999<>"")*(HY!$Y$5:$Y$999<>"")*(HY!$AA$5:$AA$999="")) -> 0 | AF10: =SUMPRODUCT((HY!$C$5:$C$999<>"")*(HY!$AB$5:$AB$999<>"")) -> 0 | AG10: =SUMPRODUCT((HY!$C$5:$C$999<>"")*(HY!$Y$5:$Y$999<>"")*(HY!$AB$5:$AB$999="")) -> 0 | AH10: =SUMPRODUCT((HY!$C$5:$C$999<>"")*(HY!$AC$5:$AC$999="A")) -> 0 | AI10: =SUMPRODUCT((HY!$C$5:$C$999<>"")*(HY!$AC$5:$AC$999="B")) -> 0 | AJ10: =SUMPRODUCT((HY!$C$5:$C$999<>"")*(HY!$AC$5:$AC$999="C")) -> 0
A11: Electrical & Comms | B11: {=SUMPRODUCT((EL!$C$4:$C$960<>"")*(EL!$D$4:$D$960<>""))} -> 258 | C11: {=SUMPRODUCT((EL!$C$4:$C$929<>"")*(EL!$Q$4:$Q$929<>""))} -> 71 | D11: =SUMPRODUCT((EL!$C$4:$C$1136<>"")*(EL!$R$4:$R$1136<>"")) -> 36 | E11: =SUMPRODUCT((EL!$C$4:$C$1136<>"")*(EL!$Q$4:$Q$1136<>"")*(EL!$R$4:$R$1136="")) -> 35 | F11: =SUMPRODUCT((EL!$C$4:$C$1136<>"")*(EL!$S$4:$S$1136<>"")) -> 24 | G11: =SUMPRODUCT((EL!$C$4:$C$1136<>"")*(EL!$Q$4:$Q$1136<>"")*(EL!$S$4:$S$1136="")) -> 47 | H11: =SUMPRODUCT((EL!$C$4:$C$1136<>"")*(EL!$T$4:$T$1136<>"")) -> 3 | I11: =SUMPRODUCT((EL!$C$4:$C$1136<>"")*(EL!$Q$4:$Q$1136<>"")*(EL!$T$4:$T$1136="")) -> 68 | J11: =SUMPRODUCT((EL!$C$4:$C$1136<>"")*(EL!$U$4:$U$1136="A")) -> 0 | K11: =SUMPRODUCT((EL!$C$4:$C$1136<>"")*(EL!$U$4:$U$1136="B")) -> 0 | L11: =SUMPRODUCT((EL!$C$4:$C$1136<>"")*(EL!$U$4:$U$1136="C")) -> 3 | N11: =L11 -> 3 | O11: =SUMPRODUCT((EL!$C$4:$C$1136<>"")*(EL!$V$4:$V$1136<>"")) -> 3 | P11: =SUMPRODUCT((EL!$C$4:$C$1136<>"")*(EL!$W$4:$W$1136<>"")) -> 2 | Q11: =SUMPRODUCT((EL!$C$4:$C$1136<>"")*(EL!$V$4:$V$1136<>"")*(EL!$W$4:$W$1136="")) -> 1 | R11: =SUMPRODUCT((EL!$C$4:$C$1136<>"")*(EL!$X$4:$X$1136<>"")) -> 1 | S11: =SUMPRODUCT((EL!$C$4:$C$1136<>"")*(EL!$V$4:$V$1136<>"")*(EL!$X$4:$X$1136="")) -> 2 | T11: =SUMPRODUCT((EL!$C$4:$C$1136<>"")*(EL!$Y$4:$Y$1136<>"")) -> 0 | U11: =SUMPRODUCT((EL!$C$4:$C$1136<>"")*(EL!$V$4:$V$1136<>"")*(EL!$Y$4:$Y$1136="")) -> 3 | V11: =SUMPRODUCT((EL!$C$4:$C$1136<>"")*(EL!$Z$4:$Z$1136="A")) -> 0 | W11: =SUMPRODUCT((EL!$C$4:$C$1136<>"")*(EL!$Z$4:$Z$1136="B")) -> 0 | X11: =SUMPRODUCT((EL!$C$4:$C$1136<>"")*(EL!$Z$4:$Z$1136="C")) -> 0 | Z11: =X11 -> 0 | AA11: =SUMPRODUCT((EL!$C$4:$C$1136<>"")*(EL!$AA$4:$AA$1136<>"")) -> 0 | AB11: =SUMPRODUCT((EL!$C$4:$C$1136<>"")*(EL!$AB$4:$AB$1136<>"")) -> 0 | AC11: =SUMPRODUCT((EL!$C$4:$C$1136<>"")*(EL!$AA$4:$AA$1136<>"")*(EL!$AB$4:$AB$1136="")) -> 0 | AD11: =SUMPRODUCT((EL!$C$4:$C$1136<>"")*(EL!$AC$4:$AC$1136<>"")) -> 0 | AE11: =SUMPRODUCT((EL!$C$4:$C$1136<>"")*(EL!$AA$4:$AA$1136<>"")*(EL!$AC$4:$AC$1136="")) -> 0 | AF11: =SUMPRODUCT((EL!$C$4:$C$1136<>"")*(EL!$AD$4:$AD$1136<>"")) -> 0 | AG11: =SUMPRODUCT((EL!$C$4:$C$1136<>"")*(EL!$AA$4:$AA$1136<>"")*(EL!$AD$4:$AD$1136="")) -> 0 | AH11: =SUMPRODUCT((EL!$C$4:$C$1136<>"")*(EL!$AE$4:$AE$1136="A")) -> 0 | AI11: =SUMPRODUCT((EL!$C$4:$C$1136<>"")*(EL!$AE$4:$AE$1136="B")) -> 0 | AJ11: =SUMPRODUCT((EL!$C$4:$C$1136<>"")*(EL!$AE$4:$AE$1136="C")) -> 0
A12: Combine services drawing | B12: {=SUMPRODUCT((CSD!$C$4:$C$972<>"")*(CSD!$D$4:$D$972<>""))} -> 27 | C12: {=SUMPRODUCT((CSD!$C$4:$C$980<>"")*(CSD!$O$4:$O$980<>""))} -> 13 | D12: {=SUMPRODUCT((CSD!$C$4:$C$1187<>"")*(CSD!$P$4:$P$1187<>""))} -> 0 | E12: {=SUMPRODUCT((CSD!$C$4:$C$1187<>"")*(CSD!$O$4:$O$1187<>"")*(CSD!$P$4:$P$1187=""))} -> 13 | F12: {=SUMPRODUCT((CSD!$C$4:$C$1187<>"")*(CSD!$Q$4:$Q$1187<>""))} -> 0 | G12: {=SUMPRODUCT((CSD!$C$4:$C$1187<>"")*(CSD!$O$4:$O$1187<>"")*(CSD!$Q$4:$Q$1187=""))} -> 13 | H12: {=SUMPRODUCT((CSD!$C$4:$C$1187<>"")*(CSD!$R$4:$R$1187<>""))} -> 0 | I12: {=SUMPRODUCT((CSD!$C$4:$C$1187<>"")*(CSD!$O$4:$O$1187<>"")*(CSD!$R$4:$R$1187=""))} -> 13 | J12: {=SUMPRODUCT((CSD!$C$4:$C$1187<>"")*(CSD!$S$4:$S$1187="A"))} -> 0 | K12: {=SUMPRODUCT((CSD!$C$4:$C$1187<>"")*(CSD!$S$4:$S$1187="B"))} -> 0 | L12: {=SUMPRODUCT((CSD!$C$4:$C$1187<>"")*(CSD!$S$4:$S$1187="C"))} -> 0 | N12: =L12 -> 0 | O12: {=SUMPRODUCT((CSD!$C$4:$C$1187<>"")*(CSD!$T$4:$T$1187<>""))} -> 0 | P12: {=SUMPRODUCT((CSD!$C$4:$C$1187<>"")*(CSD!$U$4:$U$1187<>""))} -> 0 | Q12: {=SUMPRODUCT((CSD!$C$4:$C$1187<>"")*(CSD!$T$4:$T$1187<>"")*(CSD!$U$4:$U$1187=""))} -> 0 | R12: {=SUMPRODUCT((CSD!$C$4:$C$1187<>"")*(CSD!$V$4:$V$1187<>""))} -> 0 | S12: {=SUMPRODUCT((CSD!$C$4:$C$1187<>"")*(CSD!$T$4:$T$1187<>"")*(CSD!$V$4:$V$1187=""))} -> 0 | T12: {=SUMPRODUCT((CSD!$C$4:$C$1187<>"")*(CSD!$W$4:$W$1187<>""))} -> 0 | U12: {=SUMPRODUCT((CSD!$C$4:$C$1187<>"")*(CSD!$T$4:$T$1187<>"")*(CSD!$W$4:$W$1187=""))} -> 0 | V12: {=SUMPRODUCT((CSD!$C$4:$C$1187<>"")*(CSD!$X$4:$X$1187="A"))} -> 0 | W12: {=SUMPRODUCT((CSD!$C$4:$C$1187<>"")*(CSD!$X$4:$X$1187="B"))} -> 0 | X12: {=SUMPRODUCT((CSD!$C$4:$C$1187<>"")*(CSD!$X$4:$X$1187="C"))} -> 0 | Z12: =X12 -> 0 | AA12: {=SUMPRODUCT((CSD!$C$4:$C$1187<>"")*(CSD!$Y$4:$Y$1187<>""))} -> 0 | AB12: {=SUMPRODUCT((CSD!$C$4:$C$1187<>"")*(CSD!$Z$4:$Z$1187<>""))} -> 0 | AC12: {=SUMPRODUCT((CSD!$C$4:$C$1187<>"")*(CSD!$Y$4:$Y$1187<>"")*(CSD!$Z$4:$Z$1187=""))} -> 0 | AD12: {=SUMPRODUCT((CSD!$C$4:$C$1187<>"")*(CSD!$AA$4:$AA$1187<>""))} -> 0 | AE12: {=SUMPRODUCT((CSD!$C$4:$C$1187<>"")*(CSD!$Y$4:$Y$1187<>"")*(CSD!$AA$4:$AA$1187=""))} -> 0 | AF12: {=SUMPRODUCT((CSD!$C$4:$C$1187<>"")*(CSD!$AB$4:$AB$1187<>""))} -> 0 | AG12: {=SUMPRODUCT((CSD!$C$4:$C$1187<>"")*(CSD!$Y$4:$Y$1187<>"")*(CSD!$AB$4:$AB$1187=""))} -> 0 | AH12: {=SUMPRODUCT((CSD!$C$4:$C$1187<>"")*(CSD!$AC$4:$AC$1187="A"))} -> 0 | AI12: {=SUMPRODUCT((CSD!$C$4:$C$1187<>"")*(CSD!$AC$4:$AC$1187="B"))} -> 0 | AJ12: {=SUMPRODUCT((CSD!$C$4:$C$1187<>"")*(CSD!$AC$4:$AC$1187="C"))} -> 0
A13: Overall | B13: =SUM(B6:B12) -> 510 | C13: =SUM(C6:C12) -> 137 | D13: =SUM(D6:D12) -> 85 | E13: =SUM(E6:E12) -> 52 | F13: =SUM(F6:F12) -> 47 | G13: =SUM(G6:G12) -> 90 | H13: =SUM(H6:H12) -> 18 | I13: =SUM(I6:I12) -> 119 | ... AJ13: =SUM(AJ6:AJ12) -> 0
C120: Trade | D120: Submission | E120: Submitted | F120: Approved by All | G120: Rejected | H120: Pending submission | I120: CTA Approved | J120: CTA Outstanding | K120: AUR Approved | L120: AUR Outstanding | M120: STT Approved | N120: STT outstanding
C121: Structural | D121: =B6 -> 19 | E121: {=SUMPRODUCT((ST!$C$4:$C$957<>"")*(ST!$D$4:$D$957<>"")*((ST!$K$4:$K$957="A")+(ST!$K$4:$K$957="B")+(ST!$K$4:$K$957="PENDING")))} -> 0 | F121: {=SUMPRODUCT((ST!$C$4:$C$957<>"")*(ST!$D$4:$D$957<>"")*((ST!$K$4:$K$957="A")+(ST!$K$4:$K$957="B")))} -> 0 | G121: {=SUMPRODUCT((ST!$C$4:$C$957<>"")*(ST!$D$4:$D$957<>"")*(ST!$K$4:$K$957="C"))} -> 0 | H121: {=SUMPRODUCT((ST!$C$4:$C$957<>"")*(ST!$D$4:$D$957<>"")*((ST!$K$4:$K$957="C")+(ST!$K$4:$K$957="")))} -> 19 | I121: {=SUMPRODUCT((ST!$C$4:$C$965<>"")*(ST!$D$4:$D$965<>"")*((ST!$I$4:$I$965=0)*(ST!$P$4:$P$965<>"")+(ST!$I$4:$I$965=1)*(ST!$U$4:$U$965<>"")+(ST!$I$4:$I$965=2)*(ST!$Z$4:$Z$965<>"")))} -> 0 | J121: {=SUMPRODUCT((ST!$C$4:$C$957<>"")*(ST!$D$4:$D$957<>"")*(ST!$J$4:$J$957="CTA"))} -> 0 | K121: {=SUMPRODUCT((ST!$C$4:$C$965<>"")*(ST!$D$4:$D$965<>"")*((ST!$I$4:$I$965=0)*(ST!$Q$4:$Q$965<>"")+(ST!$I$4:$I$965=1)*(ST!$V$4:$V$965<>"")+(ST!$I$4:$I$965=2)*(ST!$AA$4:$AA$965<>"")))} -> 0 | L121: {=SUMPRODUCT((ST!$C$4:$C$957<>"")*(ST!$D$4:$D$957<>"")*(ST!$J$4:$J$957="AUR"))} -> 0 | M121: {=SUMPRODUCT((ST!$C$4:$C$965<>"")*(ST!$D$4:$D$965<>"")*((ST!$I$4:$I$965=0)*(ST!$R$4:$R$965<>"")+(ST!$I$4:$I$965=1)*(ST!$W$4:$W$965<>"")+(ST!$I$4:$I$965=2)*(ST!$AB$4:$AB$965<>"")))} -> 0 | N121: {=SUMPRODUCT((ST!$C$4:$C$957<>"")*(ST!$D$4:$D$957<>"")*(ST!$J$4:$J$957="STT"))} -> 0
C122: Architectural | D122: =B7 -> 83 | E122: =SUMPRODUCT((AR!$C$4:$C$964<>"")*(AR!$D$4:$D$964<>"")*((AR!$K$4:$K$964="A")+(AR!$K$4:$K$964="B")+(AR!$K$4:$K$964="PENDING"))) -> 25 | F122: =SUMPRODUCT((AR!$C$4:$C$964<>"")*(AR!$D$4:$D$964<>"")*((AR!$K$4:$K$964="A")+(AR!$K$4:$K$964="B"))) -> 14 | G122: =SUMPRODUCT((AR!$C$4:$C$964<>"")*(AR!$D$4:$D$964<>"")*(AR!$K$4:$K$964="C")) -> 1 | H122: =SUMPRODUCT((AR!$C$4:$C$964<>"")*(AR!$D$4:$D$964<>"")*((AR!$K$4:$K$964="C")+(AR!$K$4:$K$964=""))) -> 58 | I122: {=SUMPRODUCT((AR!$C$4:$C$972<>"")*(AR!$D$4:$D$972<>"")*((AR!$I$4:$I$972=0)*(AR!$P$4:$P$972<>"")+(AR!$I$4:$I$972=1)*(AR!$U$4:$U$972<>"")+(AR!$I$4:$I$972=2)*(AR!$Z$4:$Z$972<>"")))} -> 26 | J122: {=SUMPRODUCT((AR!$C$4:$C$964<>"")*(AR!$D$4:$D$964<>"")*(AR!$J$4:$J$964="CTA"))} -> 0 | K122: {=SUMPRODUCT((AR!$C$4:$C$972<>"")*(AR!$D$4:$D$972<>"")*((AR!$I$4:$I$972=0)*(AR!$Q$4:$Q$972<>"")+(AR!$I$4:$I$972=1)*(AR!$V$4:$V$972<>"")+(AR!$I$4:$I$972=2)*(AR!$AA$4:$AA$972<>"")))} -> 24 | L122: =SUMPRODUCT((AR!$C$4:$C$964<>"")*(AR!$D$4:$D$964<>"")*(AR!$J$4:$J$964="AUR")) -> 2 | M122: {=SUMPRODUCT((AR!$C$4:$C$972<>"")*(AR!$D$4:$D$972<>"")*((AR!$I$4:$I$972=0)*(AR!$R$4:$R$972<>"")+(AR!$I$4:$I$972=1)*(AR!$W$4:$W$972<>"")+(AR!$I$4:$I$972=2)*(AR!$AB$4:$AB$972<>"")))} -> 15 | N122: {=SUMPRODUCT((AR!$C$4:$C$964<>"")*(AR!$D$4:$D$964<>"")*(AR!$J$4:$J$964="STT"))} -> 9
C123: AR & ST | D123: =SUM(D121:D122) -> 102 | E123: =SUM(E121:E122) -> 25 | F123: =SUM(F121:F122) -> 14 | G123: =SUM(G121:G122) -> 1 | H123: =SUM(H121:H122) -> 77 | I123: =SUM(I121:I122) -> 26 | J123: =SUM(J121:J122) -> 0 | K123: =SUM(K121:K122) -> 24 | ... N123: =SUM(N121:N122) -> 9
C124: Mechanical | D124: =B8 -> 52 | E124: {=SUMPRODUCT((ME!$C$4:$C$957<>"")*(ME!$D$4:$D$957<>"")*((ME!$K$4:$K$957="A")+(ME!$K$4:$K$957="B")+(ME!$K$4:$K$957="PENDING")))} -> 4 | F124: {=SUMPRODUCT((ME!$C$4:$C$957<>"")*(ME!$D$4:$D$957<>"")*((ME!$K$4:$K$957="A")+(ME!$K$4:$K$957="B")))} -> 0 | G124: {=SUMPRODUCT((ME!$C$4:$C$957<>"")*(ME!$D$4:$D$957<>"")*(ME!$K$4:$K$957="C"))} -> 1 | H124: {=SUMPRODUCT((ME!$C$4:$C$957<>"")*(ME!$D$4:$D$957<>"")*((ME!$K$4:$K$957="C")+(ME!$K$4:$K$957="")))} -> 48 | I124: {=SUMPRODUCT((ME!$C$4:$C$965<>"")*(ME!$D$4:$D$965<>"")*((ME!$I$4:$I$965=0)*(ME!$P$4:$P$965<>"")+(ME!$I$4:$I$965=1)*(ME!$U$4:$U$965<>"")+(ME!$I$4:$I$965=2)*(ME!$Z$4:$Z$965<>"")))} -> 5 | J124: {=SUMPRODUCT((ME!$C$4:$C$957<>"")*(ME!$D$4:$D$957<>"")*(ME!$J$4:$J$957="CTA"))} -> 0 | K124: {=SUMPRODUCT((ME!$C$4:$C$965<>"")*(ME!$D$4:$D$965<>"")*((ME!$I$4:$I$965=0)*(ME!$Q$4:$Q$965<>"")+(ME!$I$4:$I$965=1)*(ME!$V$4:$V$965<>"")+(ME!$I$4:$I$965=2)*(ME!$AA$4:$AA$965<>"")))} -> 0 | L124: {=SUMPRODUCT((ME!$C$4:$C$957<>"")*(ME!$D$4:$D$957<>"")*(ME!$J$4:$J$957="AUR"))} -> 4 | M124: {=SUMPRODUCT((ME!$C$4:$C$965<>"")*(ME!$D$4:$D$965<>"")*((ME!$I$4:$I$965=0)*(ME!$R$4:$R$965<>"")+(ME!$I$4:$I$965=1)*(ME!$W$4:$W$965<>"")+(ME!$I$4:$I$965=2)*(ME!$AB$4:$AB$965<>"")))} -> 0 | N124: {=SUMPRODUCT((ME!$C$4:$C$957<>"")*(ME!$D$4:$D$957<>"")*(ME!$J$4:$J$957="MET"))} -> 0
C125: Fire | D125: =B9 -> 40 | E125: {=SUMPRODUCT((FI!$C$4:$C$955<>"")*(FI!$D$4:$D$955<>"")*((FI!$K$4:$K$955="A")+(FI!$K$4:$K$955="B")+(FI!$K$4:$K$955="PENDING")))} -> 11 | F125: {=SUMPRODUCT((FI!$C$4:$C$955<>"")*(FI!$D$4:$D$955<>"")*((FI!$K$4:$K$955="A")+(FI!$K$4:$K$955="B")))} -> 0 | G125: {=SUMPRODUCT((FI!$C$4:$C$955<>"")*(FI!$D$4:$D$955<>"")*(FI!$K$4:$K$955="C"))} -> 0 | H125: {=SUMPRODUCT((FI!$C$4:$C$955<>"")*(FI!$D$4:$D$955<>"")*((FI!$K$4:$K$955="C")+(FI!$K$4:$K$955="")))} -> 29 | I125: {=SUMPRODUCT((FI!$C$4:$C$963<>"")*(FI!$D$4:$D$963<>"")*((FI!$I$4:$I$963=0)*(FI!$P$4:$P$963<>"")+(FI!$I$4:$I$963=1)*(FI!$U$4:$U$963<>"")+(FI!$I$4:$I$963=2)*(FI!$Z$4:$Z$963<>"")))} -> 7 | J125: {=SUMPRODUCT((FI!$C$4:$C$955<>"")*(FI!$D$4:$D$955<>"")*(FI!$J$4:$J$955="CTA"))} -> 4 | K125: {=SUMPRODUCT((FI!$C$4:$C$963<>"")*(FI!$D$4:$D$963<>"")*((FI!$I$4:$I$963=0)*(FI!$Q$4:$Q$963<>"")+(FI!$I$4:$I$963=1)*(FI!$V$4:$V$963<>"")+(FI!$I$4:$I$963=2)*(FI!$AA$4:$AA$963<>"")))} -> 0 | L125: {=SUMPRODUCT((FI!$C$4:$C$955<>"")*(FI!$D$4:$D$955<>"")*(FI!$J$4:$J$955="AUR"))} -> 7 | M125: {=SUMPRODUCT((FI!$C$4:$C$963<>"")*(FI!$D$4:$D$963<>"")*((FI!$I$4:$I$963=0)*(FI!$R$4:$R$963<>"")+(FI!$I$4:$I$963=1)*(FI!$W$4:$W$963<>"")+(FI!$I$4:$I$963=2)*(FI!$AB$4:$AB$963<>"")))} -> 0 | N125: {=SUMPRODUCT((FI!$C$4:$C$955<>"")*(FI!$D$4:$D$955<>"")*(FI!$J$4:$J$955="FIT"))} -> 0
C126: Hydraulics | D126: =B10 -> 31 | E126: {=SUMPRODUCT((HY!$C$4:$C$955<>"")*(HY!$D$4:$D$955<>"")*((HY!$K$4:$K$955="A")+(HY!$K$4:$K$955="B")+(HY!$K$4:$K$955="PENDING")))} -> 11 | F126: {=SUMPRODUCT((HY!$C$4:$C$955<>"")*(HY!$D$4:$D$955<>"")*((HY!$K$4:$K$955="A")+(HY!$K$4:$K$955="B")))} -> 0 | G126: {=SUMPRODUCT((HY!$C$4:$C$955<>"")*(HY!$D$4:$D$955<>"")*(HY!$K$4:$K$955="C"))} -> 0 | H126: {=SUMPRODUCT((HY!$C$4:$C$955<>"")*(HY!$D$4:$D$955<>"")*((HY!$K$4:$K$955="C")+(HY!$K$4:$K$955="")))} -> 21 | I126: {=SUMPRODUCT((HY!$C$4:$C$963<>"")*(HY!$D$4:$D$963<>"")*((HY!$I$4:$I$963=0)*(HY!$P$4:$P$963<>"")+(HY!$I$4:$I$963=1)*(HY!$U$4:$U$963<>"")+(HY!$I$4:$I$963=2)*(HY!$Z$4:$Z$963<>"")))} -> 11 | J126: {=SUMPRODUCT((HY!$C$4:$C$955<>"")*(HY!$D$4:$D$955<>"")*(HY!$J$4:$J$955="CTA"))} -> 0 | K126: {=SUMPRODUCT((HY!$C$4:$C$963<>"")*(HY!$D$4:$D$963<>"")*((HY!$I$4:$I$963=0)*(HY!$Q$4:$Q$963<>"")+(HY!$I$4:$I$963=1)*(HY!$V$4:$V$963<>"")+(HY!$I$4:$I$963=2)*(HY!$AA$4:$AA$963<>"")))} -> 0 | L126: {=SUMPRODUCT((HY!$C$4:$C$955<>"")*(HY!$D$4:$D$955<>"")*(HY!$J$4:$J$955="AUR"))} -> 11 | M126: {=SUMPRODUCT((HY!$C$4:$C$963<>"")*(HY!$D$4:$D$963<>"")*((HY!$I$4:$I$963=0)*(HY!$R$4:$R$963<>"")+(HY!$I$4:$I$963=1)*(HY!$W$4:$W$963<>"")+(HY!$I$4:$I$963=2)*(HY!$AB$4:$AB$963<>"")))} -> 0 | N126: {=SUMPRODUCT((HY!$C$4:$C$955<>"")*(HY!$D$4:$D$955<>"")*(HY!$J$4:$J$955="HYT"))} -> 0
C127: Electrical & Comms | D127: =B11 -> 258 | E127: {=SUMPRODUCT((EL!$C$4:$C$964<>"")*(EL!$D$4:$D$964<>"")*((EL!$K$4:$K$964="A")+(EL!$K$4:$K$964="B")+(EL!$K$4:$K$964="PENDING")))} -> 0 | F127: {=SUMPRODUCT((EL!$C$4:$C$964<>"")*(EL!$D$4:$D$964<>"")*((EL!$K$4:$K$964="A")+(EL!$K$4:$K$964="B")))} -> 0 | G127: {=SUMPRODUCT((EL!$C$4:$C$964<>"")*(EL!$D$4:$D$964<>"")*(EL!$K$4:$K$964="C"))} -> 0 | H127: {=SUMPRODUCT((EL!$C$4:$C$964<>"")*(EL!$D$4:$D$964<>"")*((EL!$K$4:$K$964="C")+(EL!$K$4:$K$964="")))} -> 188 | I127: {=SUMPRODUCT((EL!$C$4:$C$972<>"")*(EL!$D$4:$D$972<>"")*((EL!$I$4:$I$972=0)*(EL!$P$4:$P$972<>"")+(EL!$I$4:$I$972=1)*(EL!$U$4:$U$972<>"")+(EL!$I$4:$I$972=2)*(EL!$Z$4:$Z$972<>"")))} -> 42 | J127: {=SUMPRODUCT((EL!$C$4:$C$964<>"")*(EL!$D$4:$D$964<>"")*(EL!$J$4:$J$964="CTA"))} -> #VALUE! | K127: {=SUMPRODUCT((EL!$C$4:$C$972<>"")*(EL!$D$4:$D$972<>"")*((EL!$I$4:$I$972=0)*(EL!$Q$4:$Q$972<>"")+(EL!$I$4:$I$972=1)*(EL!$V$4:$V$972<>"")+(EL!$I$4:$I$972=2)*(EL!$AA$4:$AA$972<>"")))} -> 1 | L127: {=SUMPRODUCT((EL!$C$4:$C$964<>"")*(EL!$D$4:$D$964<>"")*(EL!$J$4:$J$964="AUR"))} -> #VALUE! | M127: {=SUMPRODUCT((EL!$C$4:$C$972<>"")*(EL!$D$4:$D$972<>"")*((EL!$I$4:$I$972=0)*(EL!$R$4:$R$972<>"")+(EL!$I$4:$I$972=1)*(EL!$W$4:$W$972<>"")+(EL!$I$4:$I$972=2)*(EL!$AB$4:$AB$972<>"")))} -> 0 | N127: {=SUMPRODUCT((EL!$C$4:$C$964<>"")*(EL!$D$4:$D$964<>"")*(EL!$J$4:$J$964="ELT"))} -> #VALUE!
C128: CSD | D128: =B12 -> 27 | E128: {=SUMPRODUCT((CSD!$C$4:$C$959<>"")*(CSD!$D$4:$D$959<>"")*((CSD!$K$4:$K$959="A")+(CSD!$K$4:$K$959="B")+(CSD!$K$4:$K$959="PENDING")))} -> 13 | F128: {=SUMPRODUCT((CSD!$C$4:$C$959<>"")*(CSD!$D$4:$D$959<>"")*((CSD!$K$4:$K$959="A")+(CSD!$K$4:$K$959="B")))} -> 0 | G128: {=SUMPRODUCT((CSD!$C$4:$C$959<>"")*(CSD!$D$4:$D$959<>"")*(CSD!$K$4:$K$959="C"))} -> 0 | H128: {=SUMPRODUCT((CSD!$C$4:$C$959<>"")*(CSD!$D$4:$D$959<>"")*((CSD!$K$4:$K$959="C")+(CSD!$K$4:$K$959="")))} -> 14 | I128: {=SUMPRODUCT((CSD!$C$4:$C$967<>"")*(CSD!$D$4:$D$967<>"")*((CSD!$I$4:$I$967=0)*(CSD!$P$4:$P$967<>"")+(CSD!$I$4:$I$967=1)*(CSD!$U$4:$U$967<>"")+(CSD!$I$4:$I$967=2)*(CSD!$Z$4:$Z$967<>"")))} -> 0 | J128: {=SUMPRODUCT((CSD!$C$4:$C$959<>"")*(CSD!$D$4:$D$959<>"")*(CSD!$J$4:$J$959="CTA"))} -> 13 | K128: {=SUMPRODUCT((CSD!$C$4:$C$967<>"")*(CSD!$D$4:$D$967<>"")*((CSD!$I$4:$I$967=0)*(CSD!$Q$4:$Q$967<>"")+(CSD!$I$4:$I$967=1)*(CSD!$V$4:$V$967<>"")+(CSD!$I$4:$I$967=2)*(CSD!$AA$4:$AA$967<>"")))} -> 0 | L128: {=SUMPRODUCT((CSD!$C$4:$C$959<>"")*(CSD!$D$4:$D$959<>"")*(CSD!$J$4:$J$959="AUR"))} -> 0 | M128: {=SUMPRODUCT((CSD!$C$4:$C$967<>"")*(CSD!$D$4:$D$967<>"")*((CSD!$I$4:$I$967=0)*(CSD!$R$4:$R$967<>"")+(CSD!$I$4:$I$967=1)*(CSD!$W$4:$W$967<>"")+(CSD!$I$4:$I$967=2)*(CSD!$AB$4:$AB$967<>"")))} -> 0 | N128: {=SUMPRODUCT((CSD!$C$4:$C$959<>"")*(CSD!$D$4:$D$959<>"")*(CSD!$J$4:$J$959="CSDT"))} -> 0
C129: Overall | D129: =SUM(D123:D128) -> 510 | E129: =SUM(E123:E128) -> 64 | F129: =SUM(F123:F128) -> 14 | G129: =SUM(G123:G128) -> 2 | H129: =SUM(H123:H128) -> 377 | I129: =SUM(I123:I128) -> 91 | J129: =SUM(J123:J128) -> #VALUE! | K129: =SUM(K123:K128) -> 25 | ... N129: =SUM(N123:N128) -> #VALUE!
C130: AR & ST | E130: =E123/$D123 -> 0.24509804 | F130: =F123/$D123 -> 0.1372549 | G130: =G123/$D123 -> 0.0098039216 | H130: =H123/$D123 -> 0.75490196 | I130: =I123/$D123 -> 0.25490196 | J130: =J123/$D123 -> 0 | K130: =K123/$D123 -> 0.23529412 | L130: =L123/$D123 -> 0.019607843 | ... N130: =N123/$D123 -> 0.088235294
C131: Mechanical | E131: =E124/$D124 -> 0.076923077 | F131: =F124/$D124 -> 0 | G131: =G124/$D124 -> 0.019230769 | H131: =H124/$D124 -> 0.92307692 | I131: =I124/$D124 -> 0.096153846 | J131: =J124/$D124 -> 0 | K131: =K124/$D124 -> 0 | L131: =L124/$D124 -> 0.076923077 | ... N131: =N124/$D124 -> 0
C132: Fire | E132: =E125/$D125 -> 0.275 | F132: =F125/$D125 -> 0 | G132: =G125/$D125 -> 0 | H132: =H125/$D125 -> 0.725 | I132: =I125/$D125 -> 0.175 | J132: =J125/$D125 -> 0.1 | K132: =K125/$D125 -> 0 | L132: =L125/$D125 -> 0.175 | ... N132: =N125/$D125 -> 0
C133: Hydraulics | E133: =E126/$D126 -> 0.35483871 | F133: =F126/$D126 -> 0 | G133: =G126/$D126 -> 0 | H133: =H126/$D126 -> 0.67741935 | I133: =I126/$D126 -> 0.35483871 | J133: =J126/$D126 -> 0 | K133: =K126/$D126 -> 0 | L133: =L126/$D126 -> 0.35483871 | ... N133: =N126/$D126 -> 0
C134: Electrical & Comms | E134: =E127/$D127 -> 0 | F134: =F127/$D127 -> 0 | G134: =G127/$D127 -> 0 | H134: =H127/$D127 -> 0.72868217 | I134: =I127/$D127 -> 0.1627907 | J134: =J127/$D127 -> #VALUE! | K134: =K127/$D127 -> 0.003875969 | L134: =L127/$D127 -> #VALUE! | ... N134: =N127/$D127 -> #VALUE!
C135: CSD | E135: =E128/$D128 -> 0.48148148 | F135: =F128/$D128 -> 0 | G135: =G128/$D128 -> 0 | H135: =H128/$D128 -> 0.51851852 | I135: =I128/$D128 -> 0 | J135: =J128/$D128 -> 0.48148148 | K135: =K128/$D128 -> 0 | L135: =L128/$D128 -> 0 | ... N135: =N128/$D128 -> 0
C136: Overall | E136: =E129/$D129 -> 0.1254902 | F136: =F129/$D129 -> 0.02745098 | G136: =G129/$D129 -> 0.0039215686 | H136: =H129/$D129 -> 0.73921569 | I136: =I129/$D129 -> 0.17843137 | J136: =J129/$D129 -> #VALUE! | K136: =K129/$D129 -> 0.049019608 | L136: =L129/$D129 -> #VALUE! | ... N136: =N129/$D129 -> #VALUE!
E138: Do not tounch
F486: 45696
F487: 45696
F524: 45696

Sheet Summary
A2: Shop Drawing Approval Summary
B4: Structural
B5: w/e | C5: Total Expected | D5: Planned Submission | E5: Actual Submitted | F5: Status
F6: Under Review | I6: A | J6: B | K6: C
F7: CTA | G7: AUR | H7: STT
B8: 46027 | C8: {=SUMPRODUCT((ST!$C$4:$C$504<>"")*(ST!$D$4:$D$504<>"")*((ST!$F$4:$F$504<=B8)+(ST!$F$4:$F$504>B8)))} -> 19 | D8: {=SUMPRODUCT((ST!$C$4:$C$504<>"")*(ST!$D$4:$D$504<>"")*(ST!$F$4:$F$504<=B8))} -> 1 | E8: {=SUMPRODUCT((ST!$C$4:$C$504<>"")*(ST!$D$4:$D$504<>"")*(ST!$G$4:$G$504<>"")*(ST!$G$4:$G$504<=B8))} -> 0 | F8: {=SUMPRODUCT((ST!$C$4:$C$504<>"")*(ST!$D$4:$D$504<>"")*(ST!$G$4:$G$504<=$B8)*(ST!$K$4:$K$504="Pending")*(ST!$J$4:$J$504="CTA"))} -> 0 | G8: {=SUMPRODUCT((ST!$C$4:$C$504<>"")*(ST!$D$4:$D$504<>"")*(ST!$G$4:$G$504<=$B8)*(ST!$K$4:$K$504="Pending")*(ST!$J$4:$J$504="AUR"))} -> 0 | H8: {=SUMPRODUCT((ST!$C$4:$C$504<>"")*(ST!$D$4:$D$504<>"")*(ST!$G$4:$G$504<=$B8)*(ST!$K$4:$K$504="Pending")*(ST!$J$4:$J$504="STT"))} -> 0 | I8: {=SUMPRODUCT((ST!$C$4:$C$504<>"")*(ST!$D$4:$D$504<>"")*(ST!$G$4:$G$504<=$B8)*(ST!$K$4:$K$504="A"))} -> 0 | J8: {=SUMPRODUCT((ST!$C$4:$C$504<>"")*(ST!$D$4:$D$504<>"")*(ST!$G$4:$G$504<=$B8)*(ST!$K$4:$K$504="B"))} -> 0 | K8: {=SUMPRODUCT((ST!$C$4:$C$504<>"")*(ST!$D$4:$D$504<>"")*(ST!$G$4:$G$504<=$B8)*(ST!$K$4:$K$504="C"))} -> 0
B9: =B8+7 -> 46034 | C9: {=SUMPRODUCT((ST!$C$4:$C$504<>"")*(ST!$D$4:$D$504<>"")*((ST!$F$4:$F$504<=B9)+(ST!$F$4:$F$504>B9)))} -> 19 | D9: {=SUMPRODUCT((ST!$C$4:$C$504<>"")*(ST!$D$4:$D$504<>"")*(ST!$F$4:$F$504<=B9))} -> 1 | E9: {=SUMPRODUCT((ST!$C$4:$C$504<>"")*(ST!$D$4:$D$504<>"")*(ST!$G$4:$G$504<>"")*(ST!$G$4:$G$504<=B9))} -> 0 | F9: {=SUMPRODUCT((ST!$C$4:$C$504<>"")*(ST!$D$4:$D$504<>"")*(ST!$G$4:$G$504<=$B9)*(ST!$K$4:$K$504="Pending")*(ST!$J$4:$J$504="CTA"))} -> 0 | G9: {=SUMPRODUCT((ST!$C$4:$C$504<>"")*(ST!$D$4:$D$504<>"")*(ST!$G$4:$G$504<=$B9)*(ST!$K$4:$K$504="Pending")*(ST!$J$4:$J$504="AUR"))} -> 0 | H9: {=SUMPRODUCT((ST!$C$4:$C$504<>"")*(ST!$D$4:$D$504<>"")*(ST!$G$4:$G$504<=$B9)*(ST!$K$4:$K$504="Pending")*(ST!$J$4:$J$504="STT"))} -> 0 | I9: {=SUMPRODUCT((ST!$C$4:$C$504<>"")*(ST!$D$4:$D$504<>"")*(ST!$G$4:$G$504<=$B9)*(ST!$K$4:$K$504="A"))} -> 0 | J9: {=SUMPRODUCT((ST!$C$4:$C$504<>"")*(ST!$D$4:$D$504<>"")*(ST!$G$4:$G$504<=$B9)*(ST!$K$4:$K$504="B"))} -> 0 | K9: {=SUMPRODUCT((ST!$C$4:$C$504<>"")*(ST!$D$4:$D$504<>"")*(ST!$G$4:$G$504<=$B9)*(ST!$K$4:$K$504="C"))} -> 0
B10: =B9+7 -> 46041 | C10: {=SUMPRODUCT((ST!$C$4:$C$504<>"")*(ST!$D$4:$D$504<>"")*((ST!$F$4:$F$504<=B10)+(ST!$F$4:$F$504>B10)))} -> 19 | D10: {=SUMPRODUCT((ST!$C$4:$C$504<>"")*(ST!$D$4:$D$504<>"")*(ST!$F$4:$F$504<=B10))} -> 1 | E10: {=SUMPRODUCT((ST!$C$4:$C$504<>"")*(ST!$D$4:$D$504<>"")*(ST!$G$4:$G$504<>"")*(ST!$G$4:$G$504<=B10))} -> 0 | F10: {=SUMPRODUCT((ST!$C$4:$C$504<>"")*(ST!$D$4:$D$504<>"")*(ST!$G$4:$G$504<=$B10)*(ST!$K$4:$K$504="Pending")*(ST!$J$4:$J$504="CTA"))} -> 0 | G10: {=SUMPRODUCT((ST!$C$4:$C$504<>"")*(ST!$D$4:$D$504<>"")*(ST!$G$4:$G$504<=$B10)*(ST!$K$4:$K$504="Pending")*(ST!$J$4:$J$504="AUR"))} -> 0 | H10: {=SUMPRODUCT((ST!$C$4:$C$504<>"")*(ST!$D$4:$D$504<>"")*(ST!$G$4:$G$504<=$B10)*(ST!$K$4:$K$504="Pending")*(ST!$J$4:$J$504="STT"))} -> 0 | I10: {=SUMPRODUCT((ST!$C$4:$C$504<>"")*(ST!$D$4:$D$504<>"")*(ST!$G$4:$G$504<=$B10)*(ST!$K$4:$K$504="A"))} -> 0 | J10: {=SUMPRODUCT((ST!$C$4:$C$504<>"")*(ST!$D$4:$D$504<>"")*(ST!$G$4:$G$504<=$B10)*(ST!$K$4:$K$504="B"))} -> 0 | K10: {=SUMPRODUCT((ST!$C$4:$C$504<>"")*(ST!$D$4:$D$504<>"")*(ST!$G$4:$G$504<=$B10)*(ST!$K$4:$K$504="C"))} -> 0
B11: =B10+7 -> 46048 | C11: {=SUMPRODUCT((ST!$C$4:$C$504<>"")*(ST!$D$4:$D$504<>"")*((ST!$F$4:$F$504<=B11)+(ST!$F$4:$F$504>B11)))} -> 19 | D11: {=SUMPRODUCT((ST!$C$4:$C$504<>"")*(ST!$D$4:$D$504<>"")*(ST!$F$4:$F$504<=B11))} -> 1 | E11: {=SUMPRODUCT((ST!$C$4:$C$504<>"")*(ST!$D$4:$D$504<>"")*(ST!$G$4:$G$504<>"")*(ST!$G$4:$G$504<=B11))} -> 0 | F11: {=SUMPRODUCT((ST!$C$4:$C$504<>"")*(ST!$D$4:$D$504<>"")*(ST!$G$4:$G$504<=$B11)*(ST!$K$4:$K$504="Pending")*(ST!$J$4:$J$504="CTA"))} -> 0 | G11: {=SUMPRODUCT((ST!$C$4:$C$504<>"")*(ST!$D$4:$D$504<>"")*(ST!$G$4:$G$504<=$B11)*(ST!$K$4:$K$504="Pending")*(ST!$J$4:$J$504="AUR"))} -> 0 | H11: {=SUMPRODUCT((ST!$C$4:$C$504<>"")*(ST!$D$4:$D$504<>"")*(ST!$G$4:$G$504<=$B11)*(ST!$K$4:$K$504="Pending")*(ST!$J$4:$J$504="STT"))} -> 0 | I11: {=SUMPRODUCT((ST!$C$4:$C$504<>"")*(ST!$D$4:$D$504<>"")*(ST!$G$4:$G$504<=$B11)*(ST!$K$4:$K$504="A"))} -> 0 | J11: {=SUMPRODUCT((ST!$C$4:$C$504<>"")*(ST!$D$4:$D$504<>"")*(ST!$G$4:$G$504<=$B11)*(ST!$K$4:$K$504="B"))} -> 0 | K11: {=SUMPRODUCT((ST!$C$4:$C$504<>"")*(ST!$D$4:$D$504<>"")*(ST!$G$4:$G$504<=$B11)*(ST!$K$4:$K$504="C"))} -> 0
B12: =B11+7 -> 46055 | C12: {=SUMPRODUCT((ST!$C$4:$C$504<>"")*(ST!$D$4:$D$504<>"")*((ST!$F$4:$F$504<=B12)+(ST!$F$4:$F$504>B12)))} -> 19 | D12: {=SUMPRODUCT((ST!$C$4:$C$504<>"")*(ST!$D$4:$D$504<>"")*(ST!$F$4:$F$504<=B12))} -> 1 | E12: {=SUMPRODUCT((ST!$C$4:$C$504<>"")*(ST!$D$4:$D$504<>"")*(ST!$G$4:$G$504<>"")*(ST!$G$4:$G$504<=B12))} -> 0 | F12: {=SUMPRODUCT((ST!$C$4:$C$504<>"")*(ST!$D$4:$D$504<>"")*(ST!$G$4:$G$504<=$B12)*(ST!$K$4:$K$504="Pending")*(ST!$J$4:$J$504="CTA"))} -> 0 | G12: {=SUMPRODUCT((ST!$C$4:$C$504<>"")*(ST!$D$4:$D$504<>"")*(ST!$G$4:$G$504<=$B12)*(ST!$K$4:$K$504="Pending")*(ST!$J$4:$J$504="AUR"))} -> 0 | H12: {=SUMPRODUCT((ST!$C$4:$C$504<>"")*(ST!$D$4:$D$504<>"")*(ST!$G$4:$G$504<=$B12)*(ST!$K$4:$K$504="Pending")*(ST!$J$4:$J$504="STT"))} -> 0 | I12: {=SUMPRODUCT((ST!$C$4:$C$504<>"")*(ST!$D$4:$D$504<>"")*(ST!$G$4:$G$504<=$B12)*(ST!$K$4:$K$504="A"))} -> 0 | J12: {=SUMPRODUCT((ST!$C$4:$C$504<>"")*(ST!$D$4:$D$504<>"")*(ST!$G$4:$G$504<=$B12)*(ST!$K$4:$K$504="B"))} -> 0 | K12: {=SUMPRODUCT((ST!$C$4:$C$504<>"")*(ST!$D$4:$D$504<>"")*(ST!$G$4:$G$504<=$B12)*(ST!$K$4:$K$504="C"))} -> 0
B22: Architectural
B23: w/e | C23: Total Expected | D23: Planned Submission | E23: Actual Submitted | F23: Status
F24: Under Review | I24: A | J24: B | K24: C
F25: CTA | G25: AUR | H25: STT
B26: =B8 -> 46027 | C26: {=SUMPRODUCT((AR!$C$4:$C$507<>"")*(AR!$D$4:$D$507<>"")*((AR!$F$4:$F$507<=B26)+(AR!$F$4:$F$507>B26)))} -> 83 | D26: {=SUMPRODUCT((AR!$C$4:$C$507<>"")*(AR!$D$4:$D$507<>"")*(AR!$F$4:$F$507<=B26))} -> 9 | E26: {=SUMPRODUCT((AR!$C$4:$C$507<>"")*(AR!$D$4:$D$507<>"")*(AR!$G$4:$G$507<>"")*(AR!$G$4:$G$507<=B26))} -> 0 | F26: {=SUMPRODUCT((AR!$C$4:$C$507<>"")*(AR!$D$4:$D$507<>"")*(AR!$G$4:$G$507<=$B26)*(AR!$K$4:$K$507="Pending")*(AR!$J$4:$J$507="CTA"))} -> 0 | G26: {=SUMPRODUCT((AR!$C$4:$C$507<>"")*(AR!$D$4:$D$507<>"")*(AR!$G$4:$G$507<=$B26)*(AR!$K$4:$K$507="Pending")*(AR!$J$4:$J$507="AUR"))} -> 0 | H26: {=SUMPRODUCT((AR!$C$4:$C$507<>"")*(AR!$D$4:$D$507<>"")*(AR!$G$4:$G$507<=$B26)*(AR!$K$4:$K$507="Pending")*(AR!$J$4:$J$507="STT"))} -> 0 | I26: {=SUMPRODUCT((AR!$C$4:$C$507<>"")*(AR!$D$4:$D$507<>"")*(AR!$G$4:$G$507<=$B26)*(AR!$K$4:$K$507="A"))} -> 0 | J26: {=SUMPRODUCT((AR!$C$4:$C$507<>"")*(AR!$D$4:$D$507<>"")*(AR!$G$4:$G$507<=$B26)*(AR!$K$4:$K$507="B"))} -> 0 | K26: {=SUMPRODUCT((AR!$C$4:$C$507<>"")*(AR!$D$4:$D$507<>"")*(AR!$G$4:$G$507<=$B26)*(AR!$K$4:$K$507="C"))} -> 0
B27: =B9 -> 46034 | C27: {=SUMPRODUCT((AR!$C$4:$C$507<>"")*(AR!$D$4:$D$507<>"")*((AR!$F$4:$F$507<=B27)+(AR!$F$4:$F$507>B27)))} -> 83 | D27: {=SUMPRODUCT((AR!$C$4:$C$507<>"")*(AR!$D$4:$D$507<>"")*(AR!$F$4:$F$507<=B27))} -> 12 | E27: {=SUMPRODUCT((AR!$C$4:$C$507<>"")*(AR!$D$4:$D$507<>"")*(AR!$G$4:$G$507<>"")*(AR!$G$4:$G$507<=B27))} -> 1 | F27: {=SUMPRODUCT((AR!$C$4:$C$507<>"")*(AR!$D$4:$D$507<>"")*(AR!$G$4:$G$507<=$B27)*(AR!$K$4:$K$507="Pending")*(AR!$J$4:$J$507="CTA"))} -> 0 | G27: {=SUMPRODUCT((AR!$C$4:$C$507<>"")*(AR!$D$4:$D$507<>"")*(AR!$G$4:$G$507<=$B27)*(AR!$K$4:$K$507="Pending")*(AR!$J$4:$J$507="AUR"))} -> 0 | H27: {=SUMPRODUCT((AR!$C$4:$C$507<>"")*(AR!$D$4:$D$507<>"")*(AR!$G$4:$G$507<=$B27)*(AR!$K$4:$K$507="Pending")*(AR!$J$4:$J$507="STT"))} -> 0 | I27: {=SUMPRODUCT((AR!$C$4:$C$507<>"")*(AR!$D$4:$D$507<>"")*(AR!$G$4:$G$507<=$B27)*(AR!$K$4:$K$507="A"))} -> 0 | J27: {=SUMPRODUCT((AR!$C$4:$C$507<>"")*(AR!$D$4:$D$507<>"")*(AR!$G$4:$G$507<=$B27)*(AR!$K$4:$K$507="B"))} -> 1 | K27: {=SUMPRODUCT((AR!$C$4:$C$507<>"")*(AR!$D$4:$D$507<>"")*(AR!$G$4:$G$507<=$B27)*(AR!$K$4:$K$507="C"))} -> 0
B28: =B10 -> 46041 | C28: {=SUMPRODUCT((AR!$C$4:$C$507<>"")*(AR!$D$4:$D$507<>"")*((AR!$F$4:$F$507<=B28)+(AR!$F$4:$F$507>B28)))} -> 83 | D28: {=SUMPRODUCT((AR!$C$4:$C$507<>"")*(AR!$D$4:$D$507<>"")*(AR!$F$4:$F$507<=B28))} -> 17 | E28: {=SUMPRODUCT((AR!$C$4:$C$507<>"")*(AR!$D$4:$D$507<>"")*(AR!$G$4:$G$507<>"")*(AR!$G$4:$G$507<=B28))} -> 3 | F28: {=SUMPRODUCT((AR!$C$4:$C$507<>"")*(AR!$D$4:$D$507<>"")*(AR!$G$4:$G$507<=$B28)*(AR!$K$4:$K$507="Pending")*(AR!$J$4:$J$507="CTA"))} -> 0 | G28: {=SUMPRODUCT((AR!$C$4:$C$507<>"")*(AR!$D$4:$D$507<>"")*(AR!$G$4:$G$507<=$B28)*(AR!$K$4:$K$507="Pending")*(AR!$J$4:$J$507="AUR"))} -> 1 | H28: {=SUMPRODUCT((AR!$C$4:$C$507<>"")*(AR!$D$4:$D$507<>"")*(AR!$G$4:$G$507<=$B28)*(AR!$K$4:$K$507="Pending")*(AR!$J$4:$J$507="STT"))} -> 0 | I28: {=SUMPRODUCT((AR!$C$4:$C$507<>"")*(AR!$D$4:$D$507<>"")*(AR!$G$4:$G$507<=$B28)*(AR!$K$4:$K$507="A"))} -> 0 | J28: {=SUMPRODUCT((AR!$C$4:$C$507<>"")*(AR!$D$4:$D$507<>"")*(AR!$G$4:$G$507<=$B28)*(AR!$K$4:$K$507="B"))} -> 1 | K28: {=SUMPRODUCT((AR!$C$4:$C$507<>"")*(AR!$D$4:$D$507<>"")*(AR!$G$4:$G$507<=$B28)*(AR!$K$4:$K$507="C"))} -> 1
B29: =B11 -> 46048 | C29: {=SUMPRODUCT((AR!$C$4:$C$507<>"")*(AR!$D$4:$D$507<>"")*((AR!$F$4:$F$507<=B29)+(AR!$F$4:$F$507>B29)))} -> 83 | D29: {=SUMPRODUCT((AR!$C$4:$C$507<>"")*(AR!$D$4:$D$507<>"")*(AR!$F$4:$F$507<=B29))} -> 21 | E29: {=SUMPRODUCT((AR!$C$4:$C$507<>"")*(AR!$D$4:$D$507<>"")*(AR!$G$4:$G$507<>"")*(AR!$G$4:$G$507<=B29))} -> 14 | F29: {=SUMPRODUCT((AR!$C$4:$C$507<>"")*(AR!$D$4:$D$507<>"")*(AR!$G$4:$G$507<=$B29)*(AR!$K$4:$K$507="Pending")*(AR!$J$4:$J$507="CTA"))} -> 0 | G29: {=SUMPRODUCT((AR!$C$4:$C$507<>"")*(AR!$D$4:$D$507<>"")*(AR!$G$4:$G$507<=$B29)*(AR!$K$4:$K$507="Pending")*(AR!$J$4:$J$507="AUR"))} -> 1 | H29: {=SUMPRODUCT((AR!$C$4:$C$507<>"")*(AR!$D$4:$D$507<>"")*(AR!$G$4:$G$507<=$B29)*(AR!$K$4:$K$507="Pending")*(AR!$J$4:$J$507="STT"))} -> 0 | I29: {=SUMPRODUCT((AR!$C$4:$C$507<>"")*(AR!$D$4:$D$507<>"")*(AR!$G$4:$G$507<=$B29)*(AR!$K$4:$K$507="A"))} -> 0 | J29: {=SUMPRODUCT((AR!$C$4:$C$507<>"")*(AR!$D$4:$D$507<>"")*(AR!$G$4:$G$507<=$B29)*(AR!$K$4:$K$507="B"))} -> 12 | K29: {=SUMPRODUCT((AR!$C$4:$C$507<>"")*(AR!$D$4:$D$507<>"")*(AR!$G$4:$G$507<=$B29)*(AR!$K$4:$K$507="C"))} -> 1
B30: =B12 -> 46055 | C30: {=SUMPRODUCT((AR!$C$4:$C$507<>"")*(AR!$D$4:$D$507<>"")*((AR!$F$4:$F$507<=B30)+(AR!$F$4:$F$507>B30)))} -> 83 | D30: {=SUMPRODUCT((AR!$C$4:$C$507<>"")*(AR!$D$4:$D$507<>"")*(AR!$F$4:$F$507<=B30))} -> 27 | E30: {=SUMPRODUCT((AR!$C$4:$C$507<>"")*(AR!$D$4:$D$507<>"")*(AR!$G$4:$G$507<>"")*(AR!$G$4:$G$507<=B30))} -> 19 | F30: {=SUMPRODUCT((AR!$C$4:$C$507<>"")*(AR!$D$4:$D$507<>"")*(AR!$G$4:$G$507<=$B30)*(AR!$K$4:$K$507="Pending")*(AR!$J$4:$J$507="CTA"))} -> 0 | G30: {=SUMPRODUCT((AR!$C$4:$C$507<>"")*(AR!$D$4:$D$507<>"")*(AR!$G$4:$G$507<=$B30)*(AR!$K$4:$K$507="Pending")*(AR!$J$4:$J$507="AUR"))} -> 1 | H30: {=SUMPRODUCT((AR!$C$4:$C$507<>"")*(AR!$D$4:$D$507<>"")*(AR!$G$4:$G$507<=$B30)*(AR!$K$4:$K$507="Pending")*(AR!$J$4:$J$507="STT"))} -> 3 | I30: {=SUMPRODUCT((AR!$C$4:$C$507<>"")*(AR!$D$4:$D$507<>"")*(AR!$G$4:$G$507<=$B30)*(AR!$K$4:$K$507="A"))} -> 0 | J30: {=SUMPRODUCT((AR!$C$4:$C$507<>"")*(AR!$D$4:$D$507<>"")*(AR!$G$4:$G$507<=$B30)*(AR!$K$4:$K$507="B"))} -> 14 | K30: {=SUMPRODUCT((AR!$C$4:$C$507<>"")*(AR!$D$4:$D$507<>"")*(AR!$G$4:$G$507<=$B30)*(AR!$K$4:$K$507="C"))} -> 1
B40: Electrical
B41: w/e | C41: Total Expected | D41: Planned Submission | E41: Actual Submitted | F41: Status
F42: Under Review | I42: A | J42: B | K42: C
F43: CTA | G43: AUR | H43: STT
B44: =B8 -> 46027 | C44: {=SUMPRODUCT((EL!$E$4:$E$618<>"")*(EL!$D$4:$D$618<>"")*((EL!$F$4:$F$618<=B44)+(EL!$F$4:$F$618>B44)))} -> 255 | D44: {=SUMPRODUCT((EL!$C$4:$C$618<>"")*(EL!$D$4:$D$618<>"")*(EL!$H$4:$H$618<=B44))} -> 13 | E44: {=SUMPRODUCT((EL!$C$4:$C$618<>"")*(EL!$D$4:$D$618<>"")*(EL!$G$4:$G$618<>"")*(EL!$G$4:$G$618<=B44))} -> 0 | F44: {=SUMPRODUCT((EL!$C$4:$C$441<>"")*(EL!$D$4:$D$441<>"")*(EL!$I$4:$I$441<=$B44)*(EL!$M$4:$M$441="Pending")*(EL!$L$4:$L$441="CTA"))} -> 0 | G44: {=SUMPRODUCT((EL!$C$4:$C$441<>"")*(EL!$D$4:$D$441<>"")*(EL!$I$4:$I$441<=$B44)*(EL!$M$4:$M$441="Pending")*(EL!$L$4:$L$441="AUR"))} -> 0 | H44: {=SUMPRODUCT((EL!$C$4:$C$441<>"")*(EL!$D$4:$D$441<>"")*(EL!$I$4:$I$441<=$B44)*(EL!$M$4:$M$441="Pending")*(EL!$L$4:$L$441="STT"))} -> 0 | I44: {=SUMPRODUCT((EL!$C$4:$C$441<>"")*(EL!$D$4:$D$441<>"")*(EL!$I$4:$I$441<=$B44)*(EL!$M$4:$M$441="A"))} -> 0 | J44: {=SUMPRODUCT((EL!$C$4:$C$441<>"")*(EL!$D$4:$D$441<>"")*(EL!$I$4:$I$441<=$B44)*(EL!$M$4:$M$441="B"))} -> 0 | K44: {=SUMPRODUCT((EL!$C$4:$C$441<>"")*(EL!$D$4:$D$441<>"")*(EL!$I$4:$I$441<=$B44)*(EL!$M$4:$M$441="C"))} -> 1
B45: =B9 -> 46034 | C45: {=SUMPRODUCT((EL!$E$4:$E$618<>"")*(EL!$D$4:$D$618<>"")*((EL!$F$4:$F$618<=B45)+(EL!$F$4:$F$618>B45)))} -> 255 | D45: {=SUMPRODUCT((EL!$C$4:$C$618<>"")*(EL!$D$4:$D$618<>"")*(EL!$H$4:$H$618<=B45))} -> 13 | E45: {=SUMPRODUCT((EL!$C$4:$C$618<>"")*(EL!$D$4:$D$618<>"")*(EL!$G$4:$G$618<>"")*(EL!$G$4:$G$618<=B45))} -> 0 | F45: {=SUMPRODUCT((EL!$C$4:$C$441<>"")*(EL!$D$4:$D$441<>"")*(EL!$I$4:$I$441<=$B45)*(EL!$M$4:$M$441="Pending")*(EL!$L$4:$L$441="CTA"))} -> 0 | G45: {=SUMPRODUCT((EL!$C$4:$C$441<>"")*(EL!$D$4:$D$441<>"")*(EL!$I$4:$I$441<=$B45)*(EL!$M$4:$M$441="Pending")*(EL!$L$4:$L$441="AUR"))} -> 0 | H45: {=SUMPRODUCT((EL!$C$4:$C$441<>"")*(EL!$D$4:$D$441<>"")*(EL!$I$4:$I$441<=$B45)*(EL!$M$4:$M$441="Pending")*(EL!$L$4:$L$441="STT"))} -> 0 | I45: {=SUMPRODUCT((EL!$C$4:$C$441<>"")*(EL!$D$4:$D$441<>"")*(EL!$I$4:$I$441<=$B45)*(EL!$M$4:$M$441="A"))} -> 0 | J45: {=SUMPRODUCT((EL!$C$4:$C$441<>"")*(EL!$D$4:$D$441<>"")*(EL!$I$4:$I$441<=$B45)*(EL!$M$4:$M$441="B"))} -> 0 | K45: {=SUMPRODUCT((EL!$C$4:$C$441<>"")*(EL!$D$4:$D$441<>"")*(EL!$I$4:$I$441<=$B45)*(EL!$M$4:$M$441="C"))} -> 1
B46: =B10 -> 46041 | C46: {=SUMPRODUCT((EL!$E$4:$E$618<>"")*(EL!$D$4:$D$618<>"")*((EL!$F$4:$F$618<=B46)+(EL!$F$4:$F$618>B46)))} -> 255 | D46: {=SUMPRODUCT((EL!$C$4:$C$618<>"")*(EL!$D$4:$D$618<>"")*(EL!$H$4:$H$618<=B46))} -> 37 | E46: {=SUMPRODUCT((EL!$C$4:$C$618<>"")*(EL!$D$4:$D$618<>"")*(EL!$G$4:$G$618<>"")*(EL!$G$4:$G$618<=B46))} -> 0 | F46: {=SUMPRODUCT((EL!$C$4:$C$441<>"")*(EL!$D$4:$D$441<>"")*(EL!$I$4:$I$441<=$B46)*(EL!$M$4:$M$441="Pending")*(EL!$L$4:$L$441="CTA"))} -> 12 | G46: {=SUMPRODUCT((EL!$C$4:$C$441<>"")*(EL!$D$4:$D$441<>"")*(EL!$I$4:$I$441<=$B46)*(EL!$M$4:$M$441="Pending")*(EL!$L$4:$L$441="AUR"))} -> 0 | H46: {=SUMPRODUCT((EL!$C$4:$C$441<>"")*(EL!$D$4:$D$441<>"")*(EL!$I$4:$I$441<=$B46)*(EL!$M$4:$M$441="Pending")*(EL!$L$4:$L$441="STT"))} -> 7 | I46: {=SUMPRODUCT((EL!$C$4:$C$441<>"")*(EL!$D$4:$D$441<>"")*(EL!$I$4:$I$441<=$B46)*(EL!$M$4:$M$441="A"))} -> 0 | J46: {=SUMPRODUCT((EL!$C$4:$C$441<>"")*(EL!$D$4:$D$441<>"")*(EL!$I$4:$I$441<=$B46)*(EL!$M$4:$M$441="B"))} -> 0 | K46: {=SUMPRODUCT((EL!$C$4:$C$441<>"")*(EL!$D$4:$D$441<>"")*(EL!$I$4:$I$441<=$B46)*(EL!$M$4:$M$441="C"))} -> 1
B47: =B11 -> 46048 | C47: {=SUMPRODUCT((EL!$E$4:$E$618<>"")*(EL!$D$4:$D$618<>"")*((EL!$F$4:$F$618<=B47)+(EL!$F$4:$F$618>B47)))} -> 255 | D47: {=SUMPRODUCT((EL!$C$4:$C$618<>"")*(EL!$D$4:$D$618<>"")*(EL!$H$4:$H$618<=B47))} -> 53 | E47: {=SUMPRODUCT((EL!$C$4:$C$618<>"")*(EL!$D$4:$D$618<>"")*(EL!$I$4:$I$618<>"")*(EL!$I$4:$I$618<=B47))} -> 30 | F47: {=SUMPRODUCT((EL!$C$4:$C$441<>"")*(EL!$D$4:$D$441<>"")*(EL!$I$4:$I$441<=$B47)*(EL!$M$4:$M$441="Pending")*(EL!$L$4:$L$441="CTA"))} -> 12 | G47: {=SUMPRODUCT((EL!$C$4:$C$441<>"")*(EL!$D$4:$D$441<>"")*(EL!$I$4:$I$441<=$B47)*(EL!$M$4:$M$441="Pending")*(EL!$L$4:$L$441="AUR"))} -> 0 | H47: {=SUMPRODUCT((EL!$C$4:$C$441<>"")*(EL!$D$4:$D$441<>"")*(EL!$I$4:$I$441<=$B47)*(EL!$M$4:$M$441="Pending")*(EL!$L$4:$L$441="STT"))} -> 17 | I47: {=SUMPRODUCT((EL!$C$4:$C$441<>"")*(EL!$D$4:$D$441<>"")*(EL!$I$4:$I$441<=$B47)*(EL!$M$4:$M$441="A"))} -> 0 | J47: {=SUMPRODUCT((EL!$C$4:$C$441<>"")*(EL!$D$4:$D$441<>"")*(EL!$I$4:$I$441<=$B47)*(EL!$M$4:$M$441="B"))} -> 0 | K47: {=SUMPRODUCT((EL!$C$4:$C$441<>"")*(EL!$D$4:$D$441<>"")*(EL!$I$4:$I$441<=$B47)*(EL!$M$4:$M$441="C"))} -> 1
B48: =B12 -> 46055 | C48: {=SUMPRODUCT((EL!$E$4:$E$618<>"")*(EL!$D$4:$D$618<>"")*((EL!$F$4:$F$618<=B48)+(EL!$F$4:$F$618>B48)))} -> 255 | D48: {=SUMPRODUCT((EL!$C$4:$C$618<>"")*(EL!$D$4:$D$618<>"")*(EL!$H$4:$H$618<=B48))} -> 73 | E48: {=SUMPRODUCT((EL!$C$4:$C$618<>"")*(EL!$D$4:$D$618<>"")*(EL!$I$4:$I$618<>"")*(EL!$I$4:$I$618<=B48))} -> 36 | F48: {=SUMPRODUCT((EL!$C$4:$C$441<>"")*(EL!$D$4:$D$441<>"")*(EL!$I$4:$I$441<=$B48)*(EL!$M$4:$M$441="Pending")*(EL!$L$4:$L$441="CTA"))} -> 12 | G48: {=SUMPRODUCT((EL!$C$4:$C$441<>"")*(EL!$D$4:$D$441<>"")*(EL!$I$4:$I$441<=$B48)*(EL!$M$4:$M$441="Pending")*(EL!$L$4:$L$441="AUR"))} -> 2 | H48: {=SUMPRODUCT((EL!$C$4:$C$441<>"")*(EL!$D$4:$D$441<>"")*(EL!$I$4:$I$441<=$B48)*(EL!$M$4:$M$441="Pending")*(EL!$L$4:$L$441="STT"))} -> 21 | I48: {=SUMPRODUCT((EL!$C$4:$C$441<>"")*(EL!$D$4:$D$441<>"")*(EL!$I$4:$I$441<=$B48)*(EL!$M$4:$M$441="A"))} -> 0 | J48: {=SUMPRODUCT((EL!$C$4:$C$441<>"")*(EL!$D$4:$D$441<>"")*(EL!$I$4:$I$441<=$B48)*(EL!$M$4:$M$441="B"))} -> 0 | K48: {=SUMPRODUCT((EL!$C$4:$C$441<>"")*(EL!$D$4:$D$441<>"")*(EL!$I$4:$I$441<=$B48)*(EL!$M$4:$M$441="C"))} -> 1
B59: Mechanical
B60: w/e | C60: Total Expected | D60: Planned Submission | E60: Actual Submitted | F60: Status
F61: Under Review | I61: A | J61: B | K61: C
F62: CTA | G62: AUR | H62: STT
B63: =B8 -> 46027 | C63: {=SUMPRODUCT((ME!$C$4:$C$441<>"")*(ME!$D$4:$D$441<>"")*((ME!$F$4:$F$441<=B63)+(ME!$F$4:$F$441>B63)))} -> 52 | D63: {=SUMPRODUCT((ME!$C$4:$C$441<>"")*(ME!$D$4:$D$441<>"")*(ME!$F$4:$F$441<=B63))} -> 1 | E63: {=SUMPRODUCT((ME!$C$4:$C$441<>"")*(ME!$D$4:$D$441<>"")*(ME!$G$4:$G$441<>"")*(ME!$G$4:$G$441<=B63))} -> 0 | F63: {=SUMPRODUCT((ME!$C$4:$C$441<>"")*(ME!$D$4:$D$441<>"")*(ME!$G$4:$G$441<=$B63)*(ME!$K$4:$K$441="Pending")*(ME!$J$4:$J$441="CTA"))} -> 0 | G63: {=SUMPRODUCT((ME!$C$4:$C$441<>"")*(ME!$D$4:$D$441<>"")*(ME!$G$4:$G$441<=$B63)*(ME!$K$4:$K$441="Pending")*(ME!$J$4:$J$441="AUR"))} -> 0 | H63: {=SUMPRODUCT((ME!$C$4:$C$441<>"")*(ME!$D$4:$D$441<>"")*(ME!$G$4:$G$441<=$B63)*(ME!$K$4:$K$441="Pending")*(ME!$J$4:$J$441="STT"))} -> 0 | I63: {=SUMPRODUCT((ME!$C$4:$C$441<>"")*(ME!$D$4:$D$441<>"")*(ME!$G$4:$G$441<=$B63)*(ME!$K$4:$K$441="A"))} -> 0 | J63: {=SUMPRODUCT((ME!$C$4:$C$441<>"")*(ME!$D$4:$D$441<>"")*(ME!$G$4:$G$441<=$B63)*(ME!$K$4:$K$441="B"))} -> 0 | K63: {=SUMPRODUCT((ME!$C$4:$C$441<>"")*(ME!$D$4:$D$441<>"")*(ME!$G$4:$G$441<=$B63)*(ME!$K$4:$K$441="C"))} -> 0
B64: =B9 -> 46034 | C64: {=SUMPRODUCT((ME!$C$4:$C$441<>"")*(ME!$D$4:$D$441<>"")*((ME!$F$4:$F$441<=B64)+(ME!$F$4:$F$441>B64)))} -> 52 | D64: {=SUMPRODUCT((ME!$C$4:$C$441<>"")*(ME!$D$4:$D$441<>"")*(ME!$F$4:$F$441<=B64))} -> 2 | E64: {=SUMPRODUCT((ME!$C$4:$C$441<>"")*(ME!$D$4:$D$441<>"")*(ME!$G$4:$G$441<>"")*(ME!$G$4:$G$441<=B64))} -> 1 | F64: {=SUMPRODUCT((ME!$C$4:$C$441<>"")*(ME!$D$4:$D$441<>"")*(ME!$G$4:$G$441<=$B64)*(ME!$K$4:$K$441="Pending")*(ME!$J$4:$J$441="CTA"))} -> 0 | G64: {=SUMPRODUCT((ME!$C$4:$C$441<>"")*(ME!$D$4:$D$441<>"")*(ME!$G$4:$G$441<=$B64)*(ME!$K$4:$K$441="Pending")*(ME!$J$4:$J$441="AUR"))} -> 1 | H64: {=SUMPRODUCT((ME!$C$4:$C$441<>"")*(ME!$D$4:$D$441<>"")*(ME!$G$4:$G$441<=$B64)*(ME!$K$4:$K$441="Pending")*(ME!$J$4:$J$441="STT"))} -> 0 | I64: {=SUMPRODUCT((ME!$C$4:$C$441<>"")*(ME!$D$4:$D$441<>"")*(ME!$G$4:$G$441<=$B64)*(ME!$K$4:$K$441="A"))} -> 0 | J64: {=SUMPRODUCT((ME!$C$4:$C$441<>"")*(ME!$D$4:$D$441<>"")*(ME!$G$4:$G$441<=$B64)*(ME!$K$4:$K$441="B"))} -> 0 | K64: {=SUMPRODUCT((ME!$C$4:$C$441<>"")*(ME!$D$4:$D$441<>"")*(ME!$G$4:$G$441<=$B64)*(ME!$K$4:$K$441="C"))} -> 0
B65: =B10 -> 46041 | C65: {=SUMPRODUCT((ME!$C$4:$C$441<>"")*(ME!$D$4:$D$441<>"")*((ME!$F$4:$F$441<=B65)+(ME!$F$4:$F$441>B65)))} -> 52 | D65: {=SUMPRODUCT((ME!$C$4:$C$441<>"")*(ME!$D$4:$D$441<>"")*(ME!$F$4:$F$441<=B65))} -> 4 | E65: {=SUMPRODUCT((ME!$C$4:$C$441<>"")*(ME!$D$4:$D$441<>"")*(ME!$G$4:$G$441<>"")*(ME!$G$4:$G$441<=B65))} -> 2 | F65: {=SUMPRODUCT((ME!$C$4:$C$441<>"")*(ME!$D$4:$D$441<>"")*(ME!$G$4:$G$441<=$B65)*(ME!$K$4:$K$441="Pending")*(ME!$J$4:$J$441="CTA"))} -> 0 | G65: {=SUMPRODUCT((ME!$C$4:$C$441<>"")*(ME!$D$4:$D$441<>"")*(ME!$G$4:$G$441<=$B65)*(ME!$K$4:$K$441="Pending")*(ME!$J$4:$J$441="AUR"))} -> 2 | H65: {=SUMPRODUCT((ME!$C$4:$C$441<>"")*(ME!$D$4:$D$441<>"")*(ME!$G$4:$G$441<=$B65)*(ME!$K$4:$K$441="Pending")*(ME!$J$4:$J$441="STT"))} -> 0 | I65: {=SUMPRODUCT((ME!$C$4:$C$441<>"")*(ME!$D$4:$D$441<>"")*(ME!$G$4:$G$441<=$B65)*(ME!$K$4:$K$441="A"))} -> 0 | J65: {=SUMPRODUCT((ME!$C$4:$C$441<>"")*(ME!$D$4:$D$441<>"")*(ME!$G$4:$G$441<=$B65)*(ME!$K$4:$K$441="B"))} -> 0 | K65: {=SUMPRODUCT((ME!$C$4:$C$441<>"")*(ME!$D$4:$D$441<>"")*(ME!$G$4:$G$441<=$B65)*(ME!$K$4:$K$441="C"))} -> 0
B66: =B11 -> 46048 | C66: {=SUMPRODUCT((ME!$C$4:$C$441<>"")*(ME!$D$4:$D$441<>"")*((ME!$F$4:$F$441<=B66)+(ME!$F$4:$F$441>B66)))} -> 52 | D66: {=SUMPRODUCT((ME!$C$4:$C$441<>"")*(ME!$D$4:$D$441<>"")*(ME!$F$4:$F$441<=B66))} -> 5 | E66: {=SUMPRODUCT((ME!$C$4:$C$441<>"")*(ME!$D$4:$D$441<>"")*(ME!$G$4:$G$441<>"")*(ME!$G$4:$G$441<=B66))} -> 3 | F66: {=SUMPRODUCT((ME!$C$4:$C$441<>"")*(ME!$D$4:$D$441<>"")*(ME!$G$4:$G$441<=$B66)*(ME!$K$4:$K$441="Pending")*(ME!$J$4:$J$441="CTA"))} -> 0 | G66: {=SUMPRODUCT((ME!$C$4:$C$441<>"")*(ME!$D$4:$D$441<>"")*(ME!$G$4:$G$441<=$B66)*(ME!$K$4:$K$441="Pending")*(ME!$J$4:$J$441="AUR"))} -> 3 | H66: {=SUMPRODUCT((ME!$C$4:$C$441<>"")*(ME!$D$4:$D$441<>"")*(ME!$G$4:$G$441<=$B66)*(ME!$K$4:$K$441="Pending")*(ME!$J$4:$J$441="STT"))} -> 0 | I66: {=SUMPRODUCT((ME!$C$4:$C$441<>"")*(ME!$D$4:$D$441<>"")*(ME!$G$4:$G$441<=$B66)*(ME!$K$4:$K$441="A"))} -> 0 | J66: {=SUMPRODUCT((ME!$C$4:$C$441<>"")*(ME!$D$4:$D$441<>"")*(ME!$G$4:$G$441<=$B66)*(ME!$K$4:$K$441="B"))} -> 0 | K66: {=SUMPRODUCT((ME!$C$4:$C$441<>"")*(ME!$D$4:$D$441<>"")*(ME!$G$4:$G$441<=$B66)*(ME!$K$4:$K$441="C"))} -> 0
B67: =B12 -> 46055 | C67: {=SUMPRODUCT((ME!$C$4:$C$441<>"")*(ME!$D$4:$D$441<>"")*((ME!$F$4:$F$441<=B67)+(ME!$F$4:$F$441>B67)))} -> 52 | D67: {=SUMPRODUCT((ME!$C$4:$C$441<>"")*(ME!$D$4:$D$441<>"")*(ME!$F$4:$F$441<=B67))} -> 5 | E67: {=SUMPRODUCT((ME!$C$4:$C$441<>"")*(ME!$D$4:$D$441<>"")*(ME!$G$4:$G$441<>"")*(ME!$G$4:$G$441<=B67))} -> 3 | F67: {=SUMPRODUCT((ME!$C$4:$C$441<>"")*(ME!$D$4:$D$441<>"")*(ME!$G$4:$G$441<=$B67)*(ME!$K$4:$K$441="Pending")*(ME!$J$4:$J$441="CTA"))} -> 0 | G67: {=SUMPRODUCT((ME!$C$4:$C$441<>"")*(ME!$D$4:$D$441<>"")*(ME!$G$4:$G$441<=$B67)*(ME!$K$4:$K$441="Pending")*(ME!$J$4:$J$441="AUR"))} -> 3 | H67: {=SUMPRODUCT((ME!$C$4:$C$441<>"")*(ME!$D$4:$D$441<>"")*(ME!$G$4:$G$441<=$B67)*(ME!$K$4:$K$441="Pending")*(ME!$J$4:$J$441="STT"))} -> 0 | I67: {=SUMPRODUCT((ME!$C$4:$C$441<>"")*(ME!$D$4:$D$441<>"")*(ME!$G$4:$G$441<=$B67)*(ME!$K$4:$K$441="A"))} -> 0 | J67: {=SUMPRODUCT((ME!$C$4:$C$441<>"")*(ME!$D$4:$D$441<>"")*(ME!$G$4:$G$441<=$B67)*(ME!$K$4:$K$441="B"))} -> 0 | K67: {=SUMPRODUCT((ME!$C$4:$C$441<>"")*(ME!$D$4:$D$441<>"")*(ME!$G$4:$G$441<=$B67)*(ME!$K$4:$K$441="C"))} -> 0
B77: Fire Protection
B78: w/e | C78: Total Expected | D78: Planned Submission | E78: Actual Submitted | F78: Status
F79: Under Review | I79: A | J79: B | K79: C
F80: CTA | G80: AUR | H80: STT
B81: =B8 -> 46027 | C81: {=SUMPRODUCT((FI!$C$4:$C$487<>"")*(FI!$D$4:$D$487<>"")*((FI!$F$4:$F$487<=B81)+(FI!$F$4:$F$487>B81)))} -> 40 | D81: {=SUMPRODUCT((FI!$C$4:$C$487<>"")*(FI!$D$4:$D$487<>"")*(FI!$F$4:$F$487<=B81))} -> 1 | E81: {=SUMPRODUCT((FI!$C$4:$C$487<>"")*(FI!$D$4:$D$487<>"")*(FI!$G$4:$G$487<>"")*(FI!$G$4:$G$487<=B81))} -> 0 | F81: {=SUMPRODUCT((FI!$C$4:$C$487<>"")*(FI!$D$4:$D$487<>"")*(FI!$G$4:$G$487<=$B81)*(FI!$K$4:$K$487="Pending")*(FI!$J$4:$J$487="CTA"))} -> 0 | G81: {=SUMPRODUCT((FI!$C$4:$C$487<>"")*(FI!$D$4:$D$487<>"")*(FI!$G$4:$G$487<=$B81)*(FI!$K$4:$K$487="Pending")*(FI!$J$4:$J$487="AUR"))} -> 0 | H81: {=SUMPRODUCT((FI!$C$4:$C$487<>"")*(FI!$D$4:$D$487<>"")*(FI!$G$4:$G$487<=$B81)*(FI!$K$4:$K$487="Pending")*(FI!$J$4:$J$487="STT"))} -> 0 | I81: {=SUMPRODUCT((FI!$C$4:$C$487<>"")*(FI!$D$4:$D$487<>"")*(FI!$G$4:$G$487<=$B81)*(FI!$K$4:$K$487="A"))} -> 0 | J81: {=SUMPRODUCT((FI!$C$4:$C$487<>"")*(FI!$D$4:$D$487<>"")*(FI!$G$4:$G$487<=$B81)*(FI!$K$4:$K$487="B"))} -> 0 | K81: {=SUMPRODUCT((FI!$C$4:$C$487<>"")*(FI!$D$4:$D$487<>"")*(FI!$G$4:$G$487<=$B81)*(FI!$K$4:$K$487="C"))} -> 0
B82: =B9 -> 46034 | C82: {=SUMPRODUCT((FI!$C$4:$C$487<>"")*(FI!$D$4:$D$487<>"")*((FI!$F$4:$F$487<=B82)+(FI!$F$4:$F$487>B82)))} -> 40 | D82: {=SUMPRODUCT((FI!$C$4:$C$487<>"")*(FI!$D$4:$D$487<>"")*(FI!$F$4:$F$487<=B82))} -> 2 | E82: {=SUMPRODUCT((FI!$C$4:$C$487<>"")*(FI!$D$4:$D$487<>"")*(FI!$G$4:$G$487<>"")*(FI!$G$4:$G$487<=B82))} -> 1 | F82: {=SUMPRODUCT((FI!$C$4:$C$487<>"")*(FI!$D$4:$D$487<>"")*(FI!$G$4:$G$487<=$B82)*(FI!$K$4:$K$487="Pending")*(FI!$J$4:$J$487="CTA"))} -> 0 | G82: {=SUMPRODUCT((FI!$C$4:$C$487<>"")*(FI!$D$4:$D$487<>"")*(FI!$G$4:$G$487<=$B82)*(FI!$K$4:$K$487="Pending")*(FI!$J$4:$J$487="AUR"))} -> 1 | H82: {=SUMPRODUCT((FI!$C$4:$C$487<>"")*(FI!$D$4:$D$487<>"")*(FI!$G$4:$G$487<=$B82)*(FI!$K$4:$K$487="Pending")*(FI!$J$4:$J$487="STT"))} -> 0 | I82: {=SUMPRODUCT((FI!$C$4:$C$487<>"")*(FI!$D$4:$D$487<>"")*(FI!$G$4:$G$487<=$B82)*(FI!$K$4:$K$487="A"))} -> 0 | J82: {=SUMPRODUCT((FI!$C$4:$C$487<>"")*(FI!$D$4:$D$487<>"")*(FI!$G$4:$G$487<=$B82)*(FI!$K$4:$K$487="B"))} -> 0 | K82: {=SUMPRODUCT((FI!$C$4:$C$487<>"")*(FI!$D$4:$D$487<>"")*(FI!$G$4:$G$487<=$B82)*(FI!$K$4:$K$487="C"))} -> 0
B83: =B10 -> 46041 | C83: {=SUMPRODUCT((FI!$C$4:$C$487<>"")*(FI!$D$4:$D$487<>"")*((FI!$F$4:$F$487<=B83)+(FI!$F$4:$F$487>B83)))} -> 40 | D83: {=SUMPRODUCT((FI!$C$4:$C$487<>"")*(FI!$D$4:$D$487<>"")*(FI!$F$4:$F$487<=B83))} -> 10 | E83: {=SUMPRODUCT((FI!$C$4:$C$487<>"")*(FI!$D$4:$D$487<>"")*(FI!$G$4:$G$487<>"")*(FI!$G$4:$G$487<=B83))} -> 5 | F83: {=SUMPRODUCT((FI!$C$4:$C$487<>"")*(FI!$D$4:$D$487<>"")*(FI!$G$4:$G$487<=$B83)*(FI!$K$4:$K$487="Pending")*(FI!$J$4:$J$487="CTA"))} -> 0 | G83: {=SUMPRODUCT((FI!$C$4:$C$487<>"")*(FI!$D$4:$D$487<>"")*(FI!$G$4:$G$487<=$B83)*(FI!$K$4:$K$487="Pending")*(FI!$J$4:$J$487="AUR"))} -> 5 | H83: {=SUMPRODUCT((FI!$C$4:$C$487<>"")*(FI!$D$4:$D$487<>"")*(FI!$G$4:$G$487<=$B83)*(FI!$K$4:$K$487="Pending")*(FI!$J$4:$J$487="STT"))} -> 0 | I83: {=SUMPRODUCT((FI!$C$4:$C$487<>"")*(FI!$D$4:$D$487<>"")*(FI!$G$4:$G$487<=$B83)*(FI!$K$4:$K$487="A"))} -> 0 | J83: {=SUMPRODUCT((FI!$C$4:$C$487<>"")*(FI!$D$4:$D$487<>"")*(FI!$G$4:$G$487<=$B83)*(FI!$K$4:$K$487="B"))} -> 0 | K83: {=SUMPRODUCT((FI!$C$4:$C$487<>"")*(FI!$D$4:$D$487<>"")*(FI!$G$4:$G$487<=$B83)*(FI!$K$4:$K$487="C"))} -> 0
B84: =B11 -> 46048 | C84: {=SUMPRODUCT((FI!$C$4:$C$487<>"")*(FI!$D$4:$D$487<>"")*((FI!$F$4:$F$487<=B84)+(FI!$F$4:$F$487>B84)))} -> 40 | D84: {=SUMPRODUCT((FI!$C$4:$C$487<>"")*(FI!$D$4:$D$487<>"")*(FI!$F$4:$F$487<=B84))} -> 10 | E84: {=SUMPRODUCT((FI!$C$4:$C$487<>"")*(FI!$D$4:$D$487<>"")*(FI!$G$4:$G$487<>"")*(FI!$G$4:$G$487<=B84))} -> 7 | F84: {=SUMPRODUCT((FI!$C$4:$C$487<>"")*(FI!$D$4:$D$487<>"")*(FI!$G$4:$G$487<=$B84)*(FI!$K$4:$K$487="Pending")*(FI!$J$4:$J$487="CTA"))} -> 0 | G84: {=SUMPRODUCT((FI!$C$4:$C$487<>"")*(FI!$D$4:$D$487<>"")*(FI!$G$4:$G$487<=$B84)*(FI!$K$4:$K$487="Pending")*(FI!$J$4:$J$487="AUR"))} -> 7 | H84: {=SUMPRODUCT((FI!$C$4:$C$487<>"")*(FI!$D$4:$D$487<>"")*(FI!$G$4:$G$487<=$B84)*(FI!$K$4:$K$487="Pending")*(FI!$J$4:$J$487="STT"))} -> 0 | I84: {=SUMPRODUCT((FI!$C$4:$C$487<>"")*(FI!$D$4:$D$487<>"")*(FI!$G$4:$G$487<=$B84)*(FI!$K$4:$K$487="A"))} -> 0 | J84: {=SUMPRODUCT((FI!$C$4:$C$487<>"")*(FI!$D$4:$D$487<>"")*(FI!$G$4:$G$487<=$B84)*(FI!$K$4:$K$487="B"))} -> 0 | K84: {=SUMPRODUCT((FI!$C$4:$C$487<>"")*(FI!$D$4:$D$487<>"")*(FI!$G$4:$G$487<=$B84)*(FI!$K$4:$K$487="C"))} -> 0
B85: =B12 -> 46055 | C85: {=SUMPRODUCT((FI!$C$4:$C$487<>"")*(FI!$D$4:$D$487<>"")*((FI!$F$4:$F$487<=B85)+(FI!$F$4:$F$487>B85)))} -> 40 | D85: {=SUMPRODUCT((FI!$C$4:$C$487<>"")*(FI!$D$4:$D$487<>"")*(FI!$F$4:$F$487<=B85))} -> 15 | E85: {=SUMPRODUCT((FI!$C$4:$C$487<>"")*(FI!$D$4:$D$487<>"")*(FI!$G$4:$G$487<>"")*(FI!$G$4:$G$487<=B85))} -> 7 | F85: {=SUMPRODUCT((FI!$C$4:$C$487<>"")*(FI!$D$4:$D$487<>"")*(FI!$G$4:$G$487<=$B85)*(FI!$K$4:$K$487="Pending")*(FI!$J$4:$J$487="CTA"))} -> 0 | G85: {=SUMPRODUCT((FI!$C$4:$C$487<>"")*(FI!$D$4:$D$487<>"")*(FI!$G$4:$G$487<=$B85)*(FI!$K$4:$K$487="Pending")*(FI!$J$4:$J$487="AUR"))} -> 7 | H85: {=SUMPRODUCT((FI!$C$4:$C$487<>"")*(FI!$D$4:$D$487<>"")*(FI!$G$4:$G$487<=$B85)*(FI!$K$4:$K$487="Pending")*(FI!$J$4:$J$487="STT"))} -> 0 | I85: {=SUMPRODUCT((FI!$C$4:$C$487<>"")*(FI!$D$4:$D$487<>"")*(FI!$G$4:$G$487<=$B85)*(FI!$K$4:$K$487="A"))} -> 0 | J85: {=SUMPRODUCT((FI!$C$4:$C$487<>"")*(FI!$D$4:$D$487<>"")*(FI!$G$4:$G$487<=$B85)*(FI!$K$4:$K$487="B"))} -> 0 | K85: {=SUMPRODUCT((FI!$C$4:$C$487<>"")*(FI!$D$4:$D$487<>"")*(FI!$G$4:$G$487<=$B85)*(FI!$K$4:$K$487="C"))} -> 0
B95: Hydraulics
B96: w/e | C96: Total Expected | D96: Planned Submission | E96: Actual Submitted | F96: Status
F97: Under Review | I97: A | J97: B | K97: C
F98: CTA | G98: AUR | H98: STT
B99: =B8 -> 46027 | C99: {=SUMPRODUCT((HY!$C$5:$C$496<>"")*(HY!$D$5:$D$496<>"")*((HY!$F$5:$F$496<=B99)+(HY!$F$5:$F$496>B99)))} -> 31 | D99: {=SUMPRODUCT((HY!$C$5:$C$496<>"")*(HY!$D$5:$D$496<>"")*(HY!$F$5:$F$496<=B99))} -> 0 | E99: {=SUMPRODUCT((HY!$C$5:$C$496<>"")*(HY!$D$5:$D$496<>"")*(HY!$G$5:$G$496<>"")*(HY!$G$5:$G$496<=B99))} -> 0 | F99: {=SUMPRODUCT((HY!$C$5:$C$496<>"")*(HY!$D$5:$D$496<>"")*(HY!$G$5:$G$496<=$B99)*(HY!$K$5:$K$496="Pending")*(HY!$J$5:$J$496="CTA"))} -> 0 | G99: {=SUMPRODUCT((HY!$C$5:$C$496<>"")*(HY!$D$5:$D$496<>"")*(HY!$G$5:$G$496<=$B99)*(HY!$K$5:$K$496="Pending")*(HY!$J$5:$J$496="AUR"))} -> 0 | H99: {=SUMPRODUCT((HY!$C$5:$C$496<>"")*(HY!$D$5:$D$496<>"")*(HY!$G$5:$G$496<=$B99)*(HY!$K$5:$K$496="Pending")*(HY!$J$5:$J$496="STT"))} -> 0 | I99: {=SUMPRODUCT((HY!$C$5:$C$496<>"")*(HY!$D$5:$D$496<>"")*(HY!$G$5:$G$496<=$B99)*(HY!$K$5:$K$496="A"))} -> 0 | J99: {=SUMPRODUCT((HY!$C$5:$C$496<>"")*(HY!$D$5:$D$496<>"")*(HY!$G$5:$G$496<=$B99)*(HY!$K$5:$K$496="B"))} -> 0 | K99: {=SUMPRODUCT((HY!$C$5:$C$496<>"")*(HY!$D$5:$D$496<>"")*(HY!$G$5:$G$496<=$B99)*(HY!$K$5:$K$496="C"))} -> 0
B100: =B9 -> 46034 | C100: {=SUMPRODUCT((HY!$C$5:$C$496<>"")*(HY!$D$5:$D$496<>"")*((HY!$F$5:$F$496<=B100)+(HY!$F$5:$F$496>B100)))} -> 31 | D100: {=SUMPRODUCT((HY!$C$5:$C$496<>"")*(HY!$D$5:$D$496<>"")*(HY!$F$5:$F$496<=B100))} -> 1 | E100: {=SUMPRODUCT((HY!$C$5:$C$496<>"")*(HY!$D$5:$D$496<>"")*(HY!$G$5:$G$496<>"")*(HY!$G$5:$G$496<=B100))} -> 4 | F100: {=SUMPRODUCT((HY!$C$5:$C$496<>"")*(HY!$D$5:$D$496<>"")*(HY!$G$5:$G$496<=$B100)*(HY!$K$5:$K$496="Pending")*(HY!$J$5:$J$496="CTA"))} -> 0 | G100: {=SUMPRODUCT((HY!$C$5:$C$496<>"")*(HY!$D$5:$D$496<>"")*(HY!$G$5:$G$496<=$B100)*(HY!$K$5:$K$496="Pending")*(HY!$J$5:$J$496="AUR"))} -> 4 | H100: {=SUMPRODUCT((HY!$C$5:$C$496<>"")*(HY!$D$5:$D$496<>"")*(HY!$G$5:$G$496<=$B100)*(HY!$K$5:$K$496="Pending")*(HY!$J$5:$J$496="STT"))} -> 0 | I100: {=SUMPRODUCT((HY!$C$5:$C$496<>"")*(HY!$D$5:$D$496<>"")*(HY!$G$5:$G$496<=$B100)*(HY!$K$5:$K$496="A"))} -> 0 | J100: {=SUMPRODUCT((HY!$C$5:$C$496<>"")*(HY!$D$5:$D$496<>"")*(HY!$G$5:$G$496<=$B100)*(HY!$K$5:$K$496="B"))} -> 0 | K100: {=SUMPRODUCT((HY!$C$5:$C$496<>"")*(HY!$D$5:$D$496<>"")*(HY!$G$5:$G$496<=$B100)*(HY!$K$5:$K$496="C"))} -> 0
B101: =B10 -> 46041 | C101: {=SUMPRODUCT((HY!$C$5:$C$496<>"")*(HY!$D$5:$D$496<>"")*((HY!$F$5:$F$496<=B101)+(HY!$F$5:$F$496>B101)))} -> 31 | D101: {=SUMPRODUCT((HY!$C$5:$C$496<>"")*(HY!$D$5:$D$496<>"")*(HY!$F$5:$F$496<=B101))} -> 8 | E101: {=SUMPRODUCT((HY!$C$5:$C$496<>"")*(HY!$D$5:$D$496<>"")*(HY!$G$5:$G$496<>"")*(HY!$G$5:$G$496<=B101))} -> 8 | F101: {=SUMPRODUCT((HY!$C$5:$C$496<>"")*(HY!$D$5:$D$496<>"")*(HY!$G$5:$G$496<=$B101)*(HY!$K$5:$K$496="Pending")*(HY!$J$5:$J$496="CTA"))} -> 0 | G101: {=SUMPRODUCT((HY!$C$5:$C$496<>"")*(HY!$D$5:$D$496<>"")*(HY!$G$5:$G$496<=$B101)*(HY!$K$5:$K$496="Pending")*(HY!$J$5:$J$496="AUR"))} -> 8 | H101: {=SUMPRODUCT((HY!$C$5:$C$496<>"")*(HY!$D$5:$D$496<>"")*(HY!$G$5:$G$496<=$B101)*(HY!$K$5:$K$496="Pending")*(HY!$J$5:$J$496="STT"))} -> 0 | I101: {=SUMPRODUCT((HY!$C$5:$C$496<>"")*(HY!$D$5:$D$496<>"")*(HY!$G$5:$G$496<=$B101)*(HY!$K$5:$K$496="A"))} -> 0 | J101: {=SUMPRODUCT((HY!$C$5:$C$496<>"")*(HY!$D$5:$D$496<>"")*(HY!$G$5:$G$496<=$B101)*(HY!$K$5:$K$496="B"))} -> 0 | K101: {=SUMPRODUCT((HY!$C$5:$C$496<>"")*(HY!$D$5:$D$496<>"")*(HY!$G$5:$G$496<=$B101)*(HY!$K$5:$K$496="C"))} -> 0
B102: =B11 -> 46048 | C102: {=SUMPRODUCT((HY!$C$5:$C$496<>"")*(HY!$D$5:$D$496<>"")*((HY!$F$5:$F$496<=B102)+(HY!$F$5:$F$496>B102)))} -> 31 | D102: {=SUMPRODUCT((HY!$C$5:$C$496<>"")*(HY!$D$5:$D$496<>"")*(HY!$F$5:$F$496<=B102))} -> 8 | E102: {=SUMPRODUCT((HY!$C$5:$C$496<>"")*(HY!$D$5:$D$496<>"")*(HY!$G$5:$G$496<>"")*(HY!$G$5:$G$496<=B102))} -> 8 | F102: {=SUMPRODUCT((HY!$C$5:$C$496<>"")*(HY!$D$5:$D$496<>"")*(HY!$G$5:$G$496<=$B102)*(HY!$K$5:$K$496="Pending")*(HY!$J$5:$J$496="CTA"))} -> 0 | G102: {=SUMPRODUCT((HY!$C$5:$C$496<>"")*(HY!$D$5:$D$496<>"")*(HY!$G$5:$G$496<=$B102)*(HY!$K$5:$K$496="Pending")*(HY!$J$5:$J$496="AUR"))} -> 8 | H102: {=SUMPRODUCT((HY!$C$5:$C$496<>"")*(HY!$D$5:$D$496<>"")*(HY!$G$5:$G$496<=$B102)*(HY!$K$5:$K$496="Pending")*(HY!$J$5:$J$496="STT"))} -> 0 | I102: {=SUMPRODUCT((HY!$C$5:$C$496<>"")*(HY!$D$5:$D$496<>"")*(HY!$G$5:$G$496<=$B102)*(HY!$K$5:$K$496="A"))} -> 0 | J102: {=SUMPRODUCT((HY!$C$5:$C$496<>"")*(HY!$D$5:$D$496<>"")*(HY!$G$5:$G$496<=$B102)*(HY!$K$5:$K$496="B"))} -> 0 | K102: {=SUMPRODUCT((HY!$C$5:$C$496<>"")*(HY!$D$5:$D$496<>"")*(HY!$G$5:$G$496<=$B102)*(HY!$K$5:$K$496="C"))} -> 0
B103: =B12 -> 46055 | C103: {=SUMPRODUCT((HY!$C$5:$C$496<>"")*(HY!$D$5:$D$496<>"")*((HY!$F$5:$F$496<=B103)+(HY!$F$5:$F$496>B103)))} -> 31 | D103: {=SUMPRODUCT((HY!$C$5:$C$496<>"")*(HY!$D$5:$D$496<>"")*(HY!$F$5:$F$496<=B103))} -> 14 | E103: {=SUMPRODUCT((HY!$C$5:$C$496<>"")*(HY!$D$5:$D$496<>"")*(HY!$G$5:$G$496<>"")*(HY!$G$5:$G$496<=B103))} -> 11 | F103: {=SUMPRODUCT((HY!$C$5:$C$496<>"")*(HY!$D$5:$D$496<>"")*(HY!$G$5:$G$496<=$B103)*(HY!$K$5:$K$496="Pending")*(HY!$J$5:$J$496="CTA"))} -> 0 | G103: {=SUMPRODUCT((HY!$C$5:$C$496<>"")*(HY!$D$5:$D$496<>"")*(HY!$G$5:$G$496<=$B103)*(HY!$K$5:$K$496="Pending")*(HY!$J$5:$J$496="AUR"))} -> 11 | H103: {=SUMPRODUCT((HY!$C$5:$C$496<>"")*(HY!$D$5:$D$496<>"")*(HY!$G$5:$G$496<=$B103)*(HY!$K$5:$K$496="Pending")*(HY!$J$5:$J$496="STT"))} -> 0 | I103: {=SUMPRODUCT((HY!$C$5:$C$496<>"")*(HY!$D$5:$D$496<>"")*(HY!$G$5:$G$496<=$B103)*(HY!$K$5:$K$496="A"))} -> 0 | J103: {=SUMPRODUCT((HY!$C$5:$C$496<>"")*(HY!$D$5:$D$496<>"")*(HY!$G$5:$G$496<=$B103)*(HY!$K$5:$K$496="B"))} -> 0 | K103: {=SUMPRODUCT((HY!$C$5:$C$496<>"")*(HY!$D$5:$D$496<>"")*(HY!$G$5:$G$496<=$B103)*(HY!$K$5:$K$496="C"))} -> 0
B115: Combined Service Drawing
B116: w/e | C116: Total Expected | D116: Planned Submission | E116: Actual Submitted | F116: Status
F117: Under Review | I117: A | J117: B | K117: C
F118: CTA | G118: AUR | H118: STT
B119: =B8 -> 46027 | C119: {=SUMPRODUCT((CSD!$C$4:$C$514<>"")*(CSD!$D$4:$D$514<>"")*((CSD!$F$4:$F$514<=B119)+(CSD!$F$4:$F$514>B119)))} -> 27 | D119: {=SUMPRODUCT((CSD!$C$4:$C$514<>"")*(CSD!$D$4:$D$514<>"")*(CSD!$F$4:$F$514<=B119))} -> 0 | E119: {=SUMPRODUCT((CSD!$C$4:$C$514<>"")*(CSD!$D$4:$D$514<>"")*(CSD!$G$4:$G$514<>"")*(CSD!$G$4:$G$514<=B119))} -> 0 | F119: {=SUMPRODUCT((CSD!$C$4:$C$498<>"")*(CSD!$D$4:$D$498<>"")*(CSD!$G$4:$G$498<=$B119)*(CSD!$K$4:$K$498="Pending")*(CSD!$J$4:$J$498="CTA"))} -> 0 | G119: {=SUMPRODUCT((CSD!$C$4:$C$514<>"")*(CSD!$D$4:$D$514<>"")*(CSD!$G$4:$G$514<=$B119)*(CSD!$K$4:$K$514="Pending")*(CSD!$J$4:$J$514="AUR"))} -> 0 | H119: {=SUMPRODUCT((CSD!$C$4:$C$514<>"")*(CSD!$D$4:$D$514<>"")*(CSD!$G$4:$G$514<=$B119)*(CSD!$K$4:$K$514="Pending")*(CSD!$J$4:$J$514="STT"))} -> 0 | I119: {=SUMPRODUCT((CSD!$C$4:$C$514<>"")*(CSD!$D$4:$D$514<>"")*(CSD!$G$4:$G$514<=$B119)*(CSD!$K$4:$K$514="A"))} -> 0 | J119: {=SUMPRODUCT((CSD!$C$4:$C$514<>"")*(CSD!$D$4:$D$514<>"")*(CSD!$G$4:$G$514<=$B119)*(CSD!$K$4:$K$514="B"))} -> 0 | K119: {=SUMPRODUCT((CSD!$C$4:$C$514<>"")*(CSD!$D$4:$D$514<>"")*(CSD!$G$4:$G$514<=$B119)*(CSD!$K$4:$K$514="C"))} -> 0
B120: =B9 -> 46034 | C120: {=SUMPRODUCT((CSD!$C$4:$C$514<>"")*(CSD!$D$4:$D$514<>"")*((CSD!$F$4:$F$514<=B120)+(CSD!$F$4:$F$514>B120)))} -> 27 | D120: {=SUMPRODUCT((CSD!$C$4:$C$514<>"")*(CSD!$D$4:$D$514<>"")*(CSD!$F$4:$F$514<=B120))} -> 0 | E120: {=SUMPRODUCT((CSD!$C$4:$C$514<>"")*(CSD!$D$4:$D$514<>"")*(CSD!$G$4:$G$514<>"")*(CSD!$G$4:$G$514<=B120))} -> 0 | F120: {=SUMPRODUCT((CSD!$C$4:$C$498<>"")*(CSD!$D$4:$D$498<>"")*(CSD!$G$4:$G$498<=$B120)*(CSD!$K$4:$K$498="Pending")*(CSD!$J$4:$J$498="CTA"))} -> 0 | G120: {=SUMPRODUCT((CSD!$C$4:$C$514<>"")*(CSD!$D$4:$D$514<>"")*(CSD!$G$4:$G$514<=$B120)*(CSD!$K$4:$K$514="Pending")*(CSD!$J$4:$J$514="AUR"))} -> 0 | H120: {=SUMPRODUCT((CSD!$C$4:$C$514<>"")*(CSD!$D$4:$D$514<>"")*(CSD!$G$4:$G$514<=$B120)*(CSD!$K$4:$K$514="Pending")*(CSD!$J$4:$J$514="STT"))} -> 0 | I120: {=SUMPRODUCT((CSD!$C$4:$C$514<>"")*(CSD!$D$4:$D$514<>"")*(CSD!$G$4:$G$514<=$B120)*(CSD!$K$4:$K$514="A"))} -> 0 | J120: {=SUMPRODUCT((CSD!$C$4:$C$514<>"")*(CSD!$D$4:$D$514<>"")*(CSD!$G$4:$G$514<=$B120)*(CSD!$K$4:$K$514="B"))} -> 0 | K120: {=SUMPRODUCT((CSD!$C$4:$C$514<>"")*(CSD!$D$4:$D$514<>"")*(CSD!$G$4:$G$514<=$B120)*(CSD!$K$4:$K$514="C"))} -> 0
B121: =B10 -> 46041 | C121: {=SUMPRODUCT((CSD!$C$4:$C$514<>"")*(CSD!$D$4:$D$514<>"")*((CSD!$F$4:$F$514<=B121)+(CSD!$F$4:$F$514>B121)))} -> 27 | D121: {=SUMPRODUCT((CSD!$C$4:$C$514<>"")*(CSD!$D$4:$D$514<>"")*(CSD!$F$4:$F$514<=B121))} -> 2 | E121: {=SUMPRODUCT((CSD!$C$4:$C$514<>"")*(CSD!$D$4:$D$514<>"")*(CSD!$G$4:$G$514<>"")*(CSD!$G$4:$G$514<=B121))} -> 0 | F121: {=SUMPRODUCT((CSD!$C$4:$C$498<>"")*(CSD!$D$4:$D$498<>"")*(CSD!$G$4:$G$498<=$B121)*(CSD!$K$4:$K$498="Pending")*(CSD!$J$4:$J$498="CTA"))} -> 0 | G121: {=SUMPRODUCT((CSD!$C$4:$C$514<>"")*(CSD!$D$4:$D$514<>"")*(CSD!$G$4:$G$514<=$B121)*(CSD!$K$4:$K$514="Pending")*(CSD!$J$4:$J$514="AUR"))} -> 0 | H121: {=SUMPRODUCT((CSD!$C$4:$C$514<>"")*(CSD!$D$4:$D$514<>"")*(CSD!$G$4:$G$514<=$B121)*(CSD!$K$4:$K$514="Pending")*(CSD!$J$4:$J$514="STT"))} -> 0 | I121: {=SUMPRODUCT((CSD!$C$4:$C$514<>"")*(CSD!$D$4:$D$514<>"")*(CSD!$G$4:$G$514<=$B121)*(CSD!$K$4:$K$514="A"))} -> 0 | J121: {=SUMPRODUCT((CSD!$C$4:$C$514<>"")*(CSD!$D$4:$D$514<>"")*(CSD!$G$4:$G$514<=$B121)*(CSD!$K$4:$K$514="B"))} -> 0 | K121: {=SUMPRODUCT((CSD!$C$4:$C$514<>"")*(CSD!$D$4:$D$514<>"")*(CSD!$G$4:$G$514<=$B121)*(CSD!$K$4:$K$514="C"))} -> 0
B122: =B11 -> 46048 | C122: {=SUMPRODUCT((CSD!$C$4:$C$514<>"")*(CSD!$D$4:$D$514<>"")*((CSD!$F$4:$F$514<=B122)+(CSD!$F$4:$F$514>B122)))} -> 27 | D122: {=SUMPRODUCT((CSD!$C$4:$C$514<>"")*(CSD!$D$4:$D$514<>"")*(CSD!$F$4:$F$514<=B122))} -> 2 | E122: {=SUMPRODUCT((CSD!$C$4:$C$514<>"")*(CSD!$D$4:$D$514<>"")*(CSD!$G$4:$G$514<>"")*(CSD!$G$4:$G$514<=B122))} -> 6 | F122: {=SUMPRODUCT((CSD!$C$4:$C$498<>"")*(CSD!$D$4:$D$498<>"")*(CSD!$G$4:$G$498<=$B122)*(CSD!$K$4:$K$498="Pending")*(CSD!$J$4:$J$498="CTA"))} -> 6 | G122: {=SUMPRODUCT((CSD!$C$4:$C$514<>"")*(CSD!$D$4:$D$514<>"")*(CSD!$G$4:$G$514<=$B122)*(CSD!$K$4:$K$514="Pending")*(CSD!$J$4:$J$514="AUR"))} -> 0 | H122: {=SUMPRODUCT((CSD!$C$4:$C$514<>"")*(CSD!$D$4:$D$514<>"")*(CSD!$G$4:$G$514<=$B122)*(CSD!$K$4:$K$514="Pending")*(CSD!$J$4:$J$514="STT"))} -> 0 | I122: {=SUMPRODUCT((CSD!$C$4:$C$514<>"")*(CSD!$D$4:$D$514<>"")*(CSD!$G$4:$G$514<=$B122)*(CSD!$K$4:$K$514="A"))} -> 0 | J122: {=SUMPRODUCT((CSD!$C$4:$C$514<>"")*(CSD!$D$4:$D$514<>"")*(CSD!$G$4:$G$514<=$B122)*(CSD!$K$4:$K$514="B"))} -> 0 | K122: {=SUMPRODUCT((CSD!$C$4:$C$514<>"")*(CSD!$D$4:$D$514<>"")*(CSD!$G$4:$G$514<=$B122)*(CSD!$K$4:$K$514="C"))} -> 0
B123: =B12 -> 46055 | C123: {=SUMPRODUCT((CSD!$C$4:$C$514<>"")*(CSD!$D$4:$D$514<>"")*((CSD!$F$4:$F$514<=B123)+(CSD!$F$4:$F$514>B123)))} -> 27 | D123: {=SUMPRODUCT((CSD!$C$4:$C$514<>"")*(CSD!$D$4:$D$514<>"")*(CSD!$F$4:$F$514<=B123))} -> 15 | E123: {=SUMPRODUCT((CSD!$C$4:$C$514<>"")*(CSD!$D$4:$D$514<>"")*(CSD!$G$4:$G$514<>"")*(CSD!$G$4:$G$514<=B123))} -> 9 | F123: {=SUMPRODUCT((CSD!$C$4:$C$498<>"")*(CSD!$D$4:$D$498<>"")*(CSD!$G$4:$G$498<=$B123)*(CSD!$K$4:$K$498="Pending")*(CSD!$J$4:$J$498="CTA"))} -> 9 | G123: {=SUMPRODUCT((CSD!$C$4:$C$514<>"")*(CSD!$D$4:$D$514<>"")*(CSD!$G$4:$G$514<=$B123)*(CSD!$K$4:$K$514="Pending")*(CSD!$J$4:$J$514="AUR"))} -> 0 | H123: {=SUMPRODUCT((CSD!$C$4:$C$514<>"")*(CSD!$D$4:$D$514<>"")*(CSD!$G$4:$G$514<=$B123)*(CSD!$K$4:$K$514="Pending")*(CSD!$J$4:$J$514="STT"))} -> 0 | I123: {=SUMPRODUCT((CSD!$C$4:$C$514<>"")*(CSD!$D$4:$D$514<>"")*(CSD!$G$4:$G$514<=$B123)*(CSD!$K$4:$K$514="A"))} -> 0 | J123: {=SUMPRODUCT((CSD!$C$4:$C$514<>"")*(CSD!$D$4:$D$514<>"")*(CSD!$G$4:$G$514<=$B123)*(CSD!$K$4:$K$514="B"))} -> 0 | K123: {=SUMPRODUCT((CSD!$C$4:$C$514<>"")*(CSD!$D$4:$D$514<>"")*(CSD!$G$4:$G$514<=$B123)*(CSD!$K$4:$K$514="C"))} -> 0
F491: 45696
F492: 45696
F529: 45696

Sheet AR
A1: Status: (A) Approved with No Comments, (B) Approved with Comments, (C) Revise & Resubmit | N1: Action by | O1: GAA | P1: CTA | Q1: AUR
A2: S/N | B2: Trade | C2: SDW Doc No. | D2: Document Description | E2: RFAS Doc No. | F2: Planned Submission | G2: Submission Date | H2: Consultant Respond Date | I2: Rev | J2: Action | K2: Status | L2: Approval Date | M2: Scope | N2: Remarks | O2: Rev 0 | T2: Rev 1 | Y2: Rev 2 | AD2: Rev 3 | AI2: Rev 4 | AN2: Rev 5 | AS2: Rev 6 | AX2: Rev 7 | BC2: Required Review by STT's Engineering Team (YES/NO)
O3: Submitted | P3: CTA | Q3: AUR | R3: STT | S3: Status | T3: Submitted | U3: CTA | V3: AUR | W3: STT | X3: Status | Y3: Submitted | Z3: CTA | AA3: AUR | AB3: STT | AC3: Status | AD3: Submitted | AE3: CTA | AF3: AUR | AG3: STT | AH3: Status | AI3: Submitted | AJ3: CTA | AK3: AUR | AL3: STT | AM3: Status | AN3: Submitted | AO3: CTA | AP3: AUR | AQ3: STT | AR3: Status | AS3: Submitted | AT3: CTA | AU3: AUR | AV3: STT | AW3: Status | AX3: Submitted | AY3: CTA | AZ3: AUR | BA3: STT | BB3: Status
A4: 1 | B4: Architectural | C4: 523213-01-SDW-AR-0001 | D4: Architectural Drawing Index | E4: 523213-01-RFAS-AR-0001 | F4: 46034 | G4: 46034 | H4: =G4+7 -> 46041 | I4: 0 | J4: Closed | K4: B | L4: 46050 | M4: GC | O4: 46034 | P4: 46043 | Q4: 46045 | R4: 46050 | S4: B | BC4: NO
A5: 2 | B5: Architectural | C5: 523213-01-SDW-AR-0100 | D5: Level 1 - Overall Base Plan | E5: 523213-01-RFAS-AR-0002 | F5: =F6+7 -> 46041 | G5: 46041 | H5: =G5+7 -> 46048 | I5: 0 | J5: GAA | K5: C | L5: 46050 | M5: GC | O5: 46041 | P5: 46043 | Q5: 46045 | R5: 46050 | S5: C | BC5: NO
A6: 3 | B6: Architectural | C6: 523213-01-SDW-AR-0200 | D6: Level 2 - Overall Base Plan | E6: 523213-01-RFAS-AR-0003 | F6: 46034 | G6: 46039 | H6: =G6+7 -> 46046 | I6: 0 | J6: AUR | K6: Pending | M6: GC | N6: RFI-EL-0018 | O6: 46039 | P6: 46043 | BC6: NO
A7: 4 | B7: Architectural | C7: 523213-01-SDW-AR-0300 | D7: Level 3 - Overall Base Plan | E7: 523213-01-RFAS-AR-0004 | F7: =F5 -> 46041 | G7: 46042 | H7: =G7+7 -> 46049 | I7: 0 | J7: Closed | K7: B | L7: 46055 | M7: GC | O7: 46042 | P7: 46044 | Q7: 46050 | R7: 46055 | S7: B | BC7: NO
A8: 5 | B8: Architectural | C8: 523213-01-SDW-AR-0400 | D8: Level 4 - Overall Base Plan | E8: 523213-01-RFAS-AR-0005 | F8: =F7+7 -> 46048 | G8: 46049 | H8: =G8+7 -> 46056 | I8: 0 | J8: Closed | K8: B | L8: 46059 | M8: GC | O8: 46049 | P8: 46050 | Q8: 46052 | R8: 46059 | S8: B | BC8: NO
A9: 6 | B9: Architectural | C9: 523213-01-SDW-AR-0500 | D9: Level 5 - Overall Base Plan | E9: 523213-01-RFAS-AR-0006 | F9: =F8 -> 46048 | G9: 46050 | H9: =G9+7 -> 46057 | I9: 0 | J9: STT | K9: Pending | M9: GC | O9: 46050 | P9: 46053 | Q9: 46057 | BC9: NO
A10: 7 | B10: Architectural | C10: 523213-01-SDW-AR-0600 | D10: Level 6 - Overall Base Plan | E10: 523213-01-RFAS-AR-0007 | F10: =F5 -> 46041 | G10: 46044 | H10: =G10+7 -> 46051 | I10: 0 | J10: Closed | K10: B | L10: 46059 | M10: GC | O10: 46044 | P10: 46049 | Q10: 46052 | R10: 46059 | S10: B | BC10: NO
A11: 8 | B11: Architectural | C11: 523213-01-SDW-AR-0700 | D11: Roof Deck - Overall Base Plan | E11: 523213-01-RFAS-AR-0008 | F11: =F5 -> 46041 | G11: 46062 | H11: =G11+7 -> 46069 | I11: 0 | J11: AUR | K11: Pending | M11: GC | O11: 46062 | P11: 46064 | BC11: NO
A12: 9 | B12: Architectural | C12: 523213-01-SDW-AR-1100 | D12: Level 1 - Floor Finishes & Details | E12: 523213-01-RFAS-AR-0009 | F12: =F13+7 -> 46041 | G12: 46055 | H12: =G12+7 -> 46062 | I12: 0 | J12: Closed | K12: B | L12: 46059 | M12: GC | O12: 46055 | P12: 46057 | Q12: 46059 | R12: 46059 | S12: B | BC12: NO
A13: 10 | B13: Architectural | C13: 523213-01-SDW-AR-1200 | D13: Level 2 - Floor Finishes & Details | E13: 523213-01-RFAS-AR-0010 | F13: =F6 -> 46034 | G13: 46045 | H13: =G13+7 -> 46052 | I13: 0 | J13: Closed | K13: B | L13: 46059 | M13: GC | O13: 46045 | P13: 46049 | Q13: 46052 | R13: 46059 | S13: B | BC13: NO
A14: 11 | B14: Architectural | C14: 523213-01-SDW-AR-1300 | D14: Level 3 - Floor Finishes & Details | E14: 523213-01-RFAS-AR-0011 | F14: =F25 -> 46072 | G14: 46057 | H14: =G14+7 -> 46064 | I14: 0 | J14: STT | K14: Pending | M14: GC | O14: 46057 | P14: 46059 | Q14: 46062 | BC14: NO
A15: 12 | B15: Architectural | C15: 523213-01-SDW-AR-1600 | D15: Level 6 - Floor Finishes & Details | E15: 523213-01-RFAS-AR-0012 | F15: 46044 | G15: 46056 | H15: =G15+7 -> 46063 | I15: 0 | J15: STT | K15: Pending | M15: GC | O15: 46056 | P15: 46059 | Q15: 46062 | BC15: NO
A16: 13 | B16: Architectural | C16: 523213-01-SDW-AR-2100 | D16: Level 1 - Bund Wall Setting-out & Details | E16: 523213-01-RFAS-AR-0013 | F16: =F20+7 -> 46058 | M16: GC | BC16: NO
A17: 14 | B17: Architectural | C17: 523213-01-SDW-AR-2110 | D17: Level 1 - Wall Finishes & Details | E17: 523213-01-RFAS-AR-0014 | F17: =F16 -> 46058 | M17: GC | BC17: NO
A18: 15 | B18: Architectural | C18: 523213-01-SDW-AR-2140 | D18: Level 1 - Block Wall Layout & Details | E18: 523213-01-RFAS-AR-0015 | F18: =F17 -> 46058 | M18: GC | BC18: NO
A19: 16 | B19: Architectural | C19: 523213-01-SDW-AR-2200 | D19: Level 2 - Bund Wall Setting-out & Details | E19: 523213-01-RFAS-AR-0016 | F19: 46048 | G19: 46045 | H19: =G19+7 -> 46052 | I19: 0 | J19: Closed | K19: B | L19: 46059 | M19: GC | O19: 46045 | P19: 46048 | Q19: 46059 | R19: 46059 | S19: B | BC19: NO
A20: 17 | B20: Architectural | C20: 523213-01-SDW-AR-2210 | D20: Level 2 - Wall Finishes & Details | E20: 523213-01-RFAS-AR-0017 | F20: =F15+7 -> 46051 | G20: 46045 | H20: =G20+7 -> 46052 | I20: 0 | J20: Closed | K20: B | L20: 46059 | M20: GC | O20: 46045 | P20: 46048 | Q20: 46059 | R20: 46059 | S20: B | BC20: NO
A21: 18 | B21: Architectural | C21: 523213-01-SDW-AR-2220 | D21: Level 2 - Wall Setting-out | E21: 523213-01-RFAS-AR-0018 | F21: =F20 -> 46051 | G21: 46045 | H21: =G21+7 -> 46052 | I21: 0 | J21: Closed | K21: B | L21: 46059 | M21: GC | O21: 46045 | P21: 46048 | Q21: 46059 | R21: 46059 | S21: B | BC21: NO
A22: 19 | B22: Architectural | C22: 523213-01-SDW-AR-2230 | D22: Level 2 - Block Wall Layout & Details | E22: 523213-01-RFAS-AR-0019 | F22: =F21 -> 46051 | G22: 46059 | H22: =G22+7 -> 46066 | I22: 0 | J22: STT | K22: Pending | M22: GC | O22: 46059 | P22: 46062 | Q22: 46065 | BC22: NO
A23: 20 | B23: Architectural | C23: 523213-01-SDW-AR-2240 | D23: Level 2 - Partition Wall Support Layout & Details | E23: 523213-01-RFAS-AR-0020 | F23: =F22 -> 46051 | G23: 46059 | H23: =G23+7 -> 46066 | I23: 1 | J23: STT | K23: Pending | M23: GC | O23: 46055 | P23: 46058 | S23: C | T23: 46059 | U23: 46062 | V23: 46065 | BC23: NO
A24: 21 | B24: Architectural | C24: 523213-01-SDW-AR-2250 | D24: Level 2 - Wire Mesh Layout & Details | E24: 523213-01-RFAS-AR-0021 | F24: =F23+7 -> 46058 | M24: GC | BC24: NO
A25: 22 | B25: Architectural | C25: 523213-01-SDW-AR-2300 | D25: Level 3 - Bund Wall Setting-out & Details | E25: 523213-01-RFAS-AR-0022 | F25: =F39+7 -> 46072 | G25: 46048 | H25: =G25+7 -> 46055 | I25: 0 | J25: Closed | K25: B | L25: 46059 | M25: GC | O25: 46048 | P25: 46049 | Q25: 46052 | R25: 46059 | S25: B | BC25: NO
A26: 23 | B26: Architectural | C26: 523213-01-SDW-AR-2340 | D26: Level 3 - Partition Wall Support Layout & Details | E26: 523213-01-RFAS-AR-0023 | F26: =F25 -> 46072 | M26: GC | BC26: NO
A27: 24 | B27: Architectural | C27: 523213-01-SDW-AR-2330 | D27: Level 3 - Block Wall Layout & Details | E27: 523213-01-RFAS-AR-0024 | F27: =F26 -> 46072 | M27: GC | BC27: NO
A28: 25 | B28: Architectural | C28: 523213-01-SDW-AR-2310 | D28: Level 3 - Wall Finishes & Details | E28: 523213-01-RFAS-AR-0025 | F28: =F27 -> 46072 | G28: 46056 | H28: =G28+7 -> 46063 | I28: 0 | J28: STT | K28: Pending | M28: GC | O28: 46056 | P28: 46059 | Q28: 46062 | BC28: NO
A29: 26 | B29: Architectural | C29: 523213-01-SDW-AR-2320 | D29: Level 3 - Wall Setting-out | E29: 523213-01-RFAS-AR-0026 | F29: =F28 -> 46072 | G29: 46050 | H29: =G29+7 -> 46057 | I29: 0 | J29: STT | K29: Pending | M29: GC | O29: 46050 | P29: 46053 | Q29: 46057 | BC29: NO
A30: 27 | B30: Architectural | C30: 523213-01-SDW-AR-2400 | D30: Level 4 - Bund Wall Setting-out & Details | E30: 523213-01-RFAS-AR-0027 | F30: =F46+7 -> 46114 | M30: GC | BC30: NO
A31: 28 | B31: Architectural | C31: 523213-01-SDW-AR-2410 | D31: Level 4 - Wall Finishes & Details | E31: 523213-01-RFAS-AR-0028 | F31: =F30 -> 46114 | M31: GC | BC31: NO
A32: 29 | B32: Architectural | C32: 523213-01-SDW-AR-2420 | D32: Level 4 - Wall Setting-out | E32: 523213-01-RFAS-AR-0029 | F32: =F31 -> 46114 | M32: GC | BC32: NO
A33: 30 | B33: Architectural | C33: 523213-01-SDW-AR-2430 | D33: Level 4 - Block Wall Layout & Details | E33: 523213-01-RFAS-AR-0030 | F33: =F32 -> 46114 | M33: GC | BC33: NO
A34: 31 | B34: Architectural | C34: 523213-01-SDW-AR-2500 | D34: Level 5 - Bund Wall Setting-out & Details | E34: 523213-01-RFAS-AR-0031 | F34: =F33 -> 46114 | M34: GC | BC34: NO
A35: 32 | B35: Architectural | C35: 523213-01-SDW-AR-2510 | D35: Level 5 - Wall Finishes & Details | E35: 523213-01-RFAS-AR-0032 | F35: =F34 -> 46114 | M35: GC | BC35: NO
A36: 33 | B36: Architectural | C36: 523213-01-SDW-AR-2520 | D36: Level 5 - Wall Setting-out | E36: 523213-01-RFAS-AR-0033 | F36: =F35 -> 46114 | M36: GC | BC36: NO
A37: 34 | B37: Architectural | C37: 523213-01-SDW-AR-2530 | D37: Level 5 - Block Wall Layout & Details | E37: 523213-01-RFAS-AR-0034 | F37: =F36 -> 46114 | M37: GC | BC37: NO
A38: 35 | B38: Architectural | C38: 523213-01-SDW-AR-2600 | D38: Level 6 - Bund Wall Setting-out & Details | E38: 523213-01-RFAS-AR-0035 | F38: =F39 -> 46065 | G38: 46048 | H38: =G38+7 -> 46055 | I38: 0 | J38: Closed | K38: B | L38: 46059 | M38: GC | O38: 46048 | P38: 46049 | Q38: 46052 | R38: 46059 | S38: B | BC38: NO
A39: 36 | B39: Architectural | C39: 523213-01-SDW-AR-2610 | D39: Level 6 - Wall Finishes & Details | E39: 523213-01-RFAS-AR-0036 | F39: =F17+7 -> 46065 | G39: 46056 | H39: =G39+7 -> 46063 | I39: 0 | J39: STT | K39: Pending | M39: GC | O39: 46056 | P39: 46059 | Q39: 46062 | BC39: NO
A40: 37 | B40: Architectural | C40: 523213-01-SDW-AR-2620 | D40: Level 6 - Wall Setting-out | E40: 523213-01-RFAS-AR-0037 | F40: =F39 -> 46065 | G40: 46050 | H40: =G40+7 -> 46057 | I40: 0 | J40: STT | K40: Pending | M40: GC | O40: 46050 | P40: 46053 | Q40: 46057 | BC40: NO
A41: 38 | B41: Architectural | C41: 523213-01-SDW-AR-2630 | D41: Level 6 - Block Wall Layout & Details | E41: 523213-01-RFAS-AR-0038 | F41: =F40 -> 46065 | M41: GC | BC41: NO
A42: 39 | B42: Architectural | C42: 523213-01-SDW-AR-2640 | D42: Level 6 - Partition Wall Support Layout & Details | E42: 523213-01-RFAS-AR-0039 | F42: =F41 -> 46065 | M42: GC | BC42: NO
A43: 40 | B43: Architectural | C43: 523213-01-SDW-AR-3100 | D43: Level 1 - Crash Rail & Skirting Layout & Details | E43: 523213-01-RFAS-AR-0040 | F43: =F44+7 -> 46093 | M43: GC | BC43: NO
A44: 41 | B44: Architectural | C44: 523213-01-SDW-AR-3200 | D44: Level 2 - Crash Rail & Skirting Layout & Details | E44: 523213-01-RFAS-AR-0041 | F44: =F58 -> 46086 | M44: GC | BC44: NO
A45: 42 | B45: Architectural | C45: 523213-01-SDW-AR-3600 | D45: Level 6 - Crash Rail & Skirting Layout & Details | E45: 523213-01-RFAS-AR-0042 | F45: =F44 -> 46086 | M45: GC | BC45: NO
A46: 43 | B46: Architectural | C46: 523213-01-SDW-AR-4100 | D46: Level 1 - Door Schedule Layout & Details | E46: 523213-01-RFAS-AR-0043 | F46: =F47+7 -> 46107 | M46: GC | BC46: NO
A47: 44 | B47: Architectural | C47: 523213-01-SDW-AR-4200 | D47: Level 2 - Door Schedule Layout & Details | E47: 523213-01-RFAS-AR-0044 | F47: =F45+14 -> 46100 | M47: GC | BC47: NO
A48: 45 | B48: Architectural | C48: 523213-01-SDW-AR-4300 | D48: Level 3 - Door Schedule Layout & Details | E48: 523213-01-RFAS-AR-0045 | F48: 46112 | M48: GC | BC48: NO
A49: 46 | B49: Architectural | C49: 523213-01-SDW-AR-4600 | D49: Level 6 - Door Schedule Layout & Details | E49: 523213-01-RFAS-AR-0046 | F49: =F47+7 -> 46107 | M49: GC | BC49: NO
A50: 47 | B50: Architectural | C50: 523213-01-SDW-AR-5100 | D50: Level 1 - Soffit Finishes & Details | E50: 523213-01-RFAS-AR-0047 | F50: =F52+14 -> 46065 | M50: GC | BC50: NO
A51: 48 | B51: Architectural | C51: 523213-01-SDW-AR-5110 | D51: Level 1 - Ceiling Finishes & Details | E51: 523213-01-RFAS-AR-0048 | F51: =F50 -> 46065 | M51: GC | BC51: NO
A52: 49 | B52: Architectural | C52: 523213-01-SDW-AR-5200 | D52: Level 2 - Soffit Finishes & Details | E52: 523213-01-RFAS-AR-0049 | F52: =F21 -> 46051 | G52: 46045 | H52: =G52+7 -> 46052 | I52: 0 | J52: Closed | K52: B | L52: 46059 | M52: GC | O52: 46045 | P52: 46049 | Q52: 46052 | R52: 46059 | S52: B | BC52: NO
A53: 50 | B53: Architectural | C53: 523213-01-SDW-AR-5210 | D53: Level 2 - Ceiling Finishes & Details | E53: 523213-01-RFAS-AR-0050 | F53: =F52 -> 46051 | G53: 46048 | H53: =G53+7 -> 46055 | I53: 0 | J53: Closed | K53: B | L53: 46059 | M53: GC | O53: 46048 | P53: 46049 | Q53: 46052 | R53: 46059 | S53: B | BC53: NO
A54: 51 | B54: Architectural | C54: 523213-01-SDW-AR-5220 | D54: Level 2 - Structured Ceiling Anchor Layout & Details | E54: 523213-01-RFAS-AR-0051 | F54: =F57 -> 46086 | G54: 46048 | H54: =G54+7 -> 46055 | I54: 0 | J54: Closed | K54: B | L54: 46059 | M54: GC | O54: 46048 | P54: 46049 | Q54: 46052 | R54: 46059 | S54: B | BC54: NO
A55: 52 | B55: Architectural | C55: 523213-01-SDW-AR-5300 | D55: Level 3 - Soffit Finishes & Details | E55: 523213-01-RFAS-AR-0052 | F55: =F54+14 -> 46100 | M55: GC | BC55: NO
A56: 53 | B56: Architectural | C56: 523213-01-SDW-AR-5600 | D56: Level 6 - Soffit Finishes & Details | E56: 523213-01-RFAS-AR-0053 | F56: =F53+7 -> 46058 | M56: GC | BC56: NO
A57: 54 | B57: Architectural | C57: 523213-01-SDW-AR-5700 | D57: Roof Deck - Soffit Finishes & Details | E57: 523213-01-RFAS-AR-0054 | F57: =F58 -> 46086 | M57: GC | BC57: NO
A58: 55 | B58: Architectural | C58: 523213-01-SDW-AR-6110 | D58: Level 1 - Interior Elevation Views, Layout & Details | E58: 523213-01-RFAS-AR-0055 | F58: =F29+14 -> 46086 | M58: GC | BC58: NO
A59: 56 | B59: Architectural | C59: 523213-01-SDW-AR-6101 | D59: Level 1 - Reception Hall Layout & Details | E59: 523213-01-RFAS-AR-0056 | F59: =F58 -> 46086 | M59: GC | BC59: NO
A60: 57 | B60: Architectural | C60: 523213-01-SDW-AR-6102 | D60: Level 1 - Security Room 1 Layout & Details | E60: 523213-01-RFAS-AR-0057 | F60: =F59+7 -> 46093 | M60: GC | BC60: YES
A61: 58 | B61: Architectural | C61: 523213-01-SDW-AR-6103 | D61: Level 1 - Security Room 2 Layout & Details | E61: 523213-01-RFAS-AR-0058 | F61: =F60 -> 46093 | M61: GC | BC61: YES
A62: 59 | B62: Architectural | C62: 523213-01-SDW-AR-6104 | D62: Level 1 - Pantry Layout & Details | E62: 523213-01-RFAS-AR-0059 | F62: =F61+7 -> 46100 | M62: GC | BC62: NO
A63: 60 | B63: Architectural | C63: 523213-01-SDW-AR-6105 | D63: Level 1 - Technical Assistant Room Layout & Details | E63: 523213-01-RFAS-AR-0060 | F63: =F62 -> 46100 | M63: GC | BC63: YES
A64: 61 | B64: Architectural | C64: 523213-01-SDW-AR-6106 | D64: Level 1 - Hall 1.1 Layout & Details | E64: 523213-01-RFAS-AR-0061 | F64: =F63 -> 46100 | M64: GC | BC64: NO
A65: 62 | B65: Architectural | C65: 523213-01-SDW-AR-6120 | D65: Level 1 - Fireman Lift Lobby Layout & Details | E65: 523213-01-RFAS-AR-0062 | M65: GC | BC65: NO
A66: 63 | B66: Architectural | C66: 523213-01-SDW-AR-6210 | D66: Level 2 - Interior Elevation Views, Layout & Details | E66: 523213-01-RFAS-AR-0063 | F66: =F41+7 -> 46072 | M66: GC | BC66: NO
A67: 64 | B67: Architectural | C67: 523213-01-SDW-AR-6230 | D67: Level 2 - Toilet Layout & Details | E67: 523213-01-RFAS-AR-0064 | F67: =F66 -> 46072 | M67: GC | BC67: NO
A68: 65 | B68: Architectural | C68: 523213-01-SDW-AR-6240 | D68: Level 2 - GENSET Room Layout & Details | E68: 523213-01-RFAS-AR-0065 | F68: =F67 -> 46072 | M68: GC | BC68: NO
A69: 66 | B69: Architectural | C69: 523213-01-SDW-AR-6290 | D69: Level 2 - Hot Aisle Containment Layout Plan | E69: 523213-01-RFAS-AR-0066 | F69: =F67+14 -> 46086 | M69: GC | BC69: YES
A70: 67 | B70: Architectural | C70: 523213-01-SDW-AR-6610 | D70: Level 6 - Interior Elevation Views, Layout & Details | E70: 523213-01-RFAS-AR-0067 | F70: =F67+7 -> 46079 | M70: GC | BC70: NO
A71: 68 | B71: Architectural | C71: 523213-01-SDW-AR-6640 | D71: Level 6 - GENSET Room Layout & Details | E71: 523213-01-RFAS-AR-0068 | F71: =F70 -> 46079 | M71: GC | BC71: NO
A72: 69 | B72: Architectural | C72: 523213-01-SDW-AR-7100 | D72: Level 1 - Signage Layout Plan & Details | E72: 523213-01-RFAS-AR-0069 | F72: =F73+7 -> 46093 | M72: GC | BC72: NO
A73: 70 | B73: Architectural | C73: 523213-01-SDW-AR-7200 | D73: Level 2 - Signage Layout Plan & Details | E73: 523213-01-RFAS-AR-0070 | F73: =F70+7 -> 46086 | M73: GC | BC73: NO
A74: 71 | B74: Architectural | C74: 523213-01-SDW-AR-7300 | D74: Level 3 - Signage Layout Plan & Details | E74: 523213-01-RFAS-AR-0071 | M74: GC | BC74: NO
A75: 72 | B75: Architectural | C75: 523213-01-SDW-AR-7600 | D75: Level 6 - Signage Layout Plan & Details | E75: 523213-01-RFAS-AR-0072 | F75: =F72 -> 46093 | M75: GC | BC75: NO
A76: 73 | B76: Architectural | C76: 523213-01-SDW-AR-8100 | D76: Level 1 - Block-out & Pipe Sleeve Details | E76: 523213-01-RFAS-AR-0073 | F76: =F77+14 -> 46076 | M76: GC | BC76: NO
A77: 74 | B77: Architectural | C77: 523213-01-SDW-AR-8200 | D77: Level 2 - Data Hall 2-A Block-out & Pipe Sleeve Details | E77: 523213-01-RFAS-AR-0074 | F77: 46062 | M77: GC | BC77: NO
A78: 75 | B78: Architectural | C78: 523213-01-SDW-AR-8201 | D78: Level 2 - Spare Space Block-out & Pipe Sleeve Details | E78: 523213-01-RFAS-AR-0075
A79: 76 | B79: Architectural | C79: 523213-01-SDW-AR-8202 | D79: Level 2 - Data Hall 2-C Block-out & Pipe Sleeve Details | E79: 523213-01-RFAS-AR-0076
A80: 77 | B80: Architectural | C80: 523213-01-SDW-AR-8203 | D80: Level 2 - ELV B Area Block-out & Pipe Sleeve Details | E80: 523213-01-RFAS-AR-0077
A81: 78 | B81: Architectural | C81: 523213-01-SDW-AR-8204 | D81: Level 2 - ELV A Area Block-out & Pipe Sleeve Details | E81: 523213-01-RFAS-AR-0078
A82: 79 | B82: Architectural | C82: 523213-01-SDW-AR-8205 | D82: Level 2 - LV Room Block-out & Pipe Sleeve Details | E82: 523213-01-RFAS-AR-0079
A83: 80 | B83: Architectural | C83: 523213-01-SDW-AR-8300 | D83: Level 3 - TX Room Block-out & Pipe Sleeve Details | E83: 523213-01-RFAS-AR-0080 | F83: =F84+7 -> 46097 | M83: GC | BC83: NO
A84: 81 | B84: Architectural | C84: 523213-01-SDW-AR-8600 | D84: Level 6 - MSB Room Block-out & Pipe Sleeve Details | E84: 523213-01-RFAS-AR-0081 | F84: =F76+14 -> 46090 | M84: GC | BC84: NO
A85: 82 | B85: Architectural | C85: 523213-01-SDW-AR-8601 | D85: Level 6 - ELV Room Block-out & Pipe Sleeve Details | E85: 523213-01-RFAS-AR-0082
A86: 83 | B86: Architectural | C86: 523213-01-SDW-AR-3300 | D86: Level 3 - Level 3 Skirting Layout & Details
I129: DO NOT DELETE
J130: GAA
J131: CTA
J132: AUR
J133: STT
J134: Closed

Sheet ST
A1: Status: (A) Approved with No Comments, (B) Approved with Comments, (C) Revise & Resubmit | O1: Action by | P1: GAA | Q1: CTA | R1: AUR
A2: S/N | B2: Trade | C2: SDW Doc No. | E2: RFAS Doc No. | F2: Planned Submission | G2: Submission Date | H2: Consultant Respond Date | I2: Rev | J2: Action | K2: Status | L2: Approval Date | M2: Scope | N2: Remarks | O2: Rev 0 | T2: Rev 1 | Y2: Rev 2 | AD2: Rev 3 | AI2: Rev 4 | AN2: Rev 5 | AS2: Required Review by STT's Engineering Team (YES/NO)
O3: Submitted | P3: CTA | Q3: AUR | R3: STT | S3: Status | T3: Submitted | U3: CTA | V3: AUR | W3: STT | X3: Status | Y3: Submitted | Z3: CTA | AA3: AUR | AB3: STT | AC3: Status | AD3: Submitted | AE3: CTA | AF3: AUR | AG3: STT | AH3: Status | AI3: Submitted | AJ3: CTA | AK3: AUR | AL3: STT | AM3: Status | AN3: Submitted | AO3: CTA | AP3: AUR | AQ3: STT | AR3: Status
A4: 1 | B4: Civil & Structure | C4: 523213-01-SDW-ST-0001 | D4: Structural Drawing Index | E4: 523213-01-RFAS-ST-0001 | H4: =G4+7 -> 7 | M4: GC | AS4: NO
A5: 2 | B5: Civil & Structure | C5: 523213-01-SDW-ST-1100 | D5: Level 1 - Concrete Plinth Layout Plan & Details | E5: 523213-01-RFAS-ST-0002 | F5: =F6+14 -> 46082 | H5: =G5+7 -> 7 | M5: GC | AS5: NO
A6: 3 | B6: Civil & Structure | C6: 523213-01-SDW-ST-1200 | D6: Level 2 - Concrete Plinth Layout Plan & Details | E6: 523213-01-RFAS-ST-0003 | F6: 46068 | H6: =G6+7 -> 7 | M6: GC | AS6: NO
A7: 4 | B7: Civil & Structure | C7: 523213-01-SDW-ST-1201 | D7: Level 2 - Ladder Cover Sections & Details | E7: 523213-01-RFAS-ST-0004 | F7: =F6 -> 46068 | H7: =G7+7 -> 7 | M7: GC | AS7: NO
A8: 5 | B8: Civil & Structure | C8: 523213-01-SDW-ST-1300 | D8: Level 3 - Concrete Plinth Layout Plan & Details | E8: 523213-01-RFAS-ST-0005 | F8: 46096 | H8: =G8+7 -> 7 | M8: GC | AS8: NO
A9: 6 | B9: Civil & Structure | C9: 523213-01-SDW-ST-1310 | D9: Level 3 - Ladder Cover Sections & Details | E9: 523213-01-RFAS-ST-0006 | F9: 46098 | H9: =G9+7 -> 7 | M9: GC | AS9: NO
A10: 7 | B10: Civil & Structure | C10: 523213-01-SDW-ST-1400 | D10: Level 4 - Concrete Plinth Layout Plan & Details | E10: 523213-01-RFAS-ST-0007 | F10: 46102 | H10: =G10+7 -> 7 | M10: GC | AS10: NO
A11: 8 | B11: Civil & Structure | C11: 523213-01-SDW-ST-1410 | D11: Level 4 - Ladder Cover Sections & Details | E11: 523213-01-RFAS-ST-0008 | F11: 46102 | H11: =G11+7 -> 7 | M11: GC | AS11: NO
A12: 9 | B12: Civil & Structure | C12: 523213-01-SDW-ST-1500 | D12: Level 5 - Concrete Plinth Layout Plan & Details | E12: 523213-01-RFAS-ST-0009 | F12: 46106 | H12: =G12+7 -> 7 | M12: GC | AS12: NO
A13: 10 | B13: Civil & Structure | C13: 523213-01-SDW-ST-1510 | D13: Level 5 - Ladder Cover Sections & Details | E13: 523213-01-RFAS-ST-0010 | F13: 46108 | H13: =G13+7 -> 7 | M13: GC | AS13: NO
A14: 11 | B14: Civil & Structure | C14: 523213-01-SDW-ST-1300 | D14: Level 6 - Concrete Plinth Layout Plan & Details | E14: 523213-01-RFAS-ST-0011 | F14: =F5+7 -> 46089 | H14: =G14+7 -> 7 | M14: GC | AS14: NO
A15: 12 | B15: Civil & Structure | C15: 523213-01-SDW-ST-2100 | D15: Level 1 - Steel Support & Details | E15: 523213-01-RFAS-ST-0012 | F15: =F5+7 -> 46089 | H15: =G15+7 -> 7 | M15: GC | AS15: NO
A16: 13 | B16: Civil & Structure | C16: 523213-01-SDW-ST-2200 | D16: Level 2 - Steel Support & Details | E16: 523213-01-RFAS-ST-0013 | F16: =F7+7 -> 46075 | H16: =G16+7 -> 7 | M16: GC | AS16: NO
A17: 14 | B17: Civil & Structure | C17: 523213-01-SDW-ST-2300 | D17: Level 3 - Steel Support & Details | E17: 523213-01-RFAS-ST-0014 | F17: 46100 | H17: =G17+7 -> 7 | M17: GC | AS17: NO
A18: 15 | B18: Civil & Structure | C18: 523213-01-SDW-ST-2400 | D18: Level 4 - Steel Support & Details | E18: 523213-01-RFAS-ST-0015 | F18: 46104 | H18: =G18+7 -> 7 | M18: GC | AS18: NO
A19: 16 | B19: Civil & Structure | C19: 523213-01-SDW-ST-2500 | D19: Level 5 - Steel Support & Details | E19: 523213-01-RFAS-ST-0016 | F19: 46109 | H19: =G19+7 -> 7 | M19: GC | AS19: NO
A20: 17 | B20: Civil & Structure | C20: 523213-01-SDW-ST-2600 | D20: Level 6 - Steel Support & Details | E20: 523213-01-RFAS-ST-0017 | F20: =F15+7 -> 46096 | H20: =G20+7 -> 7 | M20: GC | AS20: NO
A21: 18 | B21: Civil & Structure | C21: 523213-01-SDW-ST-2700 | D21: Roof Deck Cooling Tower Platform Steel Details | E21: 523213-01-RFAS-ST-0018 | F21: =F20+7 -> 46103 | H21: =G21+7 -> 7 | M21: GC | AS21: NO
A22: 19 | B22: Civil & Structure | C22: 523213-01-SDW-ST-3000 | D22: Typical Detail | E22: 523213-01-RFAS-ST-0019 | F22: 46086 | H22: =G22+7 -> 7 | M22: GC | AS22: NO
K26: DO NOT DELETE
K27: GAA
K28: CTA
K29: AUR
K30: STT
K31: Closed

Sheet EL
A1: Status: (A) Approved with No Comments, (B) Approved with Comments, (C) Revise & Resubmit | P1: Action by | Q1: GAA | R1: CTA | S1: AUR
A2: S/N | B2: Trade | C2: SDW Doc No. | E2: RFAS Doc No. | F2: System | G2: PIC | H2: Planned Submission | I2: Submission Date | J2: Consultant Respond Date | K2: Rev | L2: Action | M2: Status | N2: Approval Date | O2: Scope | P2: Remarks | Q2: Rev 0 | V2: Rev 1 | AA2: Rev 2 | AF2: Rev 3 | AK2: Rev 4 | AP2: Rev 5 | AU2: Rev 6 | AZ2: Rev 7 | BE2: Rev 8 | BJ2: Required Review by STT's Engineering Team (YES/NO)
Q3: Submitted | R3: CTA | S3: AUR | T3: STT | U3: Status | V3: Submitted | W3: CTA | X3: AUR | Y3: STT | Z3: Status | AA3: Submitted | AB3: CTA | AC3: AUR | AD3: STT | AE3: Status | AF3: Submitted | AG3: CTA | AH3: AUR | AI3: STT | AJ3: Status | AK3: Submitted | AL3: CTA | AM3: AUR | AN3: STT | AO3: Status | AP3: Submitted | AQ3: CTA | AR3: AUR | AS3: STT | AT3: Status | AU3: Submitted | AV3: CTA | AW3: AUR | AX3: STT | AY3: Status | AZ3: Submitted | BA3: CTA | BB3: AUR | BC3: STT | BD3: Status | BE3: Submitted | BF3: CTA | BG3: AUR | BH3: STT | BI3: Status
A4: 1 | B4: Electrical | C4: 523213-01-SDW-EL-0001 | D4: Electrical Drawing Index | E4: 523213-01-RFAS-EL-0001 | F4: General | H4: 46112 | J4: =I4+7 -> 7 | O4: GC | BJ4: NO
A5: 2 | B5: Electrical | C5: 523213-01-SDW-EL-0002 | D5: Legend, Abbreviation, And General Notes | E5: 523213-01-RFAS-EL-0002 | F5: General | G5: Tong | H5: 46038 | I5: 46056 | J5: =I5+7 -> 46063 | K5: 1 | L5: STT | M5: Pending | O5: GC | Q5: 46038 | R5: 46043 | S5: 46048 | T5: 46055 | U5: C | V5: 46056 | W5: 46057 | X5: 46062 | BJ5: NO
A6: 3 | B6: Electrical | C6: 523213-01-SDW-EL-0010 | D6: Medium Voltage Overall Distribution Schematic | E6: 523213-01-RFAS-EL-0003 | F6: MV | G6: Ao | H6: 46038 | I6: 46045 | J6: =I6+7 -> 46052 | K6: 0 | L6: STT | M6: Pending | O6: GC | Q6: 46045 | R6: 46049 | S6: 46051 | BJ6: YES
A7: 4 | B7: Electrical | C7: 523213-01-SDW-EL-0011 | D7: Generator Allocation Schematic | E7: 523213-01-RFAS-EL-0004 | F7: SLD | G7: AO | H7: 46038 | I7: 46039 | J7: =I7+7 -> 46046 | K7: 0 | L7: STT | M7: Pending | O7: GC | Q7: 46039 | R7: 46049 | S7: 46051 | BJ7: YES
A8: 5 | B8: Electrical | C8: 523213-01-SDW-EL-0020 | D8: Medium Voltage And Communications Routing Layout | E8: 523213-01-RFAS-EL-0005 | F8: MV | G8: Yin | H8: 46053 | O8: GC | P8: ENG Review. Pending | BJ8: YES
A9: 6 | B9: Electrical | C9: 523213-01-SDW-EL-0101 | D9: LV Single Line Diagram IT Load For Typical 4 MW With 2N Configuration Sheet 1 | E9: 523213-01-RFAS-EL-0006 | F9: SLD | G9: Ao | H9: 46038 | I9: 46038 | J9: =I9+7 -> 46045 | K9: 0 | L9: CTA | M9: Pending | O9: GC | Q9: 46038 | BJ9: YES
A10: 7 | B10: Electrical | C10: 523213-01-SDW-EL-0102 | D10: LV Single Line Diagram IT Load For Typical 4 MW With 2N Configuration Sheet 2 | E10: 523213-01-RFAS-EL-0007 | F10: SLD | G10: Ao | H10: 46038 | I10: 46038 | J10: =I10+7 -> 46045 | K10: 0 | L10: CTA | M10: Pending | O10: GC | Q10: 46038 | BJ10: YES
A11: 8 | B11: Electrical | C11: 523213-01-SDW-EL-0103 | D11: LV Single Line Diagram IT Load For Typical 6 MW With 4M3 DR Configuration Sheet 1 | E11: 523213-01-RFAS-EL-0008 | F11: SLD | G11: Ao | H11: 46038 | I11: 46038 | J11: =I11+7 -> 46045 | K11: 0 | L11: CTA | M11: Pending | O11: GC | Q11: 46038 | BJ11: YES
A12: 9 | B12: Electrical | C12: 523213-01-SDW-EL-0104 | D12: LV Single Line Diagram IT Load For Typical 6 MW With 4M3 DR Configuration Sheet 2 | E12: 523213-01-RFAS-EL-0009 | F12: SLD | G12: Ao | H12: 46038 | I12: 46038 | J12: =I12+7 -> 46045 | K12: 0 | L12: CTA | M12: Pending | O12: GC | Q12: 46038 | BJ12: YES
A13: 10 | B13: Electrical | C13: 523213-01-SDW-EL-0105 | D13: LV Single Line Diagram IT Load For Typical 6 MW With 4M3 DR Configuration Sheet 3 | E13: 523213-01-RFAS-EL-0010 | F13: SLD | G13: Ao | H13: 46038 | I13: 46038 | J13: =I13+7 -> 46045 | K13: 0 | L13: CTA | M13: Pending | O13: GC | Q13: 46038 | BJ13: YES
A14: 11 | B14: Electrical | C14: 523213-01-SDW-EL-0106 | D14: LV Single Line Diagram IT Load For Typical 6 MW With 4M3 DR Configuration Sheet 4 | E14: 523213-01-RFAS-EL-0011 | F14: SLD | G14: Ao | H14: 46038 | I14: 46038 | J14: =I14+7 -> 46045 | K14: 0 | L14: CTA | M14: Pending | O14: GC | Q14: 46038 | BJ14: YES
A15: 12 | B15: Electrical | C15: 523213-01-SDW-EL-0107 | D15: LV Single Line Diagram IT Load For Typical 6 MW With 4M3 DR Configuration Sheet 5 | E15: 523213-01-RFAS-EL-0012 | F15: SLD | G15: Ao | H15: 46038 | I15: 46038 | J15: =I15+7 -> 46045 | K15: 0 | L15: CTA | M15: Pending | O15: GC | Q15: 46038 | BJ15: YES
A16: 13 | B16: Electrical | C16: 523213-01-SDW-EL-0108 | D16: LV Single Line Diagram IT Load For Typical 6 MW With 4M3 DR Configuration Sheet 6 | E16: 523213-01-RFAS-EL-0013 | F16: SLD | G16: Ao | H16: 46038 | I16: 46038 | J16: =I16+7 -> 46045 | K16: 0 | L16: CTA | M16: Pending | O16: GC | Q16: 46038 | BJ16: YES
A17: 14 | B17: Electrical | C17: 523213-01-SDW-EL-0109 | D17: LV Single Line Diagram IT Load For Typical 8 MW With 4M3 DR Configuration Sheet 1 | E17: 523213-01-RFAS-EL-0014 | F17: SLD | G17: Ao | H17: 46038 | I17: 46038 | J17: =I17+7 -> 46045 | K17: 0 | L17: CTA | M17: Pending | O17: GC | Q17: 46038 | BJ17: YES
A18: 15 | B18: Electrical | C18: 523213-01-SDW-EL-0110 | D18: LV Single Line Diagram IT Load For Typical 8 MW With 4M3 DR Configuration Sheet 2 | E18: 523213-01-RFAS-EL-0015 | F18: SLD | G18: Ao | H18: 46038 | I18: 46038 | J18: =I18+7 -> 46045 | K18: 0 | L18: CTA | M18: Pending | O18: GC | Q18: 46038 | BJ18: YES
A19: 16 | B19: Electrical | C19: 523213-01-SDW-EL-0111 | D19: LV Single Line Diagram IT Load For Typical 8 MW With 4M3 DR Configuration Sheet 3 | E19: 523213-01-RFAS-EL-0016 | F19: SLD | G19: Ao | H19: 46038 | I19: 46038 | J19: =I19+7 -> 46045 | K19: 0 | L19: CTA | M19: Pending | O19: GC | Q19: 46038 | BJ19: YES
A20: 17 | B20: Electrical | C20: 523213-01-SDW-EL-0112 | D20: LV Single Line Diagram IT Load For Typical 8 MW With 4M3 DR Configuration Sheet 4 | E20: 523213-01-RFAS-EL-0017 | F20: SLD | G20: Ao | H20: 46038 | I20: 46038 | J20: =I20+7 -> 46045 | K20: 0 | L20: CTA | M20: Pending | O20: GC | Q20: 46038 | BJ20: YES
A21: 18 | B21: Electrical | C21: 523213-01-SDW-EL-0113 | D21: LV Single Line Diagram For Swing Power System Sheet 1 | E21: 523213-01-RFAS-EL-0018 | F21: SLD | G21: Ao | H21: 46041 | I21: 46041 | J21: =I21+7 -> 46048 | K21: 0 | L21: STT | M21: Pending | O21: GC | Q21: 46041 | R21: 46052 | S21: 46055 | BJ21: YES
A22: 19 | B22: Electrical | C22: 523213-01-SDW-EL-0114 | D22: LV Single Line Diagram For Swing Power System Sheet 2 | E22: 523213-01-RFAS-EL-0019 | F22: SLD | G22: Ao | H22: 46041 | I22: 46041 | J22: =I22+7 -> 46048 | K22: 0 | L22: STT | M22: Pending | O22: GC | Q22: 46041 | R22: 46052 | S22: 46055 | BJ22: YES
A23: 20 | B23: Electrical | C23: 523213-01-SDW-EL-0115 | D23: LV Single Line Diagram For Swing Power System Sheet 3 | E23: 523213-01-RFAS-EL-0020 | F23: SLD | G23: Ao | H23: 46041 | I23: 46041 | J23: =I23+7 -> 46048 | K23: 0 | L23: STT | M23: Pending | O23: GC | Q23: 46041 | R23: 46052 | S23: 46055 | BJ23: YES
A24: 21 | B24: Electrical | C24: 523213-01-SDW-EL-0116 | D24: LV Single Line Diagram For Non-It Power System Sheet 1 | E24: 523213-01-RFAS-EL-0021 | F24: SLD | G24: Ao | H24: 46041 | I24: 46041 | J24: =I24+7 -> 46048 | K24: 0 | L24: STT | M24: Pending | O24: GC | Q24: 46041 | R24: 46052 | S24: 46055 | BJ24: YES
A25: 22 | B25: Electrical | C25: 523213-01-SDW-EL-0117 | D25: LV Single Line Diagram For Non-It Power System Sheet 2 | E25: 523213-01-RFAS-EL-0022 | F25: SLD | G25: Ao | H25: 46041 | I25: 46041 | J25: =I25+7 -> 46048 | K25: 0 | L25: STT | M25: Pending | O25: GC | Q25: 46041 | R25: 46056 | S25: 46062 | BJ25: YES
A26: 23 | B26: Electrical | C26: 523213-01-SDW-EL-0118 | D26: LV Single Line Diagram For Non-It Power System Sheet 3 | E26: 523213-01-RFAS-EL-0023 | F26: SLD | G26: Ao | H26: 46041 | I26: 46041 | J26: =I26+7 -> 46048 | K26: 0 | L26: STT | M26: Pending | O26: GC | Q26: 46041 | R26: 46052 | S26: 46055 | BJ26: YES
A27: 24 | B27: Electrical | C27: 523213-01-SDW-EL-0119 | D27: LV Single Line Diagram Typical For Data Hall PDU | E27: 523213-01-RFAS-EL-0024 | F27: SLD | G27: Ao | H27: 46041 | I27: 46044 | J27: =I27+7 -> 46051 | K27: 0 | L27: STT | M27: Pending | O27: GC | Q27: 46044 | R27: 46050 | S27: 46051 | BJ27: YES
A28: 25 | B28: Electrical | C28: 523213-01-SDW-EL-0119-1 | D28: LV Single Line Diagram PDU For MDF Room A | G28: Ao | O28: GC
A29: 26 | B29: Electrical | C29: 523213-01-SDW-EL-0119-2 | D29: LV Single Line Diagram PDU For MDF Room B | G29: Ao | O29: GC
A30: 27 | B30: Electrical | C30: 523213-01-SDW-EL-0119-3 | D30: LV Single Line Diagram PDU For MDF Room C | G30: Ao | O30: GC
A31: 28 | B31: Electrical | C31: 523213-01-SDW-EL-0120 | D31: DC Supply Schematic For HV Equipment | E31: 523213-01-RFAS-EL-0025 | F31: SLD | G31: Ao | H31: 46041 | I31: 46044 | J31: =I31+7 -> 46051 | K31: 0 | L31: STT | M31: Pending | O31: GC | Q31: 46044 | R31: 46050 | S31: 46052 | BJ31: NO
A32: 29 | B32: Electrical | C32: 523213-01-SDW-EL-0121 | D32: LV Single Line Diagram For Fan Wall UPS For Level 2 | E32: 523213-01-RFAS-EL-0026 | F32: SLD | G32: Ao | H32: 46045 | I32: 46046 | J32: =I32+7 -> 46053 | K32: 0 | L32: STT | M32: Pending | O32: GC | Q32: 46046 | R32: 46050 | S32: 46052 | BJ32: NO
A33: 30 | B33: Electrical | C33: 523213-01-SDW-EL-0122 | D33: LV Single Line Diagram For Fan Wall UPS For Level 3 | E33: 523213-01-RFAS-EL-0027 | F33: SLD | G33: Ao | H33: 46045 | I33: 46046 | J33: =I33+7 -> 46053 | K33: 0 | L33: STT | M33: Pending | O33: GC | Q33: 46046 | R33: 46050 | S33: 46052 | BJ33: NO
A34: 31 | B34: Electrical | C34: 523213-01-SDW-EL-0123 | D34: LV Single Line Diagram For Fan Wall UPS For Level 4 | E34: 523213-01-RFAS-EL-0028 | F34: SLD | G34: Ao | H34: 46045 | I34: 46046 | J34: =I34+7 -> 46053 | K34: 0 | L34: STT | M34: Pending | O34: GC | Q34: 46046 | R34: 46050 | S34: 46052 | BJ34: NO
A35: 32 | B35: Electrical | C35: 523213-01-SDW-EL-0124 | D35: LV Single Line Diagram For Fan Wall UPS For Level 5 | E35: 523213-01-RFAS-EL-0029 | F35: SLD | G35: Ao | H35: 46045 | I35: 46046 | J35: =I35+7 -> 46053 | K35: 0 | L35: STT | M35: Pending | O35: GC | Q35: 46046 | R35: 46050 | S35: 46052 | BJ35: NO
A36: 33 | B36: Electrical | C36: 523213-01-SDW-EL-0125 | D36: LV Single Line Diagram For Fan Wall OUSB For Level 2 and Level 3 | E36: 523213-01-RFAS-EL-0030 | F36: SLD | G36: Ao | H36: 46045 | I36: 46046 | J36: =I36+7 -> 46053 | K36: 0 | L36: STT | M36: Pending | O36: GC | Q36: 46046 | R36: 46049 | S36: 46052 | BJ36: NO
A37: 34 | B37: Electrical | C37: 523213-01-SDW-EL-0126 | D37: LV Single Line Diagram For Fan Wall OUSB For Level 4 and Level 5 | E37: 523213-01-RFAS-EL-0031 | F37: SLD | G37: Ao | H37: 46045 | I37: 46046 | J37: =I37+7 -> 46053 | K37: 0 | L37: STT | M37: Pending | O37: GC | Q37: 46046 | R37: 46049 | S37: 46052 | BJ37: NO
A38: 35 | B38: Electrical | C38: 523213-01-SDW-EL-0130 | D38: LV Single Line Diagram For Load Bank | E38: 523213-01-RFAS-EL-0032 | F38: SLD | G38: Ao | H38: 46041 | I38: 46046 | J38: =I38+7 -> 46053 | K38: 0 | L38: STT | M38: Pending | O38: GC | Q38: 46046 | R38: 46049 | S38: 46055 | BJ38: YES
A39: 36 | B39: Electrical | C39: 523213-01-SDW-EL-0140 | D39: LV Single Line Diagram For Chiller Plant MSSB | E39: 523213-01-RFAS-EL-0033 | F39: SLD | G39: Ao | H39: 46045 | I39: 46055 | J39: =I39+7 -> 46062 | K39: 0 | L39: STT | M39: Pending | O39: GC | Q39: 46055 | R39: 46057 | S39: 46062 | BJ39: NO
A40: 37 | B40: Electrical | C40: 523213-01-SDW-EL-0141 | D40: LV Single Line Diagram For Building NON-IT UPS | E40: 523213-01-RFAS-EL-0034 | F40: SLD | G40: Ao | H40: 46045 | I40: 46055 | J40: =I40+7 -> 46062 | K40: 0 | L40: STT | M40: Pending | O40: GC | Q40: 46055 | R40: 46057 | S40: 46062 | BJ40: NO
A41: 38 | B41: Electrical | C41: 523213-01-SDW-EL-0142 | D41: LV Single Line Diagram For Building Load Sheet 1 | E41: 523213-01-RFAS-EL-0035 | F41: SLD | G41: Ao | H41: 46045 | I41: 46058 | J41: =I41+7 -> 46065 | K41: 0 | L41: AUR | M41: Pending | O41: GC | Q41: 46058 | R41: 46064 | BJ41: NO
A42: 39 | B42: Electrical | C42: 523213-01-SDW-EL-0143 | D42: LV Single Line Diagram For Building Load Sheet 2 | E42: 523213-01-RFAS-EL-0036 | F42: SLD | G42: Ao | H42: 46045 | I42: 46058 | J42: =I42+7 -> 46065 | K42: 0 | L42: AUR | M42: Pending | O42: GC | Q42: 46058 | R42: 46064 | BJ42: NO
A43: 40 | B43: Electrical | C43: 523213-01-SDW-EL-0144 | D43: LV Single Line Diagram For Building Load Sheet 3 | E43: 523213-01-RFAS-EL-0037 | F43: SLD | G43: Ao | H43: 46045 | I43: 46062 | J43: =I43+7 -> 46069 | K43: 0 | L43: CTA | M43: Pending | O43: GC | Q43: 46062 | BJ43: NO
A44: 41 | B44: Electrical | C44: 523213-01-SDW-EL-0145 | D44: LV Single Line Diagram For Building Load Sheet 4 | E44: 523213-01-RFAS-EL-0038 | F44: SLD | G44: Ao | H44: 46045 | I44: 46062 | J44: =I44+7 -> 46069 | K44: 0 | L44: CTA | M44: Pending | O44: GC | Q44: 46062 | BJ44: NO
A45: 42 | B45: Electrical | C45: 523213-01-SDW-EL-0146 | D45: LV Single Line Diagram For Building Load Sheet 5 | E45: 523213-01-RFAS-EL-0039 | F45: SLD | G45: Ao | H45: 46045 | I45: 46062 | J45: =I45+7 -> 46069 | K45: 0 | L45: CTA | M45: Pending | O45: GC | Q45: 46062 | BJ45: NO
A46: 43 | B46: Electrical | C46: 523213-01-SDW-EL-0147 | D46: LV Single Line Diagram For Building Load Sheet 6 | E46: 523213-01-RFAS-EL-0040 | F46: SLD | G46: Ao | H46: 46045 | I46: 46062 | J46: =I46+7 -> 46069 | K46: 0 | L46: CTA | M46: Pending | O46: GC | Q46: 46062 | BJ46: NO
A47: 44 | B47: Electrical | C47: 523213-01-SDW-EL-0170 | D47: Automatic Fire Detection And Alarm System Schematic | E47: 523213-01-RFAS-EL-0041 | F47: FA | G47: Eimon | H47: 46048 | J47: =I47+7 -> 7 | O47: GC | P47: Pending RFI-EL-0007,RFI-EL-0022,RFI-EL-0029 | BJ47: NO
A48: 45 | B48: Electrical | C48: 523213-01-SDW-EL-0171 | D48: Public Address And Voice Alarm System Schematic | E48: 523213-01-RFAS-EL-0042 | F48: PA | G48: Eimon | H48: 46052 | J48: =I48+7 -> 7 | O48: GC | P48: ENG Review. Pending RFI-EL-0021 | BJ48: NO
A49: 46 | B49: Electrical | C49: 523213-01-SDW-EL-0172 | D49: Lighting Control System Schematic | E49: 523213-01-RFAS-EL-0043 | F49: LTG-C | G49: Tone-Pang | H49: 46057 | O49: GC | P49: ENG Review. RFI-EL-0021 | BJ49: NO
A50: 47 | B50: Electrical | C50: 523213-01-SDW-EL-0173 | D50: Data Cabling System Schematic | E50: 523213-01-RFAS-EL-0044 | F50: DATA | G50: May | H50: 46062 | I50: 46062 | J50: =I50+7 -> 46069 | K50: 0 | L50: CTA | M50: Pending | O50: GC | P50: ENG Review. RFI-EL-0021 | Q50: 46062 | BJ50: YES
A51: 48 | B51: Electrical | C51: 523213-01-SDW-EL-0174 | D51: Overall Security System Schematic | E51: 523213-01-RFAS-EL-0045 | F51: SEC | G51: Mon Max | H51: 46073 | J51: =I51+7 -> 7 | O51: GC | P51: ENG Review. RFI-EL-0021 | BJ51: YES
A52: 49 | B52: Electrical | C52: 523213-01-SDW-EL-0175 | D52: Lightning Protection And Grounding System Schematic | E52: 523213-01-RFAS-EL-0046 | F52: EARTH | G52: Ao | H52: 46045 | J52: =I52+7 -> 7 | O52: GC | P52: ENG Review. RFI-EL-0021 | BJ52: NO
A53: 50 | B53: Electrical | C53: 523213-01-SDW-EL-0176 | D53: Building Management System Schematic | E53: 523213-01-RFAS-EL-0047 | F53: ECMS | G53: Jang | H53: 46080 | J53: =I53+7 -> 7 | O53: GC | P53: ENG Review. RFI-EL-0021 | BJ53: YES
A54: 51 | B54: Electrical | C54: 523213-01-SDW-EL-0177 | D54: Electrical Power Monitoring System Schematic | E54: 523213-01-RFAS-EL-0048 | F54: ECMS | G54: Jang | H54: 46080 | J54: =I54+7 -> 7 | O54: GC | P54: ENG Review. RFI-EL-0021 | BJ54: YES
A55: 52 | B55: Electrical | C55: 523213-01-SDW-EL-0178 | D55: Chiller Management System Schematic | E55: 523213-01-RFAS-EL-0049 | F55: ECMS | G55: Jang | H55: 46080 | J55: =I55+7 -> 7 | O55: GC | P55: ENG Review. RFI-EL-0021 | BJ55: YES
A56: 53 | B56: Electrical | C56: 523213-03-SDW-EL-0179 | D56: Load Schedule For Level 1 | E56: 523213-01-RFAS-EL-0050 | F56: LOAD | G56: Tong | H56: 46052 | J56: =I56+7 -> 7 | O56: GC | P56: ENG Review. Pending RFI-EL-0001,0014,0016,0017,0021 | BJ56: NO
A57: 54 | B57: Electrical | C57: 523213-04-SDW-EL-0180 | D57: Load Schedule For Level 2 | E57: 523213-01-RFAS-EL-0051 | F57: LOAD | G57: Tong | H57: 46052 | J57: =I57+7 -> 7 | O57: GC | P57: ENG Review. Pending RFI-EL-0001,0014,0016,0017,0021 | BJ57: NO
A58: 55 | B58: Electrical | C58: 523213-05-SDW-EL-0181 | D58: Load Schedule For Level 6 | E58: 523213-01-RFAS-EL-0052 | F58: LOAD | G58: Tong | H58: 46052 | J58: =I58+7 -> 7 | O58: GC | P58: ENG Review. Pending RFI-EL-0001,0014,0016,0017,0021 | BJ58: NO
A59: 56 | B59: Electrical | C59: 523213-01-SDW-EL-0220 | D59: Fuel System Schematic | E59: 523213-01-RFAS-EL-0053 | F59: ECMS | G59: May | H59: 46106 | J59: =I59+7 -> 7 | O59: GC | BJ59: YES
A60: 57 | B60: Electrical | C60: 523213-01-SDW-EL-0300 | D60: Ecms (Bms) Point List For Level 1 | E60: 523213-01-RFAS-EL-0054 | F60: ECMS | G60: Jang-May | H60: TBC-CX | J60: =I60+7 -> 7 | O60: GC | BJ60: NO
A61: 59 | B61: Electrical | C61: 523213-02-SDW-EL-0311 | D61: Ecms (Pms) Point List For Level 1 | E61: 523213-01-RFAS-EL-0055 | F61: ECMS | G61: Jang-May | H61: TBC-CX | J61: =I61+7 -> 7 | O61: GC | BJ61: NO
A62: 60 | B62: Electrical | C62: 523213-02-SDW-EL-0312 | D62: Ecms (Ems) Point List For Level 1 | E62: 523213-01-RFAS-EL-0056 | F62: ECMS | G62: Jang-May | H62: TBC-CX | J62: =I62+7 -> 7 | O62: GC | BJ62: NO
A63: 61 | B63: Electrical | C63: 523213-02-SDW-EL-0320 | D63: Ecms (Bms) Point List For Level 2 | E63: 523213-01-RFAS-EL-0057 | F63: ECMS | G63: Jang-May | H63: TBC-CX | J63: =I63+7 -> 7 | O63: GC | BJ63: NO
A64: 62 | B64: Electrical | C64: 523213-02-SDW-EL-0321 | D64: Ecms (Pms) Point List For Level 2 | E64: 523213-01-RFAS-EL-0058 | F64: ECMS | G64: Jang-May | H64: TBC-CX | J64: =I64+7 -> 7 | O64: GC | BJ64: NO
A65: 63 | B65: Electrical | C65: 523213-02-SDW-EL-0322 | D65: Ecms (Ems) Point List For Level 2 | E65: 523213-01-RFAS-EL-0059 | F65: ECMS | G65: Jang-May | H65: TBC-CX | J65: =I65+7 -> 7 | O65: GC | BJ65: NO
A66: 64 | B66: Electrical | C66: 523213-02-SDW-EL-0360 | D66: Ecms (Bms) Point List For Level 6 | E66: 523213-01-RFAS-EL-0060 | F66: ECMS | G66: Jang-May | H66: TBC-CX | J66: =I66+7 -> 7 | O66: GC | BJ66: NO
A67: 65 | B67: Electrical | C67: 523213-02-SDW-EL-0361 | D67: Ecms (Pms) Point List For Level 6 | E67: 523213-01-RFAS-EL-0061 | F67: ECMS | G67: Jang-May | H67: TBC-CX | J67: =I67+7 -> 7 | O67: GC | BJ67: NO
A68: 66 | B68: Electrical | C68: 523213-02-SDW-EL-0362 | D68: Ecms (Ems) Point List For Level 6 | E68: 523213-01-RFAS-EL-0062 | F68: ECMS | G68: Jang-May | H68: TBC-CX | J68: =I68+7 -> 7 | O68: GC | BJ68: NO
A69: 67 | B69: Electrical | C69: 523213-01-SDW-EL-0400 | D69: Lighting Control Schematic Diagram For Level 1 | E69: 523213-01-RFAS-EL-0063 | F69: LTG-C | G69: Tone-Pang | H69: 46078 | J69: =I69+7 -> 7 | O69: GC | BJ69: NO
A70: 68 | B70: Electrical | C70: 523213-01-SDW-EL-0401 | D70: Lighting Control Schematic Diagram For Level 2 | E70: 523213-01-RFAS-EL-0064 | F70: LTG-C | G70: Tone-Pang | H70: 46064 | J70: =I70+7 -> 7 | O70: GC | BJ70: NO
A71: 69 | B71: Electrical | C71: 523213-01-SDW-EL-0402 | D71: Lighting Control Schematic Diagram For Level 6 | E71: 523213-01-RFAS-EL-0065 | F71: LTG-C | G71: Tone-Pang | H71: 46071 | J71: =I71+7 -> 7 | O71: GC | BJ71: NO
A72: 70 | B72: Electrical | C72: 523213-01-SDW-EL-0500 | D72: Data Schematic Diagram For Level 1 | E72: 523213-01-RFAS-EL-0066 | F72: DATA | G72: May | H72: 46069 | J72: =I72+7 -> 7 | O72: GC | BJ72: NO
A73: 71 | B73: Electrical | C73: 523213-01-SDW-EL-0501 | D73: Data Schematic Diagram For Level 2 | E73: 523213-01-RFAS-EL-0067 | F73: DATA | G73: May | H73: 46062 | I73: 46062 | J73: =I73+7 -> 46069 | K73: 0 | L73: CTA | M73: Pending | O73: GC | Q73: 46062 | BJ73: NO
A74: 72 | B74: Electrical | C74: 523213-01-SDW-EL-0502 | D74: Data Schematic Diagram For Level 6 | E74: 523213-01-RFAS-EL-0068 | F74: DATA | G74: May | H74: 46069 | J74: =I74+7 -> 7 | O74: GC | BJ74: NO
A75: 74 | B75: Electrical | C75: 523213-01-SDW-EL-0601 | D75: Fire Alarm Schematic Diagram For Level 2 | E75: 523213-01-RFAS-EL-0070 | F75: FA | G75: Max-Emon | H75: 46052 | J75: =I75+7 -> 7 | O75: GC | P75: Pending RFI-EL-0007,RFI-EL-0022,RFI-EL-0029 | BJ75: NO
A76: 75 | B76: Electrical | C76: 523213-01-SDW-EL-0602 | D76: Fire Alarm Schematic Diagram For Level 6 | E76: 523213-01-RFAS-EL-0071 | F76: FA | G76: Max-Emon | H76: 46058 | J76: =I76+7 -> 7 | O76: GC | P76: Pending RFI-EL-0007,RFI-EL-0022,RFI-EL-0029 | BJ76: NO
A77: 73 | B77: Electrical | C77: 523213-01-SDW-EL-0600 | D77: Fire Alarm Schematic Diagram For Level 1 | E77: 523213-01-RFAS-EL-0069 | F77: FA | G77: Max-Emon | H77: 46065 | J77: =I77+7 -> 7 | O77: GC | P77: Pending RFI-EL-0007,RFI-EL-0022,RFI-EL-0029 | BJ77: NO
A78: 76 | B78: Electrical | C78: 523213-01-SDW-EL-0603 | D78: Fire Alarm Temincal Box Diagram For Level 1 | E78: 523213-01-RFAS-EL-0072 | F78: FA | G78: Max-Emon | H78: 46055 | J78: =I78+7 -> 7 | O78: GC | P78: Pending subcon submit | BJ78: NO
A79: 77 | B79: Electrical | C79: 523213-01-SDW-EL-0604 | D79: Fire Alarm Temincal Box Diagram For Level 2 | E79: 523213-01-RFAS-EL-0073 | F79: FA | G79: Max-Emon | H79: 46055 | J79: =I79+7 -> 7 | O79: GC | P79: Pending subcon submit | BJ79: NO
A80: 78 | B80: Electrical | C80: 523213-01-SDW-EL-0605 | D80: Fire Alarm Temincal Box Diagram For Level 6 | E80: 523213-01-RFAS-EL-0074 | F80: FA | G80: Max-Emon | H80: 46055 | J80: =I80+7 -> 7 | O80: GC | P80: Pending subcon submit | BJ80: NO
A81: 79 | B81: Electrical | C81: 523213-01-SDW-EL-0610 | D81: Public Address Schematic Diagram For Level 1 | E81: 523213-01-RFAS-EL-0075 | F81: PA | G81: Max-Emon | H81: 46067 | J81: =I81+7 -> 7 | O81: GC | BJ81: NO
A82: 80 | B82: Electrical | C82: 523213-01-SDW-EL-0611 | D82: Public Address Schematic Diagram For Level 2 | E82: 523213-01-RFAS-EL-0076 | F82: PA | G82: Max-Emon | H82: 46052 | I82: 46065 | J82: =I82+7 -> 46072 | K82: 0 | L82: CTA | M82: Pending | O82: GC | Q82: 46065 | BJ82: NO
A83: 81 | B83: Electrical | C83: 523213-01-SDW-EL-0612 | D83: Public Address Schematic Diagram For Level 6 | E83: 523213-01-RFAS-EL-0077 | F83: PA | G83: Max-Emon | H83: 46060 | J83: =I83+7 -> 7 | O83: GC | BJ83: NO
A84: 82 | B84: Electrical | C84: 523213-01-SDW-EL-0620 | D84: Pre-Action Schematic Diagram For Level 1 | E84: 523213-01-RFAS-EL-0078 | F84: FI | H84: 46059 | J84: =I84+7 -> 7 | O84: GC | P84: Please Cancel from EL to FI | BJ84: NO
A85: 83 | B85: Electrical | C85: 523213-01-SDW-EL-0621 | D85: Pre-Action Schematic Diagram For Level 2 | E85: 523213-01-RFAS-EL-0079 | F85: FI | H85: 46059 | J85: =I85+7 -> 7 | O85: GC | P85: Please Cancel from EL to FI | BJ85: NO
A86: 84 | B86: Electrical | C86: 523213-01-SDW-EL-0622 | D86: Pre-Action Schematic Diagram For Level 6 | E86: 523213-01-RFAS-EL-0080 | F86: FI | H86: 46059 | J86: =I86+7 -> 7 | O86: GC | P86: Please Cancel from EL to FI | BJ86: NO
A87: 85 | B87: Electrical | C87: 523213-01-SDW-EL-0630 | D87: Aspirated Smoke Detection System Diagram For Level 1 | E87: 523213-01-RFAS-EL-0081 | F87: ASD | G87: May | H87: 46100 | J87: =I87+7 -> 7 | O87: GC | BJ87: NO
A88: 86 | B88: Electrical | C88: 523213-01-SDW-EL-0631 | D88: Aspirated Smoke Detection System Diagram For Level 2 | E88: 523213-01-RFAS-EL-0082 | F88: ASD | G88: May | H88: 46093 | J88: =I88+7 -> 7 | O88: GC | BJ88: NO
A89: 87 | B89: Electrical | C89: 523213-01-SDW-EL-0631 | D89: Aspirated Smoke Detection System Diagram For Level 3 | E89: 523213-01-RFAS-EL-0083 | F89: ASD | G89: May | H89: 46093 | J89: =I89+7 -> 7 | O89: GC | BJ89: NO
A90: 88 | B90: Electrical | C90: 523213-01-SDW-EL-0632 | D90: Aspirated Smoke Detection System Diagram For Level 6 | E90: 523213-01-RFAS-EL-0084 | F90: ASD | G90: May | H90: 46100 | J90: =I90+7 -> 7 | O90: GC | BJ90: NO
A91: 89 | B91: Electrical | C91: 523213-01-SDW-EL-0700 | D91: Security (Cctv) Schematic Diagram For Level 1 | E91: 523213-01-RFAS-EL-0085 | F91: SEC | G91: Eimon | H91: 46098 | J91: =I91+7 -> 7 | O91: GC | P91: RFI-EL-0019 | BJ91: NO
A92: 90 | B92: Electrical | C92: 523213-01-SDW-EL-0701 | D92: Security (Cctv) Schematic Diagram For Level 2 | E92: 523213-01-RFAS-EL-0086 | F92: SEC | G92: Eimon | H92: 46084 | J92: =I92+7 -> 7 | O92: GC | BJ92: NO
A93: 91 | B93: Electrical | C93: 523213-01-SDW-EL-0702 | D93: Security (Cctv) Schematic Diagram For Level 6 | E93: 523213-01-RFAS-EL-0087 | F93: SEC | G93: Eimon | H93: 46091 | J93: =I93+7 -> 7 | O93: GC | BJ93: NO
A94: 92 | B94: Electrical | C94: 523213-01-SDW-EL-0703 | D94: Security (Cctv) Schematic Diagram For Level Roof | E94: 523213-01-RFAS-EL-0088 | F94: SEC | G94: Eimon | H94: 46105 | J94: =I94+7 -> 7 | O94: GC | BJ94: NO
A95: 93 | B95: Electrical | C95: 523213-01-SDW-EL-0710 | D95: Security (Acs) Schematic Diagram For Level 1 | E95: 523213-01-RFAS-EL-0089 | F95: SEC | G95: Eimon | H95: 46098 | J95: =I95+7 -> 7 | O95: GC | BJ95: NO
A96: 94 | B96: Electrical | C96: 523213-01-SDW-EL-0711 | D96: Security (Acs) Schematic Diagram For Level 2 | E96: 523213-01-RFAS-EL-0090 | F96: SEC | G96: Eimon | H96: 46084 | J96: =I96+7 -> 7 | O96: GC | BJ96: NO
A97: 95 | B97: Electrical | C97: 523213-01-SDW-EL-0712 | D97: Security (Acs) Schematic Diagram For Level 6 | E97: 523213-01-RFAS-EL-0091 | F97: SEC | G97: Eimon | H97: 46091 | J97: =I97+7 -> 7 | O97: GC | BJ97: NO
A98: 96 | B98: Electrical | C98: 523213-01-SDW-EL-0713 | D98: Security (Acs) Schematic Diagram For Level Roof | E98: 523213-01-RFAS-EL-0092 | F98: SEC | G98: Eimon | H98: 46105 | J98: =I98+7 -> 7 | O98: GC | BJ98: NO
A99: 97 | B99: Electrical | C99: 523213-01-SDW-EL-1000 | D99: TX | E99: 523213-01-RFAS-EL-0093 | F99: FACTORY | G99: Max | H99: TBC | J99: =I99+7 -> 7 | O99: LLE | BJ99: YES
A100: 98 | B100: Electrical | C100: 523213-01-SDW-EL-1001 | D100: HVSB | E100: 523213-01-RFAS-EL-0094 | F100: FACTORY | G100: Max | H100: TBC | J100: =I100+7 -> 7 | O100: LLE | BJ100: YES
...

Sheet ME
A1: Status: (A) Approved with No Comments, (B) Approved with Comments, (C) Revise & Resubmit | N1: Action by | O1: GAA | P1: CTA | Q1: AUR
A2: S/N | B2: Trade | C2: SDW Doc No. | E2: RFAS Doc No. | F2: Planned Submission | G2: Submission Date | H2: Consultant Respond Date | I2: Rev | J2: Action | K2: Status | L2: Approval Date | M2: Scope | N2: Remarks | O2: Rev 0 | T2: Rev 1 | Y2: Rev 2 | AD2: Rev 3 | AI2: Rev 4 | AN2: Rev 5 | AS2: Required Review by STT's Engineering Team (YES/NO)
O3: Submitted | P3: CTA | Q3: AUR | R3: STT | S3: Status | T3: Submitted | U3: CTA | V3: AUR | W3: STT | X3: Status | Y3: Submitted | Z3: CTA | AA3: AUR | AB3: STT | AC3: Status | AD3: Submitted | AE3: CTA | AF3: AUR | AG3: STT | AH3: Status | AI3: Submitted | AJ3: CTA | AK3: AUR | AL3: STT | AM3: Status | AN3: Submitted | AO3: CTA | AP3: AUR | AQ3: STT | AR3: Status
A4: 1 | B4: Mechanical | C4: 523213-01-SDW-ME-0001 | D4: Mechanical Drawing Index | E4: 523213-01-RFAS-ME-0001 | H4: =G4+7 -> 7 | M4: GC | AS4: NO
A5: =A4+1 -> 2 | B5: Mechanical | C5: 523213-01-SDW-ME-0010 | D5: Mechanical Legend & Abbreviation | E5: 523213-01-RFAS-ME-0002 | F5: 46034 | G5: 46034 | H5: =G5+7 -> 46041 | I5: 0 | J5: AUR | K5: Pending | M5: GC | O5: 46034 | P5: 46055 | AS5: NO
A6: =A5+1 -> 3 | B6: Mechanical | C6: 523213-01-SDW-ME-0020 | D6: ACMV Air Side Schematic | E6: 523213-01-RFAS-ME-0003 | F6: =F5+7 -> 46041 | G6: 46062 | H6: =G6+7 -> 46069 | I6: 0 | J6: AUR | K6: Pending | M6: GC | O6: 46062 | P6: 46065 | AS6: YES
A7: =A6+1 -> 4 | B7: Mechanical | C7: 523213-01-SDW-ME-0030 | D7: Stair And Fireman Lift Lobby Pressurization Schematic | E7: 523213-01-RFAS-ME-0004 | F7: 46041 | G7: 46041 | H7: =G7+7 -> 46048 | I7: 0 | J7: AUR | K7: Pending | M7: GC | O7: 46041 | P7: 46055 | AS7: YES
A8: =A7+1 -> 5 | B8: Mechanical | C8: 523213-01-SDW-ME-0040 | D8: ACMV Piping System Schematic - Risers - Sheet 1 | E8: 523213-01-RFAS-ME-0005 | F8: 46058 | H8: =G8+7 -> 7 | M8: GC | N8: Eng Review | AS8: YES
A9: =A8+1 -> 6 | B9: Mechanical | C9: 523213-01-SDW-ME-0041 | D9: ACMV Piping System Schematic - Risers - Sheet 2 | F9: 46058 | M9: GC | N9: Eng Review | AS9: YES
A10: =A9+1 -> 7 | B10: Mechanical | C10: 523213-01-SDW-ME-0050 | D10: ACMV Piping System Schematic - Chiller Plant | E10: 523213-01-RFAS-ME-0006 | F10: 46060 | H10: =G10+7 -> 7 | M10: GC | N10: Eng Review | AS10: YES
A11: =A10+1 -> 8 | B11: Mechanical | C11: 523213-01-SDW-ME-0060 | D11: Equipment Schedule | E11: 523213-01-RFAS-ME-0007 | F11: 46078 | H11: =G11+7 -> 7 | M11: GC | N11: Check with RFI No.523213-01-RFI-ME-0011 | AS11: YES
A12: =A11+1 -> 9 | B12: Mechanical | C12: 523213-01-SDW-ME-1100 | D12: Level 1 - Ducting Layout Plan | E12: 523213-01-RFAS-ME-0008 | F12: =F18+14 -> 46083 | H12: =G12+7 -> 7 | M12: GC | N12: Check with RFI No.523213-01-RFI-ME-0013, ME-0005 | AS12: NO
A13: =A12+1 -> 10 | B13: Mechanical | C13: 523213-01-SDW-ME-1200 | D13: Level 2 - Ducting Layout Plan | E13: 523213-01-RFAS-ME-0009 | F13: 46062 | G13: 46062 | H13: =G13+7 -> 46069 | I13: 0 | J13: GAA | K13: C | L13: 46065 | M13: GC | O13: 46062 | P13: 46065 | S13: C | AS13: NO
A14: =A13+1 -> 11 | B14: Mechanical | C14: 523213-01-SDW-ME-1600 | D14: Level 6 - Ducting Layout Plan | E14: 523213-01-RFAS-ME-0010 | F14: =F16+7 -> 46097 | H14: =G14+7 -> 7 | M14: GC | AS14: NO
A15: =A14+1 -> 12 | B15: Mechanical | C15: 523213-01-SDW-ME-1700 | D15: Level Roof - Ducting Layout Plan | E15: 523213-01-RFAS-ME-0011 | F15: =F25 -> 46118 | H15: =G15+7 -> 7 | M15: GC | AS15: NO
A16: =A15+1 -> 13 | B16: Mechanical | C16: 523213-01-SDW-ME-2100 | D16: Level 1 - ACMV Pipe Routing Layout Plan | E16: 523213-01-RFAS-ME-0012 | F16: =F12+7 -> 46090 | H16: =G16+7 -> 7 | M16: GC | N16: Check with RFI No.523213-01-RFI-ME-0014, ME-0005 | AS16: NO
A17: =A16+1 -> 14 | B17: Mechanical | C17: 523213-01-SDW-ME-2110 | D17: Level 1 - Condensate Drain PIpe Routing Layout Plan | E17: 523213-01-RFAS-ME-0013 | F17: =F16 -> 46090 | H17: =G17+7 -> 7 | M17: GC | AS17: NO
A18: =A17+1 -> 15 | B18: Mechanical | C18: 523213-01-SDW-ME-2200 | D18: Level 2 - ACMV Pipe Routing Layout Plan | E18: 523213-01-RFAS-ME-0014 | F18: =F13+7 -> 46069 | H18: =G18+7 -> 7 | M18: GC | N18: Check with RFI No.523213-01-RFI-ME-0014 | AS18: YES
A19: =A18+1 -> 16 | B19: Mechanical | C19: 523213-01-SDW-ME-2210 | D19: Level 2 - Condensate Drain Pipe Routing Layout Plan | E19: 523213-01-RFAS-ME-0015 | F19: =F18 -> 46069 | H19: =G19+7 -> 7 | M19: GC | AS19: NO
A20: =A19+1 -> 17 | B20: Mechanical | C20: 523213-01-SDW-ME-2220 | D20: Level 2 - Liquid Cooling Pipe Routing Layout Plan | E20: 523213-01-RFAS-ME-0016 | F20: =F19 -> 46069 | H20: =G20+7 -> 7 | M20: GC | AS20: YES
A21: =A20+1 -> 18 | B21: Mechanical | C21: 523213-01-SDW-ME-2600 | D21: Level 6 - ACMV Pipe Routing Layout Plan | E21: 523213-01-RFAS-ME-0017 | F21: =F14+14 -> 46111 | H21: =G21+7 -> 7 | M21: GC | N21: Check with RFI No.523213-01-RFI-ME-0014 | AS21: YES
A22: =A21+1 -> 19 | B22: Mechanical | C22: 523213-01-SDW-ME-2610 | D22: Level 6 - Condensate Drain Pipe Routing Layout Plan | E22: 523213-01-RFAS-ME-0018 | F22: =F21 -> 46111 | H22: =G22+7 -> 7 | M22: GC | AS22: NO
A23: =A22+1 -> 20 | B23: Mechanical | C23: 523213-01-SDW-ME-2620 | D23: Level 6 - Liquid Cooling Pipe Routing Layout Plan | E23: 523213-01-RFAS-ME-0019 | F23: =F22 -> 46111 | H23: =G23+7 -> 7 | M23: GC | AS23: YES
A24: =A23+1 -> 21 | B24: Mechanical | C24: 523213-01-SDW-ME-2700 | D24: Level Roof - ACMV Pipe Routing Layout Plan | E24: 523213-01-RFAS-ME-0020 | F24: =F23+7 -> 46118 | H24: =G24+7 -> 7 | M24: GC | N24: Check with RFI No.523213-01-RFI-ME-0014 | AS24: YES
A25: =A24+1 -> 22 | B25: Mechanical | C25: 523213-01-SDW-ME-2710 | D25: Level Roof - Liquid Cooling Pipe Routing Layout Plan | E25: 523213-01-RFAS-ME-0021 | F25: =F24 -> 46118 | H25: =G25+7 -> 7 | M25: GC | AS25: YES
A26: =A25+1 -> 23 | B26: Mechanical | C26: 523213-01-SDW-ME-3100 | D26: Level 1 - Gas Leak Detection Layout Plan | E26: 523213-01-RFAS-ME-0022 | F26: =F16+7 -> 46097 | H26: =G26+7 -> 7 | M26: GC | AS26: YES
A27: =A26+1 -> 24 | B27: Mechanical | C27: 523213-01-SDW-ME-3110 | D27: Level 1 - Water And Fuel Leak Detection Layout Plan | E27: 523213-01-RFAS-ME-0023 | F27: =F26 -> 46097 | H27: =G27+7 -> 7 | M27: GC | AS27: NO
A28: =A27+1 -> 25 | B28: Mechanical | C28: 523213-01-SDW-ME-3111 | D28: Level 1 - Space Temperature And Humidity Sensor Layout Plan | E28: 523213-01-RFAS-ME-0024 | F28: =F27 -> 46097 | H28: =G28+7 -> 7 | M28: GC | AS28: YES
A29: =A28+1 -> 26 | B29: Mechanical | C29: 523213-01-SDW-ME-3200 | D29: Level 2 - Gas Leak Detection Layout Plan | E29: 523213-01-RFAS-ME-0025 | F29: =F18+7 -> 46076 | H29: =G29+7 -> 7 | M29: GC | AS29: YES
A30: =A29+1 -> 27 | B30: Mechanical | C30: 523213-01-SDW-ME-3210 | D30: Level 2 - Water And Fuel Leak Detection Layout Plan | E30: 523213-01-RFAS-ME-0026 | F30: =F29 -> 46076 | H30: =G30+7 -> 7 | M30: GC | AS30: NO
A31: =A30+1 -> 28 | B31: Mechanical | C31: 523213-01-SDW-ME-3220 | D31: Level 2 - Space Temperature And Humidity Sensor Layout Plan | E31: 523213-01-RFAS-ME-0027 | F31: =F30 -> 46076 | H31: =G31+7 -> 7 | M31: GC | AS31: YES
A32: =A31+1 -> 29 | B32: Mechanical | C32: 523213-01-SDW-ME-3230 | D32: Level 2 - Fan Wall Sensor Layout And Details | E32: 523213-01-RFAS-ME-0028 | F32: =F31 -> 46076 | H32: =G32+7 -> 7 | M32: GC | AS32: YES
A33: =A32+1 -> 30 | B33: Mechanical | C33: 523213-01-SDW-ME-3600 | D33: Level 6 - Fuel Leak Detection Layout Plan | E33: 523213-01-RFAS-ME-0029 | F33: =F24 -> 46118 | H33: =G33+7 -> 7 | M33: GC | AS33: NO
A34: =A33+1 -> 31 | B34: Mechanical | C34: 523213-01-SDW-ME-4100 | D34: Level 1 - Cms Cable Routing Layout Plan | E34: 523213-01-RFAS-ME-0030 | F34: =F35+21 -> 46146 | H34: =G34+7 -> 7 | M34: GC | AS34: NO
A35: =A34+1 -> 32 | B35: Mechanical | C35: 523213-01-SDW-ME-4200 | D35: Level 2 - Cms Cable Routing Layout Plan | E35: 523213-01-RFAS-ME-0031 | F35: =F33+7 -> 46125 | H35: =G35+7 -> 7 | M35: GC | AS35: NO
A36: =A35+1 -> 33 | B36: Mechanical | C36: 523213-01-SDW-ME-4600 | D36: Level 6 - Cms Cable Routing Layout Plan | E36: 523213-01-RFAS-ME-0032 | F36: =F34 -> 46146 | H36: =G36+7 -> 7 | M36: GC | AS36: NO
A37: =A36+1 -> 34 | B37: Mechanical | C37: 523213-01-SDW-ME-5000 | D37: Typical Detail | E37: 523213-01-RFAS-ME-0033 | F37: =F5+14 -> 46048 | G37: 46048 | H37: =G37+7 -> 46055 | I37: 0 | J37: AUR | K37: Pending | M37: GC | O37: 46048 | P37: 46055 | AS37: NO
A38: =A37+1 -> 35 | B38: Mechanical | C38: 523213-01-SDW-ME-6000 | D38: Mechanical Service Electrical Single Line Diagram Sheet-1 | E38: 523213-01-RFAS-ME-0034 | F38: =F16 -> 46090 | H38: =G38+7 -> 7 | M38: GC | N38: Check with RFI No.523213-01-RFI-ME-0010 | AS38: YES
A39: =A38+1 -> 36 | B39: Mechanical | C39: 523213-01-SDW-ME-6001 | D39: Mechanical Service Electrical Single Line Diagram Sheet-2 | E39: 523213-01-RFAS-ME-0035 | F39: =F19+7 -> 46076 | H39: =G39+7 -> 7 | M39: GC | N39: Check with RFI No.523213-01-RFI-ME-0010 | AS39: YES
A40: =A39+1 -> 37 | B40: Mechanical | C40: 523213-01-SDW-ME-6002 | D40: Mechanical Service Electrical Single Line Diagram Sheet-3 | E40: 523213-01-RFAS-ME-0036 | F40: =F38+7 -> 46097 | H40: =G40+7 -> 7 | M40: GC | N40: Check with RFI No.523213-01-RFI-ME-0010 | AS40: YES
A41: =A40+1 -> 38 | B41: Mechanical | C41: 523213-01-SDW-ME-6003 | D41: Mechanical Service Electrical Single Line Diagram Sheet-4 | E41: 523213-01-RFAS-ME-0037 | F41: 46081 | M41: GC | N41: Check with RFI No.523213-01-RFI-ME-0010 | AS41: YES
A42: =A41+1 -> 39 | B42: Mechanical | C42: 523213-01-SDW-ME-6004 | D42: Mechanical Service Electrical Single Line Diagram Sheet-5 | E42: 523213-01-RFAS-ME-0038 | F42: 46081 | M42: GC | N42: Check with RFI No.523213-01-RFI-ME-0010 | AS42: YES
A43: =A42+1 -> 40 | B43: Mechanical | C43: 523213-01-SDW-ME-6005 | D43: Mechanical Service Electrical Single Line Diagram Sheet-6 | E43: 523213-01-RFAS-ME-0039 | F43: 46081 | M43: GC | N43: Check with RFI No.523213-01-RFI-ME-0010 | AS43: YES
A44: =A43+1 -> 41 | B44: Mechanical | C44: 523213-01-SDW-ME-6006 | D44: Mechanical Service Electrical Single Line Diagram Sheet-7 | E44: 523213-01-RFAS-ME-0040 | F44: 46081 | M44: GC | N44: Check with RFI No.523213-01-RFI-ME-0010 | AS44: YES
A45: =A44+1 -> 42 | B45: Mechanical | C45: 523213-01-SDW-ME-6007 | D45: Mechanical Service Electrical Single Line Diagram Sheet-8 | E45: 523213-01-RFAS-ME-0041 | F45: 46081 | M45: GC | N45: Check with RFI No.523213-01-RFI-ME-0010 | AS45: YES
A46: =A45+1 -> 43 | B46: Mechanical | C46: 523213-01-SDW-ME-6008 | D46: Mechanical Service Electrical Single Line Diagram Sheet-9 | E46: 523213-01-RFAS-ME-0042 | F46: 46081 | M46: GC | N46: Check with RFI No.523213-01-RFI-ME-0010 | AS46: YES
A47: =A46+1 -> 44 | B47: Mechanical | C47: 523213-01-SDW-ME-6009 | D47: Mechanical Service Electrical Single Line Diagram Sheet-10 | E47: 523213-01-RFAS-ME-0043 | F47: 46081 | M47: GC | N47: Check with RFI No.523213-01-RFI-ME-0010 | AS47: YES
A48: =A47+1 -> 45 | B48: Mechanical | C48: 523213-01-SDW-ME-6010 | D48: Mechanical Service Electrical Single Line Diagram Sheet-11 | E48: 523213-01-RFAS-ME-0044 | F48: 46081 | M48: GC | N48: Check with RFI No.523213-01-RFI-ME-0010 | AS48: YES
A49: =A48+1 -> 46 | B49: Mechanical | C49: 523213-01-SDW-ME-6011 | D49: Mechanical Service Electrical Single Line Diagram Sheet-12 | E49: 523213-01-RFAS-ME-0045 | F49: 46081 | M49: GC | N49: Check with RFI No.523213-01-RFI-ME-0010 | AS49: YES
A50: =A49+1 -> 47 | B50: Mechanical | C50: 523213-01-SDW-ME-6012 | D50: Mechanical Service Electrical Single Line Diagram Sheet-13 | E50: 523213-01-RFAS-ME-0046 | F50: 46081 | M50: GC | N50: Check with RFI No.523213-01-RFI-ME-0010 | AS50: YES
A51: =A50+1 -> 48 | B51: Mechanical | C51: 523213-01-SDW-ME-6013 | D51: Mechanical Service Electrical Single Line Diagram Sheet-14 | E51: 523213-01-RFAS-ME-0047 | F51: 46081 | M51: GC | N51: Check with RFI No.523213-01-RFI-ME-0010 | AS51: YES
A52: =A51+1 -> 49 | B52: Mechanical | C52: 523213-01-SDW-ME-6014 | D52: Mechanical Service Electrical Single Line Diagram Sheet-15 | E52: 523213-01-RFAS-ME-0048 | F52: 46081 | M52: GC | N52: Check with RFI No.523213-01-RFI-ME-0010 | AS52: YES
... A55: =A54+1 -> 52 | B55: Mechanical | C55: 523213-01-SDW-ME-6017 | D55: Mechanical Service Electrical Single Line Diagram Sheet-18 | E55: 523213-01-RFAS-ME-0051 | F55: 46081 | M55: GC | N55: Check with RFI No.523213-01-RFI-ME-0010 | AS55: YES
J64: DO NOT DELETE
J65: GAA
J66: CTA
J67: AUR
J68: STT
J69: Closed

Sheet HY
A1: Status: (A) Approved with No Comments, (B) Approved with Comments, (C) Revise & Resubmit | N1: Action by | O1: GAA | P1: CTA | Q1: AUR
A2: S/N | B2: Trade | C2: SDW Doc No. | E2: RFAS Doc No. | F2: Planned Submission | G2: Submission Date | H2: Consultant Respond Date | I2: Rev | J2: Action | K2: Status | L2: Approval Date | M2: Scope | N2: Remarks | O2: Rev 0 | T2: Rev 1 | Y2: Rev 2 | AD2: Rev 3 | AI2: Rev 4 | AN2: Rev 5 | AS2: Required Review by STT's Engineering Team (YES/NO)
O3: Submitted | P3: CTA | Q3: AUR | R3: STT | S3: Status | T3: Submitted | U3: CTA | V3: AUR | W3: STT | X3: Status | Y3: Submitted | Z3: CTA | AA3: AUR | AB3: STT | AC3: Status | AD3: Submitted | AE3: CTA | AF3: AUR | AG3: STT | AH3: Status | AI3: Submitted | AJ3: CTA | AK3: AUR | AL3: STT | AM3: Status | AN3: Submitted | AO3: CTA | AP3: AUR | AQ3: STT | AR3: Status
A4: 1 | B4: Hydraulics | C4: 523213-01-SDW-HY-0001 | D4: Hydraulic Drawing Index | E4: 523213-01-RFAS-HY-0001 | H4: =G4+7 -> 7 | M4: GC | AS4: NO
A5: =A4+1 -> 2 | B5: Hydraulics | C5: 523213-01-SDW-HY-0100 | D5: Hydraulic Legend & Abbreviation | E5: 523213-01-RFAS-HY-0002 | F5: 46034 | G5: 46034 | H5: =G5+7 -> 46041 | I5: 0 | J5: AUR | K5: Pending | M5: GC | O5: 46034 | P5: 46055 | AS5: NO
A6: =A5+1 -> 3 | B6: Hydraulics | C6: 523213-01-SDW-HY-0150 | D6: Make Up Water Schematic Diagram | E6: 523213-01-RFAS-HY-0003 | F6: =F5+7 -> 46041 | G6: 46035 | H6: =G6+7 -> 46042 | I6: 0 | J6: AUR | K6: Pending | M6: GC | O6: 46035 | P6: 46055 | AS6: YES
A7: =A6+1 -> 4 | B7: Hydraulics | C7: 523213-01-SDW-HY-0200 | D7: Domestic Water Schematic Diagram | E7: 523213-01-RFAS-HY-0004 | F7: =F6 -> 46041 | G7: 46034 | H7: =G7+7 -> 46041 | I7: 0 | J7: AUR | K7: Pending | M7: GC | O7: 46034 | P7: 46055 | AS7: NO
A8: =A7+1 -> 5 | B8: Hydraulics | C8: 523213-01-SDW-HY-0250 | D8: Waste water System Schematic Diagram | E8: 523213-01-RFAS-HY-0005 | F8: =F7 -> 46041 | G8: 46034 | H8: =G8+7 -> 46041 | I8: 0 | J8: AUR | K8: Pending | M8: GC | O8: 46034 | P8: 46055 | AS8: YES
A9: =A8+1 -> 6 | B9: Hydraulics | C9: 523213-01-SDW-HY-0300 | D9: Storm Water Drainage Schematic Diagram | E9: 523213-01-RFAS-HY-0006 | F9: =F8 -> 46041 | G9: 46034 | H9: =G9+7 -> 46041 | I9: 0 | J9: AUR | K9: Pending | M9: GC | O9: 46034 | P9: 46055 | AS9: NO
A10: =A9+1 -> 7 | B10: Hydraulics | C10: 523213-01-SDW-HY-0350 | D10: Fuel Supply Schematic Diagram | E10: 523213-01-RFAS-HY-0007 | F10: =F9 -> 46041 | G10: 46035 | H10: =G10+7 -> 46042 | I10: 0 | J10: AUR | K10: Pending | M10: GC | O10: 46035 | P10: 46055 | AS10: YES
A11: =A10+1 -> 8 | B11: Hydraulics | C11: 523213-01-SDW-HY-0400 | D11: Equipment Schedule | E11: 523213-01-RFAS-HY-0008 | F11: =F10 -> 46041 | G11: 46035 | H11: =G11+7 -> 46042 | I11: 0 | J11: AUR | K11: Pending | M11: GC | O11: 46035 | P11: 46055 | AS11: YES
A12: =A11+1 -> 9 | B12: Hydraulics | C12: 523213-01-SDW-HY-0450 | D12: Electrical Single Line Diagram | E12: 523213-01-RFAS-HY-0009 | F12: =F11 -> 46041 | G12: 46036 | H12: =G12+7 -> 46043 | I12: 0 | J12: AUR | K12: Pending | M12: GC | O12: 46036 | P12: 46055 | AS12: NO
A13: =A12+1 -> 10 | B13: Hydraulics | C13: 523213-01-SDW-HY-1000 | D13: Site Plan - Water Supply System Layout | E13: 523213-01-RFAS-HY-0010 | F13: 46076 | H13: =G13+7 -> 7 | M13: GC | AS13: NO
A14: =A13+1 -> 11 | B14: Hydraulics | C14: 523213-01-SDW-HY-1100 | D14: Level 1 - Water Supply System Layout Plan | E14: 523213-01-RFAS-HY-0011 | F14: 46069 | H14: =G14+7 -> 7 | M14: GC | AS14: NO
A15: =A14+1 -> 12 | B15: Hydraulics | C15: 523213-01-SDW-HY-1200 | D15: Level 2 - Water Supply System Layout Plan | E15: 523213-01-RFAS-HY-0012 | F15: 46055 | H15: =G15+7 -> 7 | M15: GC | N15: Pending sanitary ware Inlet-Outlet position. | AS15: NO
A16: =A15+1 -> 13 | B16: Hydraulics | C16: 523213-01-SDW-HY-1600 | D16: Level 6 - Water Supply System Layout Plan | E16: 523213-01-RFAS-HY-0013 | F16: 46076 | H16: =G16+7 -> 7 | M16: GC | AS16: NO
A17: =A16+1 -> 14 | B17: Hydraulics | C17: 523213-01-SDW-HY-1700 | D17: Level Roof - Water Supply System Layout Plan | E17: 523213-01-RFAS-HY-0014 | F17: 46076 | H17: =G17+7 -> 7 | M17: GC | AS17: NO
A18: =A17+1 -> 15 | B18: Hydraulics | C18: 523213-01-SDW-HY-2000 | D18: Site Plan - Wastewater And Stromwater System Layout Plan | E18: 523213-01-RFAS-HY-0015 | F18: 46076 | H18: =G18+7 -> 7 | M18: GC | AS18: NO
A19: =A18+1 -> 16 | B19: Hydraulics | C19: 523213-01-SDW-HY-2100 | D19: Level 1 - Wastewater And Stormwater System Layout | E19: 523213-01-RFAS-HY-0016 | F19: 46076 | H19: =G19+7 -> 7 | M19: GC | AS19: NO
A20: =A19+1 -> 17 | B20: Hydraulics | C20: 523213-01-SDW-HY-2200 | D20: Level 2 - Wastewater And Stormwater System Layout | E20: 523213-01-RFAS-HY-0017 | F20: 46062 | H20: =G20+7 -> 7 | M20: TTI | N20: TTI Scope | AS20: NO
A21: =A20+1 -> 18 | B21: Hydraulics | C21: 523213-01-SDW-HY-2600 | D21: Level 6 - Wastewater And Stormwater System Layout | E21: 523213-01-RFAS-HY-0018 | F21: 46083 | H21: =G21+7 -> 7 | M21: GC | AS21: NO
A22: =A21+1 -> 19 | B22: Hydraulics | C22: 523213-01-SDW-HY-2700 | D22: Level Roof - Wastewater And Stormwater System Layout | E22: 523213-01-RFAS-HY-0019 | F22: 46083 | H22: =G22+7 -> 7 | M22: GC | AS22: NO
A23: =A22+1 -> 20 | B23: Hydraulics | C23: 523213-01-SDW-HY-3000 | D23: Pump Room Details - Sheet 1 | E23: 523213-01-RFAS-HY-0020 | F23: 46097 | H23: =G23+7 -> 7 | M23: GC | AS23: NO
A24: =A23+1 -> 21 | B24: Hydraulics | C24: 523213-01-SDW-HY-3010 | D24: Pump Room Details - Sheet 2 | E24: 523213-01-RFAS-HY-0021 | F24: 46097 | H24: =G24+7 -> 7 | M24: GC | AS24: NO
A25: =A24+1 -> 22 | B25: Hydraulics | C25: 523213-01-SDW-HY-3020 | D25: Pump Room Details - Sheet 3 | E25: 523213-01-RFAS-HY-0022 | F25: 46097 | H25: =G25+7 -> 7 | M25: GC | AS25: NO
A26: =A25+1 -> 23 | B26: Hydraulics | C26: 523213-01-SDW-HY-3100 | D26: Fuel Pump Room Details - Sheet 1 | E26: 523213-01-RFAS-HY-0023 | F26: 46104 | H26: =G26+7 -> 7 | M26: GC | AS26: YES
A27: =A26+1 -> 24 | B27: Hydraulics | C27: 523213-01-SDW-HY-3110 | D27: Fuel Pump Room Details - Sheet 2 | E27: 523213-01-RFAS-HY-0024 | F27: 46104 | H27: =G27+7 -> 7 | M27: GC | AS27: YES
A28: =A27+1 -> 25 | B28: Hydraulics | C28: 523213-01-SDW-HY-3200 | D28: Softener Detail | E28: 523213-01-RFAS-HY-0025 | F28: 46104 | H28: =G28+7 -> 7 | M28: GC | AS28: NO
A29: =A28+1 -> 26 | B29: Hydraulics | C29: 523213-01-SDW-HY-3300 | D29: Pump Room & Water Tank - Level 6 Detail | E29: 523213-01-RFAS-HY-0026 | F29: 46104 | H29: =G29+7 -> 7 | M29: GC | AS29: NO
A30: =A29+1 -> 27 | B30: Hydraulics | C30: 523213-01-SDW-HY-4200 | D30: Level 2 - Toilet Details | E30: 523213-01-RFAS-HY-0027 | F30: 46069 | H30: =G30+7 -> 7 | M30: GC | AS30: NO
A31: =A30+1 -> 28 | B31: Hydraulics | C31: 523213-01-SDW-HY-5000 | D31: Scope Demarcation - Sheet 1 | E31: 523213-01-RFAS-HY-0028 | F31: 46055 | H31: =G31+7 -> 7 | M31: GC | AS31: NO
A32: =A31+1 -> 29 | B32: Hydraulics | C32: 523213-01-SDW-HY-5001 | D32: Scope Demarcation - Sheet 2 | E32: 523213-01-RFAS-HY-0029 | F32: 46055 | H32: =G32+7 -> 7 | M32: GC | AS32: NO
A33: =A32+1 -> 30 | B33: Hydraulics | C33: 523213-01-SDW-HY-5002 | D33: Typical Details Sheet 1 | E33: 523213-01-RFAS-HY-0030 | F33: 46055 | G33: 46052 | H33: =G33+7 -> 46059 | I33: 0 | J33: AUR | K33: Pending | M33: GC | O33: 46052 | P33: 46055 | AS33: NO
A34: =A33+1 -> 31 | B34: Hydraulics | C34: 523213-01-SDW-HY-5003 | D34: Typical Details Sheet 2 | E34: 523213-01-RFAS-HY-0031 | F34: 46055 | G34: 46052 | H34: =G34+7 -> 46059 | I34: 0 | J34: AUR | K34: Pending | M34: GC | O34: 46052 | P34: 46055 | AS34: NO
A35: =A34+1 -> 32 | B35: Hydraulics | C35: 523213-01-SDW-HY-5004 | D35: Typical Details Sheet 3 | E35: 523213-01-RFAS-HY-0032 | F35: 46055 | G35: 46052 | H35: =G35+7 -> 46059 | I35: 0 | J35: AUR | K35: Pending | M35: GC | O35: 46052 | P35: 46055 | AS35: NO
AS36: NO
J73: DO NOT DELETE
J74: GAA
J75: CTA
J76: AUR
J77: STT
J78: Closed

Sheet FI
A1: Status: (A) Approved with No Comments, (B) Approved with Comments, (C) Revise & Resubmit | N1: Action by | O1: GAA | P1: CTA | Q1: AUR
A2: S/N | B2: Trade | C2: SDW Doc No. | E2: RFAS Doc No. | F2: Planned Submission | G2: Submission Date | H2: Consultant Respond Date | I2: Rev | J2: Action | K2: Status | L2: Approval Date | M2: Scope | N2: Remarks | O2: Rev 0 | T2: Rev 1 | Y2: Rev 2 | AD2: Rev 3 | AI2: Rev 4 | AN2: Rev 5 | AS2: Required Review by STT's Engineering Team (YES/NO)
O3: Submitted | P3: CTA | Q3: AUR | R3: STT | S3: Status | T3: Submitted | U3: CTA | V3: AUR | W3: STT | X3: Status | Y3: Submitted | Z3: CTA | AA3: AUR | AB3: STT | AC3: Status | AD3: Submitted | AE3: CTA | AF3: AUR | AG3: STT | AH3: Status | AI3: Submitted | AJ3: CTA | AK3: AUR | AL3: STT | AM3: Status | AN3: Submitted | AO3: CTA | AP3: AUR | AQ3: STT | AR3: Status
A4: 1 | B4: Fire Protection | C4: 523213-01-SDW-FI-0001 | D4: Fire Protection Drawing Index | E4: 523213-01-RFAS-FI-0001 | H4: =G4+7 -> 7 | M4: GC | AS4: NO
A5: =A4+1 -> 2 | B5: Fire Protection | C5: 523213-01-SDW-FI-0002 | D5: Fire Protection Legend & Abbreviation | E5: 523213-01-RFAS-FI-0002 | F5: 46034 | G5: 46034 | H5: =G5+7 -> 46041 | I5: 0 | J5: AUR | K5: Pending | M5: GC | O5: 46034 | P5: 46057 | AS5: NO
A6: =A5+1 -> 3 | B6: Fire Protection | C6: 523213-01-SDW-FI-0010 | D6: Fire Protection System Schematic Diagram | E6: 523213-01-RFAS-FI-0003 | F6: =F5+7 -> 46041 | G6: 46041 | H6: =G6+7 -> 46048 | I6: 0 | J6: AUR | K6: Pending | M6: GC | O6: 46041 | P6: 46057 | AS6: NO
A7: =A6+1 -> 4 | B7: Fire Protection | C7: 523213-01-SDW-FI-0020 | D7: Schematic Diagram For Fire Pump | E7: 523213-01-RFAS-FI-0004 | F7: =F6 -> 46041 | G7: 46041 | H7: =G7+7 -> 46048 | I7: 0 | J7: AUR | K7: Pending | M7: GC | O7: 46041 | P7: 46057 | AS7: NO
A8: =A7+1 -> 5 | B8: Fire Protection | C8: 523213-01-SDW-FI-0030 | D8: Nitrogen Suppression Schematic Diagram | E8: 523213-01-RFAS-FI-0005 | F8: =F7 -> 46041 | H8: =G8+7 -> 7 | M8: GC | N8: Pending RFI | AS8: NO
A9: =A8+1 -> 6 | B9: Fire Protection | C9: 523213-01-SDW-FI-0040 | D9: Nitrogen Suppression Flow Chart Diagram | E9: 523213-01-RFAS-FI-0006 | F9: =F8 -> 46041 | H9: =G9+7 -> 7 | M9: GC | N9: Pending RFI | AS9: NO
A10: =A9+1 -> 7 | B10: Fire Protection | C10: 523213-01-SDW-FI-0050 | D10: Table For Nitrogen Gas Suppression | E10: 523213-01-RFAS-FI-0007 | F10: =F9 -> 46041 | G10: 46048 | H10: =G10+7 -> 46055 | I10: 0 | J10: AUR | K10: Pending | M10: GC | O10: 46048 | P10: 46057 | AS10: NO
A11: =A10+1 -> 8 | B11: Fire Protection | C11: 523213-01-SDW-FI-0060 | D11: Pre-Action System Diagram | E11: 523213-01-RFAS-FI-0008 | F11: =F10 -> 46041 | G11: 46048 | H11: =G11+7 -> 46055 | I11: 0 | J11: AUR | K11: Pending | M11: GC | O11: 46048 | P11: 46057 | AS11: NO
A12: =A11+1 -> 9 | B12: Fire Protection | C12: 523213-01-SDW-FI-0070 | D12: Equipment Schedule | E12: 523213-01-RFAS-FI-0009 | F12: =F11 -> 46041 | G12: 46041 | H12: =G12+7 -> 46048 | I12: 0 | J12: AUR | K12: Pending | M12: GC | O12: 46041 | P12: 46057 | AS12: NO
A13: =A12+1 -> 10 | B13: Fire Protection | C13: 523213-01-SDW-FI-0080 | D13: Electrical Single Line Diagram | E13: 523213-01-RFAS-FI-0010 | F13: =F12 -> 46041 | G13: 46041 | H13: =G13+7 -> 46048 | I13: 0 | J13: AUR | K13: Pending | M13: GC | O13: 46041 | P13: 46057 | AS13: NO
A14: =A13+1 -> 11 | B14: Fire Protection | C14: 523213-01-SDW-FI-1100 | D14: Fire Protection Matrix For Level 1 | E14: 523213-01-RFAS-FI-0011 | F14: 46055 | G14: 46064 | H14: =G14+7 -> 46071 | I14: 0 | J14: CTA | K14: Pending | M14: GC | O14: 46064 | AS14: NO
A15: =A14+1 -> 12 | B15: Fire Protection | C15: 523213-01-SDW-FI-1200 | D15: Fire Protection Matrix For Level 2 | E15: 523213-01-RFAS-FI-0012 | F15: 46055 | G15: 46064 | H15: =G15+7 -> 46071 | I15: 0 | J15: CTA | K15: Pending | M15: GC | O15: 46064 | AS15: NO
A16: =A15+1 -> 13 | B16: Fire Protection | C16: 523213-01-SDW-FI-1600 | D16: Fire Protection Matrix For Level 6 | E16: 523213-01-RFAS-FI-0013 | F16: 46055 | G16: 46064 | H16: =G16+7 -> 46071 | I16: 0 | J16: CTA | K16: Pending | M16: GC | O16: 46064 | AS16: NO
A17: =A16+1 -> 14 | B17: Fire Protection | C17: 523213-01-SDW-FI-1700 | D17: Fire Protection Matrix For Level Roof | E17: 523213-01-RFAS-FI-0014 | F17: 46055 | G17: 46064 | H17: =G17+7 -> 46071 | I17: 0 | J17: CTA | K17: Pending | M17: GC | O17: 46064 | AS17: NO
A18: =A17+1 -> 15 | B18: Fire Protection | C18: 523213-01-SDW-FI-2100 | D18: Level 1 - Fire Sprinkler System Layout Plan | E18: 523213-01-RFAS-FI-0015 | F18: 46083 | H18: =G18+7 -> 7 | M18: GC | N18: Pending RFI-FI-0004, FI-0007 | AS18: NO
A19: =A18+1 -> 16 | B19: Fire Protection | C19: 523213-01-SDW-FI-2200 | D19: Level 2 - Fire Sprinkler System Layout Plan | E19: 523213-01-RFAS-FI-0016 | F19: 46069 | H19: =G19+7 -> 7 | M19: GC | N19: Pending RFI-FI-0007 | AS19: NO
A20: =A19+1 -> 17 | B20: Fire Protection | C20: 523213-01-SDW-FI-2600 | D20: Level 6 - Fire Sprinkler System Layout Plan | E20: 523213-01-RFAS-FI-0017 | F20: 46090 | H20: =G20+7 -> 7 | M20: GC | N20: Pending RFI-FI-0007 | AS20: NO
A21: =A20+1 -> 18 | B21: Fire Protection | C21: 523213-01-SDW-FI-2700 | D21: Level Roof - Fire Sprinkler System Layout Plan | E21: 523213-01-RFAS-FI-0018 | F21: 46090 | H21: =G21+7 -> 7 | M21: GC | AS21: NO
A22: =A21+1 -> 19 | B22: Fire Protection | C22: 523213-01-SDW-FI-3100 | D22: Level 1 - Nitrogen Fire Suppression Ststem Layout Plan | E22: 523213-01-RFAS-FI-0019 | F22: 46097 | H22: =G22+7 -> 7 | M22: GC | N22: Pending RFI-FI-0004, 0008 | AS22: NO
A23: =A22+1 -> 20 | B23: Fire Protection | C23: 523213-01-SDW-FI-3150 | D23: Level 1 - Nitrogen Fire Suppression Ststem Wiring Layout Plan | E23: 523213-01-RFAS-FI-0020 | F23: 46097 | H23: =G23+7 -> 7 | M23: GC | N23: Pending RFI-FI-0004, 0008 | AS23: NO
A24: =A23+1 -> 21 | B24: Fire Protection | C24: 523213-01-SDW-FI-3200 | D24: Level 2 - Nitrogen Fire Suppression Ststem Layout Plan | E24: 523213-01-RFAS-FI-0021 | F24: 46083 | H24: =G24+7 -> 7 | M24: GC | AS24: NO
A25: =A24+1 -> 22 | B25: Fire Protection | C25: 523213-01-SDW-FI-3250 | D25: Level 2 - Nitrogen Fire Suppression Ststem Wiring Layout Plan | E25: 523213-01-RFAS-FI-0022 | F25: 46083 | H25: =G25+7 -> 7 | M25: GC | AS25: NO
A26: =A25+1 -> 23 | B26: Fire Protection | C26: 523213-01-SDW-FI-3600 | D26: Level 6 - Nitrogen Fire Suppression Ststem Layout Plan | E26: 523213-01-RFAS-FI-0023 | F26: 46104 | H26: =G26+7 -> 7 | M26: GC | AS26: NO
A27: =A26+1 -> 24 | B27: Fire Protection | C27: 523213-01-SDW-FI-3650 | D27: Level 6 - Nitrogen Fire Suppression Ststem Wiring Layout Plan | E27: 523213-01-RFAS-FI-0024 | F27: 46104 | H27: =G27+7 -> 7 | M27: GC | AS27: NO
A28: =A27+1 -> 25 | B28: Fire Protection | C28: 523213-01-SDW-FI-4100 | D28: Level 1 - Fire Hose Cabinet And Fire Extinguisher Layout Plan | E28: 523213-01-RFAS-FI-0025 | F28: 46083 | H28: =G28+7 -> 7 | M28: GC | AS28: NO
A29: =A28+1 -> 26 | B29: Fire Protection | C29: 523213-01-SDW-FI-4200 | D29: Level 2 - Fire Hose Cabinet And Fire Extinguisher Layout Plan | E29: 523213-01-RFAS-FI-0026 | F29: 46076 | H29: =G29+7 -> 7 | M29: GC | AS29: NO
A30: =A29+1 -> 27 | B30: Fire Protection | C30: 523213-01-SDW-FI-4600 | D30: Level 6 - Fire Hose Cabinet And Fire Extinguisher Layout Plan | E30: 523213-01-RFAS-FI-0027 | F30: 46083 | H30: =G30+7 -> 7 | M30: GC | AS30: NO
A31: =A30+1 -> 28 | B31: Fire Protection | C31: 523213-01-SDW-FI-4700 | D31: Level Roof - Fire Hose Cabinet And Fire Extinguisher Layout Plan | E31: 523213-01-RFAS-FI-0028 | F31: 46083 | H31: =G31+7 -> 7 | M31: GC | AS31: NO
A32: =A31+1 -> 29 | B32: Fire Protection | C32: 523213-01-SDW-FI-5001 | D32: Pump Room Detail Sheet 1 | E32: 523213-01-RFAS-FI-0029 | F32: 46111 | H32: =G32+7 -> 7 | M32: GC | AS32: NO
A33: =A32+1 -> 30 | B33: Fire Protection | C33: 523213-01-SDW-FI-5002 | D33: Pump Room Detail Sheet 2 | E33: 523213-01-RFAS-FI-0030 | F33: 46111 | H33: =G33+7 -> 7 | M33: GC | AS33: NO
A34: =A33+1 -> 31 | B34: Fire Protection | C34: 523213-01-SDW-FI-5003 | D34: Fire Service Room Detail Sheet 1 | E34: 523213-01-RFAS-FI-0031 | F34: 46090 | H34: =G34+7 -> 7 | M34: GC | AS34: NO
A35: =A34+1 -> 32 | B35: Fire Protection | C35: 523213-01-SDW-FI-5004 | D35: Fire Service Room Detail Sheet 2 | E35: 523213-01-RFAS-FI-0032 | F35: 46090 | H35: =G35+7 -> 7 | M35: GC | AS35: NO
... A43: =A42+1 -> 40 | B43: Fire Protection | C43: 523213-01-SDW-FI-6006 | D43: Typical Details Sheet 6 | E43: 523213-01-RFAS-FI-0040 | F43: 46060 | H43: =G43+7 -> 7 | M43: GC | AS43: NO
J53: DO NOT DELETE
J54: GAA
J55: CTA
J56: AUR
J57: STT
J58: Closed

Sheet CSD
A1: Status: (A) Approved with No Comments, (B) Approved with Comments, (C) Revise & Resubmit | N1: Action by | O1: GAA | P1: CTA | Q1: AUR
A2: S/N | B2: Trade | C2: Shop Drawing No. | E2: RFAS No. | F2: Planned Submission | G2: Actual Submission Date | H2: Consultant Respond Date | I2: Rev | J2: Action | K2: Status | L2: Approval Date | M2: Scope | N2: Remarks | O2: Rev 0 | T2: Rev 1 | Y2: Rev 2 | AD2: Rev 3 | AI2: Rev 4 | AN2: Rev 5 | AS2: Required Review by STT's Engineering Team (YES/NO)
O3: Submitted | P3: CTA | Q3: AUR | R3: STT | S3: Status | T3: Submitted | U3: CTA | V3: AUR | W3: STT | X3: Status | Y3: Submitted | Z3: CTA | AA3: AUR | AB3: STT | AC3: Status | AD3: Submitted | AE3: CTA | AF3: AUR | AG3: STT | AH3: Status | AI3: Submitted | AJ3: CTA | AK3: AUR | AL3: STT | AM3: Status | AN3: Submitted | AO3: CTA | AP3: AUR | AQ3: STT | AR3: Status
A4: 1 | B4: Combine Service | C4: 528207-04-SDW-CSD-1100 | D4: Level 1 - Combine Wall Layout Plan Index | E4: 523213-01-RFAS-CSD-0001 | F4: =F5+21 -> 46076 | H4: =G4+7 -> 7 | M4: GC | AS4: NO
A5: 2 | B5: Combine Service | C5: 528207-04-SDW-CSD-1200 | D5: Level 2 - Combine Wall Genset 1-2 | E5: 523213-01-RFAS-CSD-0002 | F5: =F24+14 -> 46055 | G5: 46043 | H5: =G5+7 -> 46050 | I5: 0 | J5: CTA | K5: Pending | M5: GC | O5: 46043 | AS5: NO
A6: 3 | B6: Combine Service | C6: 528207-04-SDW-CSD-1201 | D6: Level 2 - Combine Wall Lv Switch Room A | E6: 523213-01-RFAS-CSD-0003 | F6: =F5 -> 46055 | G6: 46043 | H6: =G6+7 -> 46050 | I6: 0 | J6: CTA | K6: Pending | M6: GC | O6: 46043 | AS6: NO
A7: 4 | B7: Combine Service | C7: 528207-04-SDW-CSD-1202 | D7: Level 2 - Combine Wall Lv Switch Room B | E7: 523213-01-RFAS-CSD-0004 | F7: =F6 -> 46055 | G7: 46043 | H7: =G7+7 -> 46050 | I7: 0 | J7: CTA | K7: Pending | M7: GC | O7: 46043 | AS7: NO
A8: 5 | B8: Combine Service | C8: 528207-04-SDW-CSD-1203 | D8: Level 2 - Combine Wall Genset 3-4 | E8: 523213-01-RFAS-CSD-0005 | F8: =F7 -> 46055 | G8: 46043 | H8: =G8+7 -> 46050 | I8: 0 | J8: CTA | K8: Pending | M8: GC | O8: 46043 | AS8: NO
A9: 6 | B9: Combine Service | C9: 528207-04-SDW-CSD-1204 | D9: Level 2 - Combine Wall Goods Lift Lobby , Stair ST-2 | E9: 523213-01-RFAS-CSD-0006 | F9: =F8 -> 46055 | G9: 46048 | H9: =G9+7 -> 46055 | I9: 0 | J9: CTA | K9: Pending | M9: GC | O9: 46048 | AS9: NO
A10: 7 | B10: Combine Service | C10: 528207-04-SDW-CSD-1205 | D10: Level 2 - Combine Wall MDF A , ELV A , Fire Service , Battery A1 | E10: 523213-01-RFAS-CSD-0007 | F10: =F9 -> 46055 | G10: 46048 | H10: =G10+7 -> 46055 | I10: 0 | J10: CTA | K10: Pending | M10: GC | O10: 46048 | AS10: NO
A11: 8 | B11: Combine Service | C11: 528207-04-SDW-CSD-1206 | D11: Level 2 - Combine Wall MDF B , ELV B , Battery B1 , Spare Room | E11: 523213-01-RFAS-CSD-0008 | F11: =F10 -> 46055 | G11: 46050 | H11: =G11+7 -> 46057 | I11: 0 | J11: CTA | K11: Pending | M11: GC | O11: 46050 | AS11: NO
A12: 9 | B12: Combine Service | C12: 528207-04-SDW-CSD-1207 | D12: Level 2 - Combine Wall Fireman Lift , Toilet , Janitor , Stair 1 | E12: 523213-01-RFAS-CSD-0009 | F12: =F11 -> 46055 | G12: 46055 | H12: =G12+7 -> 46062 | I12: 0 | J12: CTA | K12: Pending | M12: GC | O12: 46055 | AS12: NO
A13: 10 | B13: Combine Service | C13: 528207-04-SDW-CSD-1208 | D13: Level 2 - Combine Wall Data Hall A , Fan Wall A | E13: 523213-01-RFAS-CSD-0010 | F13: =F12 -> 46055 | G13: 46055 | H13: =G13+7 -> 46062 | I13: 0 | J13: CTA | K13: Pending | M13: GC | O13: 46055 | AS13: NO
A14: 11 | B14: Combine Service | C14: 528207-04-SDW-CSD-1209 | D14: Level 2 - Combine Wall Spare Space , Battery Room A2 & B2 | E14: 523213-01-RFAS-CSD-0011 | F14: =F13 -> 46055 | G14: 46058 | H14: =G14+7 -> 46065 | I14: 0 | J14: CTA | K14: Pending | M14: GC | O14: 46058 | AS14: NO
A15: 12 | B15: Combine Service | C15: 528207-04-SDW-CSD-1210 | D15: Level 2 - Combine Wall Data Hall C , Fan Wall C | E15: 523213-01-RFAS-CSD-0012 | F15: =F14 -> 46055 | G15: 46060 | H15: =G15+7 -> 46067 | I15: 0 | J15: CTA | K15: Pending | M15: GC | O15: 46060 | AS15: NO
A16: 13 | B16: Combine Service | C16: 528207-04-SDW-CSD-1211 | D16: Level 2 - Combine Wall Air Lock 2.1 , Comm Riser C1 , Stair ST-3 | E16: 523213-01-RFAS-CSD-0013 | F16: =F15 -> 46055 | G16: 46057 | H16: =G16+7 -> 46064 | I16: 0 | J16: CTA | K16: Pending | M16: GC | O16: 46057 | AS16: NO
A17: 14 | B17: Combine Service | C17: 528207-04-SDW-CSD-1212 | D17: Level 2 - Combine Wall Air Lock 2.2 , Comm Riser C1 , Stair ST-4 | E17: 523213-01-RFAS-CSD-0014 | F17: =F16 -> 46055 | G17: 46058 | H17: =G17+7 -> 46065 | I17: 0 | J17: CTA | K17: Pending | M17: GC | O17: 46058
A18: 11 | B18: Combine Service | C18: 528207-04-SDW-CSD-1300 | D18: Level 3 - Combine Wall Layout Plan | E18: 523213-01-RFAS-CSD-0015 | F18: =F30+7 -> 46097 | H18: =G18+7 -> 7 | M18: GC | AS18: NO
A19: 12 | B19: Combine Service | C19: 528207-04-SDW-CSD-1400 | D19: Level 4 - Combine Wall Layout Plan | E19: 523213-01-RFAS-CSD-0016 | F19: =F18 -> 46097 | H19: =G19+7 -> 7 | M19: GC | AS19: NO
A20: 13 | B20: Combine Service | C20: 528207-04-SDW-CSD-1500 | D20: Level 5 - Combine Wall Layout Plan | E20: 523213-01-RFAS-CSD-0017 | F20: =F19 -> 46097 | H20: =G20+7 -> 7 | M20: GC | AS20: NO
A21: 14 | B21: Combine Service | C21: 528207-04-SDW-CSD-1600 | D21: Level 6 - Combine Wall Layout Plan | E21: 523213-01-RFAS-CSD-0018 | F21: =F4+7 -> 46083 | H21: =G21+7 -> 7 | M21: GC | AS21: NO
A22: 15 | B22: Combine Service | C22: 528207-04-SDW-CSD-1700 | D22: Level Roof - Combine Wall Layout Plan | E22: 523213-01-RFAS-CSD-0019 | F22: =F21+7 -> 46090 | H22: =G22+7 -> 7 | M22: GC | AS22: NO
A23: 16 | B23: Combine Service | C23: 528207-04-SDW-CSD-2100 | D23: Level 1 - Combine Ceiling Layout Plan | E23: 523213-01-RFAS-CSD-0020 | F23: =F24+21 -> 46062 | H23: =G23+7 -> 7 | M23: GC | AS23: NO
A24: 17 | B24: Combine Service | C24: 528207-04-SDW-CSD-2200 | D24: Level 2 - Combine Ceiling Layout Plan | E24: 523213-01-RFAS-CSD-0021 | F24: 46041 | H24: =G24+7 -> 7 | M24: GC | AS24: NO
A25: 18 | B25: Combine Service | C25: 528207-04-SDW-CSD-2201 | D25: Level 2 - Combine Ceiling Layout Plan | E25: 523213-01-RFAS-CSD-0022 | F25: 46041 | H25: =G25+7 -> 7
A26: 18 | B26: Combine Service | C26: 528207-04-SDW-CSD-2300 | D26: Level 3 - Combine Ceiling Layout Plan | E26: 523213-01-RFAS-CSD-0022 | F26: =F30+7 -> 46097 | H26: =G26+7 -> 7 | M26: GC | AS26: NO
A27: 19 | B27: Combine Service | C27: 528207-04-SDW-CSD-2400 | D27: Level 4 - Combine Ceiling Layout Plan | E27: 523213-01-RFAS-CSD-0023 | F27: =F26 -> 46097 | H27: =G27+7 -> 7 | M27: GC | AS27: NO
A28: 20 | B28: Combine Service | C28: 528207-04-SDW-CSD-2500 | D28: Level 5 - Combine Ceiling Layout Plan | E28: 523213-01-RFAS-CSD-0024 | F28: =F27 -> 46097 | H28: =G28+7 -> 7 | M28: GC | AS28: NO
A29: 21 | B29: Combine Service | C29: 528207-04-SDW-CSD-2600 | D29: Level 6 - Combine Ceiling Layout Plan | E29: 523213-01-RFAS-CSD-0025 | F29: =F23+21 -> 46083 | H29: =G29+7 -> 7 | M29: GC | AS29: NO
A30: 22 | B30: Combine Service | C30: 528207-04-SDW-CSD-2700 | D30: Level Roof - Combine Ceiling Layout Plan | E30: 523213-01-RFAS-CSD-0026 | F30: =F29+7 -> 46090 | H30: =G30+7 -> 7 | M30: GC | AS30: NO

Sheet Internal Progress
A1: Material Approval Summary
A3: Trade | B3: Planned Equipment Material Approval | C3: Priority | F3: Complete with note | I3: Complete | L3: Complete with note | M3: % Progress | N3: Complete | O3: % Progress | P3: Overall Completion | Q3: % Progress
C5: High | D5: Medium | E5: Low | F5: High | G5: Medium | H5: Low | I5: High | J5: Medium | K5: Low
A6: Structural | B6: {=SUMPRODUCT((ST!#REF!<>"")*(ST!$E$4:$E$951<>""))} -> #REF! | C6: =COUNTIF(#REF!,"High") -> #REF! | D6: =COUNTIF(#REF!,"Medium") -> #REF! | E6: =COUNTIF(#REF!,"Low") -> #REF! | F6: =COUNTIFS(#REF!,'Internal Progress'!F5,#REF!,'Internal Progress'!$F$3) -> #REF! | G6: =COUNTIFS(#REF!,'Internal Progress'!G5,#REF!,'Internal Progress'!$F$3) -> #REF! | H6: =COUNTIFS(#REF!,'Internal Progress'!H5,#REF!,'Internal Progress'!$F$3) -> #REF! | I6: =COUNTIFS(#REF!,'Internal Progress'!F5,#REF!,'Internal Progress'!$I$3) -> #REF! | J6: =COUNTIFS(#REF!,'Internal Progress'!J5,#REF!,'Internal Progress'!$I$3) -> #REF! | K6: =COUNTIFS(#REF!,'Internal Progress'!K5,#REF!,'Internal Progress'!$I$3) -> #REF! | L6: =SUM(F6:H6) -> #REF! | M6: =L6/B6 -> #REF! | N6: =SUM(I6:K6) -> #REF! | O6: =N6/B6 -> #REF! | P6: =SUM(L6+N6) -> #REF! | Q6: =P6/B6 -> #REF!
A7: Architectural | B7: {=SUMPRODUCT((AR!$C$4:$C$964<>"")*(AR!$D$4:$D$964<>""))} -> 83 | C7: =COUNTIF(#REF!,"High") -> #REF! | D7: =COUNTIF(#REF!,"Medium") -> #REF! | E7: =COUNTIF(#REF!,"Low") -> #REF! | F7: =COUNTIFS(#REF!,'Internal Progress'!F5,#REF!,'Internal Progress'!$F$3) -> #REF! | G7: =COUNTIFS(#REF!,'Internal Progress'!G5,#REF!,'Internal Progress'!$F$3) -> #REF! | H7: =COUNTIFS(#REF!,'Internal Progress'!H5,#REF!,'Internal Progress'!$F$3) -> #REF! | I7: =COUNTIFS(#REF!,'Internal Progress'!F5,#REF!,'Internal Progress'!$I$3) -> #REF! | J7: =COUNTIFS(#REF!,'Internal Progress'!J5,#REF!,'Internal Progress'!$I$3) -> #REF! | K7: =COUNTIFS(#REF!,'Internal Progress'!K5,#REF!,'Internal Progress'!$I$3) -> #REF! | L7: =SUM(F7:H7) -> #REF! | M7: =L7/B7 -> #REF! | N7: =SUM(I7:K7) -> #REF! | O7: =N7/B7 -> #REF! | P7: =SUM(L7+N7) -> #REF! | Q7: =P7/B7 -> #REF!
A8: Mechanical | B8: {=SUMPRODUCT((ME!$C$4:$C$927<>"")*(ME!#REF!<>""))} -> #REF! | C8: =COUNTIF(#REF!,"High") -> #REF! | D8: =COUNTIF(#REF!,"Medium") -> #REF! | E8: =COUNTIF(#REF!,"Low") -> #REF! | F8: =COUNTIFS(#REF!,'Internal Progress'!F5,#REF!,'Internal Progress'!$F$3) -> #REF! | G8: =COUNTIFS(#REF!,'Internal Progress'!G5,#REF!,'Internal Progress'!$F$3) -> #REF! | H8: =COUNTIFS(#REF!,'Internal Progress'!H5,#REF!,'Internal Progress'!$F$3) -> #REF! | I8: =COUNTIFS(#REF!,'Internal Progress'!$I$5,#REF!,'Internal Progress'!$I$3) -> #REF! | J8: =COUNTIFS(#REF!,'Internal Progress'!J5,#REF!,'Internal Progress'!$I$3) -> #REF! | K8: =COUNTIFS(#REF!,'Internal Progress'!K5,#REF!,'Internal Progress'!$I$3) -> #REF! | L8: =SUM(F8:H8) -> #REF! | M8: =L8/B8 -> #REF! | N8: =SUM(I8:K8) -> #REF! | O8: =N8/B8 -> #REF! | P8: =SUM(L8+N8) -> #REF! | Q8: =P8/B8 -> #REF!
A9: Fire Protection | B9: {=SUMPRODUCT((FI!$C$4:$C$988<>"")*(FI!#REF!<>""))} -> #REF! | C9: =COUNTIF(#REF!,"High") -> #REF! | D9: =COUNTIF(#REF!,"Medium") -> #REF! | E9: =COUNTIF(#REF!,"Low") -> #REF! | F9: =COUNTIFS(#REF!,'Internal Progress'!F5,#REF!,'Internal Progress'!$F$3) -> #REF! | G9: =COUNTIFS(#REF!,'Internal Progress'!G5,#REF!,'Internal Progress'!$F$3) -> #REF! | H9: =COUNTIFS(#REF!,'Internal Progress'!H5,#REF!,'Internal Progress'!$F$3) -> #REF! | I9: =COUNTIFS(#REF!,'Internal Progress'!F5,#REF!,'Internal Progress'!$I$3) -> #REF! | J9: =COUNTIFS(#REF!,'Internal Progress'!J5,#REF!,'Internal Progress'!$I$3) -> #REF! | K9: =COUNTIFS(#REF!,'Internal Progress'!K5,#REF!,'Internal Progress'!$I$3) -> #REF! | L9: =SUM(F9:H9) -> #REF! | M9: =L9/B9 -> #REF! | N9: =SUM(I9:K9) -> #REF! | O9: =N9/B9 -> #REF! | P9: =SUM(L9+N9) -> #REF! | Q9: =P9/B9 -> #REF!
A10: Hydraulics | B10: {=SUMPRODUCT((HY!$C$5:$C$999<>"")*(HY!#REF!<>""))} -> #REF! | C10: =COUNTIF(#REF!,"High") -> #REF! | D10: =COUNTIF(#REF!,"Medium") -> #REF! | E10: =COUNTIF(#REF!,"low") -> #REF! | F10: =COUNTIFS(#REF!,'Internal Progress'!F5,#REF!,'Internal Progress'!$F$3) -> #REF! | G10: =COUNTIFS(#REF!,'Internal Progress'!G5,#REF!,'Internal Progress'!$F$3) -> #REF! | H10: =COUNTIFS(#REF!,'Internal Progress'!H5,#REF!,'Internal Progress'!$F$3) -> #REF! | I10: =COUNTIFS(#REF!,'Internal Progress'!F5,#REF!,'Internal Progress'!$I$3) -> #REF! | J10: =COUNTIFS(#REF!,'Internal Progress'!J5,#REF!,'Internal Progress'!$I$3) -> #REF! | K10: =COUNTIFS(#REF!,'Internal Progress'!K5,#REF!,'Internal Progress'!$I$3) -> #REF! | L10: =SUM(F10:H10) -> #REF! | M10: =L10/B10 -> #REF! | N10: =SUM(I10:K10) -> #REF! | O10: =N10/B10 -> #REF! | P10: =SUM(L10+N10) -> #REF! | Q10: =P10/B10 -> #REF!
A11: Electrical & Comms | B11: {=SUMPRODUCT((EL!$C$4:$C$1136<>"")*(EL!#REF!<>""))} -> #REF! | C11: =COUNTIF(#REF!,"High") -> #REF! | D11: =COUNTIF(#REF!,"Medium") -> #REF! | E11: =COUNTIF(#REF!,"Low") -> #REF! | F11: =COUNTIFS(#REF!,'Internal Progress'!F5,#REF!,'Internal Progress'!$F$3) -> #REF! | G11: =COUNTIFS(#REF!,'Internal Progress'!G5,#REF!,'Internal Progress'!$F$3) -> #REF! | H11: =COUNTIFS(#REF!,'Internal Progress'!H5,#REF!,'Internal Progress'!$F$3) -> #REF! | I11: =COUNTIFS(#REF!,'Internal Progress'!I5,#REF!,I3) -> #REF! | J11: =COUNTIFS(#REF!,'Internal Progress'!J5,#REF!,'Internal Progress'!$I$3) -> #REF! | K11: =COUNTIFS(#REF!,'Internal Progress'!K5,#REF!,'Internal Progress'!$I$3) -> #REF! | L11: =SUM(F11:H11) -> #REF! | M11: =L11/B11 -> #REF! | N11: =SUM(I11:K11) -> #REF! | O11: =N11/B11 -> #REF! | P11: =SUM(L11+N11) -> #REF! | Q11: =P11/B11 -> #REF!
A12: Overall | B12: =SUM(B6:B11) -> #REF! | C12: =SUM(C6:C11) -> #REF! | D12: =SUM(D6:D11) -> #REF! | E12: =SUM(E6:E11) -> #REF! | F12: =SUM(F6:F11) -> #REF! | G12: =SUM(G6:G11) -> #REF! | H12: =SUM(H6:H11) -> #REF! | I12: =SUM(I6:I11) -> #REF! | ... L12: =SUM(L6:L11) -> #REF! | M12: =L12/B12 -> #REF! | N12: =SUM(N6:N11) -> #REF! | O12: =N12/B12 -> #REF! | P12: =SUM(P6:P11) -> #REF! | Q12: =P12/B12 -> #REF!
L14: =F12+I12 -> #REF! | M14: =G12+J12 -> #REF! | N14: =H12+K12 -> #REF!
L15: Total | M15: =Q12 -> #REF!

Sheet Priority 
I1: =IF(WEEKDAY(G6=0,2),"",IF(WEEKDAY(G6,2)=7,G6+4,IF(WEEKDAY(G6,2)<=3,G6+3,G6+5)))
A2: S/N | B2: Trade | C2: Doc Ref No. | D2: Document Description | E2: Rev | F2: Plan Date | G2: Actual Submission Date | H2: Approval Date | K2: Action By | L2: Delays Date | M2: Status | N2: Priority | O2: Scope | P2: Required Review by STT's Engineering Team (YES/NO)
H3: CTA | I3: AUR | J3: STT
A4: ARCHITECTURAL | F4: *Put only this | G4: dd/mm/yy
A5: 1 | B5: Architectural | C5: 523213-01-RFAS-AR-0001 | D5: =_xlfn.XLOOKUP(C5,AR!$E$4:$E$56,AR!$D$4:$D$56) -> Architectural Drawing Index | E5: =IF(VLOOKUP(C5,AR!$E$4:$AC$512,5,0)="","",VLOOKUP(C5,AR!$E$4:$AC$1011,5,0)) -> 0 | F5: 46034 | G5: =IF(VLOOKUP(C5,AR!$E$4:$AC$512,3,0)="","",VLOOKUP(C5,AR!$E$4:$AC$512,3,0)) -> 46034 | H5: =IF(ISNA(MATCH($C5,AR!$E$4:$E$1019,0)),"", IF($E5=0,IF(INDEX(AR!$P$4:$P$1019,MATCH($C5,AR!$E$4:$E$1019,0))="","",INDEX(AR!$P$4:$P$1019,MATCH($C5,AR!$E$4:$E$1019,0))), IF($E5=1,IF(INDEX(AR!$U$4:$U$1019,MATCH($C5,AR!$E$4:$E$1019,0))="","",INDEX(AR!$U$4:$U$1019,MATCH($C5,AR!$E$4:$E$1019,0))), IF($E5=2,IF(INDEX(AR!$Z$4:$Z$1019,MATCH($C5,AR!$E$4:$E$1019,0))="","",INDEX(AR!$Z$4:$Z$1019,MATCH($C5,AR!$E$4:$E$1019,0))), IF($E5=3,IF(INDEX(AR!$AE$4:$AE$1019,MATCH($C5,AR!$E$4:$E$1019,0))="","",INDEX(AR!$AE$4:$AE$1019,MATCH($C5,AR!$E$4:$E$1019,0))), IF($E5=4,IF(INDEX(AR!$AJ$4:$AJ$1019,MATCH($C5,AR!$E$4:$E$1019,0))="","",INDEX(AR!$AJ$4:$AJ$1019,MATCH($C5,AR!$E$4:$E$1019,0))), IF($E5=5,IF(INDEX(AR!$AO$4:$AO$1019,MATCH($C5,AR!$E$4:$E$1019,0))="","",INDEX(AR!$AO$4:$AO$1019,MATCH($C5,AR!$E$4:$E$1019,0))),""))))))) -> 46043 | I5: =IF(ISNA(MATCH($C5,AR!$E$4:$E$1019,0)),"", IF($E5=0,IF(INDEX(AR!$Q$4:$Q$1019,MATCH($C5,AR!$E$4:$E$1019,0))="","",INDEX(AR!$Q$4:$Q$1019,MATCH($C5,AR!$E$4:$E$1019,0))), IF($E5=1,IF(INDEX(AR!$V$4:$V$1019,MATCH($C5,AR!$E$4:$E$1019,0))="","",INDEX(AR!$V$4:$V$1019,MATCH($C5,AR!$E$4:$E$1019,0))), IF($E5=2,IF(INDEX(AR!$AA$4:$AA$1019,MATCH($C5,AR!$E$4:$E$1019,0))="","",INDEX(AR!$AA$4:$AA$1019,MATCH($C5,AR!$E$4:$E$1019,0))), IF($E5=3,IF(INDEX(AR!$AF$4:$AF$1019,MATCH($C5,AR!$E$4:$E$1019,0))="","",INDEX(AR!$AF$4:$AF$1019,MATCH($C5,AR!$E$4:$E$1019,0))), IF($E5=4,IF(INDEX(AR!$AK$4:$AK$1019,MATCH($C5,AR!$E$4:$E$1019,0))="","",INDEX(AR!$AK$4:$AK$1019,MATCH($C5,AR!$E$4:$E$1019,0))), IF($E5=5,IF(INDEX(AR!$AP$4:$AP$1019,MATCH($C5,AR!$E$4:$E$1019,0))="","",INDEX(AR!$AP$4:$AP$1019,MATCH($C5,AR!$E$4:$E$1019,0))),""))))))) -> 46045 | J5: =IF(ISNA(MATCH($C5,AR!$E$4:$E$1019,0)),"", IF($E5=0,IF(INDEX(AR!$R$4:$R$1019,MATCH($C5,AR!$E$4:$E$1019,0))="","",INDEX(AR!$R$4:$R$1019,MATCH($C5,AR!$E$4:$E$1019,0))), IF($E5=1,IF(INDEX(AR!$W$4:$W$1019,MATCH($C5,AR!$E$4:$E$1019,0))="","",INDEX(AR!$W$4:$W$1019,MATCH($C5,AR!$E$4:$E$1019,0))), IF($E5=2,IF(INDEX(AR!$AB$4:$AB$1019,MATCH($C5,AR!$E$4:$E$1019,0))="","",INDEX(AR!$AB$4:$AB$1019,MATCH($C5,AR!$E$4:$E$1019,0))), IF($E5=3,IF(INDEX(AR!$AG$4:$AG$1019,MATCH($C5,AR!$E$4:$E$1019,0))="","",INDEX(AR!$AG$4:$AG$1019,MATCH($C5,AR!$E$4:$E$1019,0))), IF($E5=4,IF(INDEX(AR!$AL$4:$AL$1019,MATCH($C5,AR!$E$4:$E$1019,0))="","",INDEX(AR!$AL$4:$AL$1019,MATCH($C5,AR!$E$4:$E$1019,0))), IF($E5=5,IF(INDEX(AR!$AQ$4:$AQ$1019,MATCH($C5,AR!$E$4:$E$1019,0))="","",INDEX(AR!$AQ$4:$AQ$1019,MATCH($C5,AR!$E$4:$E$1019,0))),""))))))) -> 46050 | K5: =AR!J4 -> Closed | L5: {=_xlfn.IFS(AND($E5<>"",$M5="Pending",$K5="CTA"),TODAY()-$G5,AND($E5<>"",$M5="Pending",$K5="AUR"),TODAY()-$H5,AND($E5<>"",$M5="Pending",$K5="STT"),TODAY()-$I5,OR(K5="Closed",K5=""),"")} | M5: B | N5: =IF(AND(E5<>"",M5="Pending"),IF(L5>=5,"Overdue",IF(L5>=3,"High","")),"") | O5: =AR!M4 -> GC | P5: {=AR!BC4:BC84} -> NO
A6: 2 | B6: Architectural | C6: 523213-01-RFAS-AR-0002 | D6: =_xlfn.XLOOKUP(C6,AR!$E$4:$E$56,AR!$D$4:$D$56) -> Level 1 - Overall Base Plan | E6: =IF(VLOOKUP(C6,AR!$E$4:$AC$512,5,0)="","",VLOOKUP(C6,AR!$E$4:$AC$1011,5,0)) -> 0 | F6: 46034 | G6: =IF(VLOOKUP(C6,AR!$E$4:$AC$512,3,0)="","",VLOOKUP(C6,AR!$E$4:$AC$512,3,0)) -> 46041 | H6: =IF(ISNA(MATCH($C6,AR!$E$4:$E$1019,0)),"", IF($E6=0,IF(INDEX(AR!$P$4:$P$1019,MATCH($C6,AR!$E$4:$E$1019,0))="","",INDEX(AR!$P$4:$P$1019,MATCH($C6,AR!$E$4:$E$1019,0))), IF($E6=1,IF(INDEX(AR!$U$4:$U$1019,MATCH($C6,AR!$E$4:$E$1019,0))="","",INDEX(AR!$U$4:$U$1019,MATCH($C6,AR!$E$4:$E$1019,0))), IF($E6=2,IF(INDEX(AR!$Z$4:$Z$1019,MATCH($C6,AR!$E$4:$E$1019,0))="","",INDEX(AR!$Z$4:$Z$1019,MATCH($C6,AR!$E$4:$E$1019,0))), IF($E6=3,IF(INDEX(AR!$AE$4:$AE$1019,MATCH($C6,AR!$E$4:$E$1019,0))="","",INDEX(AR!$AE$4:$AE$1019,MATCH($C6,AR!$E$4:$E$1019,0))), IF($E6=4,IF(INDEX(AR!$AJ$4:$AJ$1019,MATCH($C6,AR!$E$4:$E$1019,0))="","",INDEX(AR!$AJ$4:$AJ$1019,MATCH($C6,AR!$E$4:$E$1019,0))), IF($E6=5,IF(INDEX(AR!$AO$4:$AO$1019,MATCH($C6,AR!$E$4:$E$1019,0))="","",INDEX(AR!$AO$4:$AO$1019,MATCH($C6,AR!$E$4:$E$1019,0))),""))))))) -> 46043 | I6: =IF(ISNA(MATCH($C6,AR!$E$4:$E$1019,0)),"", IF($E6=0,IF(INDEX(AR!$Q$4:$Q$1019,MATCH($C6,AR!$E$4:$E$1019,0))="","",INDEX(AR!$Q$4:$Q$1019,MATCH($C6,AR!$E$4:$E$1019,0))), IF($E6=1,IF(INDEX(AR!$V$4:$V$1019,MATCH($C6,AR!$E$4:$E$1019,0))="","",INDEX(AR!$V$4:$V$1019,MATCH($C6,AR!$E$4:$E$1019,0))), IF($E6=2,IF(INDEX(AR!$AA$4:$AA$1019,MATCH($C6,AR!$E$4:$E$1019,0))="","",INDEX(AR!$AA$4:$AA$1019,MATCH($C6,AR!$E$4:$E$1019,0))), IF($E6=3,IF(INDEX(AR!$AF$4:$AF$1019,MATCH($C6,AR!$E$4:$E$1019,0))="","",INDEX(AR!$AF$4:$AF$1019,MATCH($C6,AR!$E$4:$E$1019,0))), IF($E6=4,IF(INDEX(AR!$AK$4:$AK$1019,MATCH($C6,AR!$E$4:$E$1019,0))="","",INDEX(AR!$AK$4:$AK$1019,MATCH($C6,AR!$E$4:$E$1019,0))), IF($E6=5,IF(INDEX(AR!$AP$4:$AP$1019,MATCH($C6,AR!$E$4:$E$1019,0))="","",INDEX(AR!$AP$4:$AP$1019,MATCH($C6,AR!$E$4:$E$1019,0))),""))))))) -> 46045 | J6: =IF(ISNA(MATCH($C6,AR!$E$4:$E$1019,0)),"", IF($E6=0,IF(INDEX(AR!$R$4:$R$1019,MATCH($C6,AR!$E$4:$E$1019,0))="","",INDEX(AR!$R$4:$R$1019,MATCH($C6,AR!$E$4:$E$1019,0))), IF($E6=1,IF(INDEX(AR!$W$4:$W$1019,MATCH($C6,AR!$E$4:$E$1019,0))="","",INDEX(AR!$W$4:$W$1019,MATCH($C6,AR!$E$4:$E$1019,0))), IF($E6=2,IF(INDEX(AR!$AB$4:$AB$1019,MATCH($C6,AR!$E$4:$E$1019,0))="","",INDEX(AR!$AB$4:$AB$1019,MATCH($C6,AR!$E$4:$E$1019,0))), IF($E6=3,IF(INDEX(AR!$AG$4:$AG$1019,MATCH($C6,AR!$E$4:$E$1019,0))="","",INDEX(AR!$AG$4:$AG$1019,MATCH($C6,AR!$E$4:$E$1019,0))), IF($E6=4,IF(INDEX(AR!$AL$4:$AL$1019,MATCH($C6,AR!$E$4:$E$1019,0))="","",INDEX(AR!$AL$4:$AL$1019,MATCH($C6,AR!$E$4:$E$1019,0))), IF($E6=5,IF(INDEX(AR!$AQ$4:$AQ$1019,MATCH($C6,AR!$E$4:$E$1019,0))="","",INDEX(AR!$AQ$4:$AQ$1019,MATCH($C6,AR!$E$4:$E$1019,0))),""))))))) -> 46050 | K6: =AR!J5 -> GAA | L6: {=_xlfn.IFS(AND($E6<>"",$M6="Pending",$K6="CTA"),TODAY()-$G6,AND($E6<>"",$M6="Pending",$K6="AUR"),TODAY()-$H6,AND($E6<>"",$M6="Pending",$K6="STT"),TODAY()-$I6,OR(K6="Closed",K6=""),"")} -> #N/A | M6: =VLOOKUP(C6,AR!$E$4:$AC$512,7,0) -> C | N6: =IF(AND(E6<>"",M6="Pending"),IF(L6>=5,"Overdue",IF(L6>=3,"High","")),"") | O6: =AR!M5 -> GC | P6: NO
A7: 3 | B7: Architectural | C7: 523213-01-RFAS-AR-0003 | D7: =_xlfn.XLOOKUP(C7,AR!$E$4:$E$56,AR!$D$4:$D$56) -> Level 2 - Overall Base Plan | E7: =IF(VLOOKUP(C7,AR!$E$4:$AC$512,5,0)="","",VLOOKUP(C7,AR!$E$4:$AC$1011,5,0)) -> 0 | F7: 46034 | G7: =IF(VLOOKUP(C7,AR!$E$4:$AC$512,3,0)="","",VLOOKUP(C7,AR!$E$4:$AC$512,3,0)) -> 46039 | H7: =IF(ISNA(MATCH($C7,AR!$E$4:$E$1019,0)),"", IF($E7=0,IF(INDEX(AR!$P$4:$P$1019,MATCH($C7,AR!$E$4:$E$1019,0))="","",INDEX(AR!$P$4:$P$1019,MATCH($C7,AR!$E$4:$E$1019,0))), IF($E7=1,IF(INDEX(AR!$U$4:$U$1019,MATCH($C7,AR!$E$4:$E$1019,0))="","",INDEX(AR!$U$4:$U$1019,MATCH($C7,AR!$E$4:$E$1019,0))), IF($E7=2,IF(INDEX(AR!$Z$4:$Z$1019,MATCH($C7,AR!$E$4:$E$1019,0))="","",INDEX(AR!$Z$4:$Z$1019,MATCH($C7,AR!$E$4:$E$1019,0))), IF($E7=3,IF(INDEX(AR!$AE$4:$AE$1019,MATCH($C7,AR!$E$4:$E$1019,0))="","",INDEX(AR!$AE$4:$AE$1019,MATCH($C7,AR!$E$4:$E$1019,0))), IF($E7=4,IF(INDEX(AR!$AJ$4:$AJ$1019,MATCH($C7,AR!$E$4:$E$1019,0))="","",INDEX(AR!$AJ$4:$AJ$1019,MATCH($C7,AR!$E$4:$E$1019,0))), IF($E7=5,IF(INDEX(AR!$AO$4:$AO$1019,MATCH($C7,AR!$E$4:$E$1019,0))="","",INDEX(AR!$AO$4:$AO$1019,MATCH($C7,AR!$E$4:$E$1019,0))),""))))))) -> 46043 | I7: =IF(ISNA(MATCH($C7,AR!$E$4:$E$1019,0)),"", IF($E7=0,IF(INDEX(AR!$Q$4:$Q$1019,MATCH($C7,AR!$E$4:$E$1019,0))="","",INDEX(AR!$Q$4:$Q$1019,MATCH($C7,AR!$E$4:$E$1019,0))), IF($E7=1,IF(INDEX(AR!$V$4:$V$1019,MATCH($C7,AR!$E$4:$E$1019,0))="","",INDEX(AR!$V$4:$V$1019,MATCH($C7,AR!$E$4:$E$1019,0))), IF($E7=2,IF(INDEX(AR!$AA$4:$AA$1019,MATCH($C7,AR!$E$4:$E$1019,0))="","",INDEX(AR!$AA$4:$AA$1019,MATCH($C7,AR!$E$4:$E$1019,0))), IF($E7=3,IF(INDEX(AR!$AF$4:$AF$1019,MATCH($C7,AR!$E$4:$E$1019,0))="","",INDEX(AR!$AF$4:$AF$1019,MATCH($C7,AR!$E$4:$E$1019,0))), IF($E7=4,IF(INDEX(AR!$AK$4:$AK$1019,MATCH($C7,AR!$E$4:$E$1019,0))="","",INDEX(AR!$AK$4:$AK$1019,MATCH($C7,AR!$E$4:$E$1019,0))), IF($E7=5,IF(INDEX(AR!$AP$4:$AP$1019,MATCH($C7,AR!$E$4:$E$1019,0))="","",INDEX(AR!$AP$4:$AP$1019,MATCH($C7,AR!$E$4:$E$1019,0))),""))))))) | J7: =IF(ISNA(MATCH($C7,AR!$E$4:$E$1019,0)),"", IF($E7=0,IF(INDEX(AR!$R$4:$R$1019,MATCH($C7,AR!$E$4:$E$1019,0))="","",INDEX(AR!$R$4:$R$1019,MATCH($C7,AR!$E$4:$E$1019,0))), IF($E7=1,IF(INDEX(AR!$W$4:$W$1019,MATCH($C7,AR!$E$4:$E$1019,0))="","",INDEX(AR!$W$4:$W$1019,MATCH($C7,AR!$E$4:$E$1019,0))), IF($E7=2,IF(INDEX(AR!$AB$4:$AB$1019,MATCH($C7,AR!$E$4:$E$1019,0))="","",INDEX(AR!$AB$4:$AB$1019,MATCH($C7,AR!$E$4:$E$1019,0))), IF($E7=3,IF(INDEX(AR!$AG$4:$AG$1019,MATCH($C7,AR!$E$4:$E$1019,0))="","",INDEX(AR!$AG$4:$AG$1019,MATCH($C7,AR!$E$4:$E$1019,0))), IF($E7=4,IF(INDEX(AR!$AL$4:$AL$1019,MATCH($C7,AR!$E$4:$E$1019,0))="","",INDEX(AR!$AL$4:$AL$1019,MATCH($C7,AR!$E$4:$E$1019,0))), IF($E7=5,IF(INDEX(AR!$AQ$4:$AQ$1019,MATCH($C7,AR!$E$4:$E$1019,0))="","",INDEX(AR!$AQ$4:$AQ$1019,MATCH($C7,AR!$E$4:$E$1019,0))),""))))))) | K7: =AR!J6 -> AUR | L7: {=_xlfn.IFS(AND($E7<>"",$M7="Pending",$K7="CTA"),TODAY()-$G7,AND($E7<>"",$M7="Pending",$K7="AUR"),TODAY()-$H7,AND($E7<>"",$M7="Pending",$K7="STT"),TODAY()-$I7,OR(K7="Closed",K7=""),"")} -> 23 | M7: =VLOOKUP(C7,AR!$E$4:$AC$512,7,0) -> Pending | N7: =IF(AND(E7<>"",M7="Pending"),IF(L7>=5,"Overdue",IF(L7>=3,"High","")),"") -> Overdue | O7: =AR!M6 -> GC | P7: NO
A8: 4 | B8: Architectural | C8: 523213-01-RFAS-AR-0004 | D8: =_xlfn.XLOOKUP(C8,AR!$E$4:$E$56,AR!$D$4:$D$56) -> Level 3 - Overall Base Plan | E8: =IF(VLOOKUP(C8,AR!$E$4:$AC$512,5,0)="","",VLOOKUP(C8,AR!$E$4:$AC$1011,5,0)) -> 0 | F8: 46034 | G8: =IF(VLOOKUP(C8,AR!$E$4:$AC$512,3,0)="","",VLOOKUP(C8,AR!$E$4:$AC$512,3,0)) -> 46042 | H8: =IF(ISNA(MATCH($C8,AR!$E$4:$E$1019,0)),"", IF($E8=0,IF(INDEX(AR!$P$4:$P$1019,MATCH($C8,AR!$E$4:$E$1019,0))="","",INDEX(AR!$P$4:$P$1019,MATCH($C8,AR!$E$4:$E$1019,0))), IF($E8=1,IF(INDEX(AR!$U$4:$U$1019,MATCH($C8,AR!$E$4:$E$1019,0))="","",INDEX(AR!$U$4:$U$1019,MATCH($C8,AR!$E$4:$E$1019,0))), IF($E8=2,IF(INDEX(AR!$Z$4:$Z$1019,MATCH($C8,AR!$E$4:$E$1019,0))="","",INDEX(AR!$Z$4:$Z$1019,MATCH($C8,AR!$E$4:$E$1019,0))), IF($E8=3,IF(INDEX(AR!$AE$4:$AE$1019,MATCH($C8,AR!$E$4:$E$1019,0))="","",INDEX(AR!$AE$4:$AE$1019,MATCH($C8,AR!$E$4:$E$1019,0))), IF($E8=4,IF(INDEX(AR!$AJ$4:$AJ$1019,MATCH($C8,AR!$E$4:$E$1019,0))="","",INDEX(AR!$AJ$4:$AJ$1019,MATCH($C8,AR!$E$4:$E$1019,0))), IF($E8=5,IF(INDEX(AR!$AO$4:$AO$1019,MATCH($C8,AR!$E$4:$E$1019,0))="","",INDEX(AR!$AO$4:$AO$1019,MATCH($C8,AR!$E$4:$E$1019,0))),""))))))) -> 46044 | I8: =IF(ISNA(MATCH($C8,AR!$E$4:$E$1019,0)),"", IF($E8=0,IF(INDEX(AR!$Q$4:$Q$1019,MATCH($C8,AR!$E$4:$E$1019,0))="","",INDEX(AR!$Q$4:$Q$1019,MATCH($C8,AR!$E$4:$E$1019,0))), IF($E8=1,IF(INDEX(AR!$V$4:$V$1019,MATCH($C8,AR!$E$4:$E$1019,0))="","",INDEX(AR!$V$4:$V$1019,MATCH($C8,AR!$E$4:$E$1019,0))), IF($E8=2,IF(INDEX(AR!$AA$4:$AA$1019,MATCH($C8,AR!$E$4:$E$1019,0))="","",INDEX(AR!$AA$4:$AA$1019,MATCH($C8,AR!$E$4:$E$1019,0))), IF($E8=3,IF(INDEX(AR!$AF$4:$AF$1019,MATCH($C8,AR!$E$4:$E$1019,0))="","",INDEX(AR!$AF$4:$AF$1019,MATCH($C8,AR!$E$4:$E$1019,0))), IF($E8=4,IF(INDEX(AR!$AK$4:$AK$1019,MATCH($C8,AR!$E$4:$E$1019,0))="","",INDEX(AR!$AK$4:$AK$1019,MATCH($C8,AR!$E$4:$E$1019,0))), IF($E8=5,IF(INDEX(AR!$AP$4:$AP$1019,MATCH($C8,AR!$E$4:$E$1019,0))="","",INDEX(AR!$AP$4:$AP$1019,MATCH($C8,AR!$E$4:$E$1019,0))),""))))))) -> 46050 | J8: =IF(ISNA(MATCH($C8,AR!$E$4:$E$1019,0)),"", IF($E8=0,IF(INDEX(AR!$R$4:$R$1019,MATCH($C8,AR!$E$4:$E$1019,0))="","",INDEX(AR!$R$4:$R$1019,MATCH($C8,AR!$E$4:$E$1019,0))), IF($E8=1,IF(INDEX(AR!$W$4:$W$1019,MATCH($C8,AR!$E$4:$E$1019,0))="","",INDEX(AR!$W$4:$W$1019,MATCH($C8,AR!$E$4:$E$1019,0))), IF($E8=2,IF(INDEX(AR!$AB$4:$AB$1019,MATCH($C8,AR!$E$4:$E$1019,0))="","",INDEX(AR!$AB$4:$AB$1019,MATCH($C8,AR!$E$4:$E$1019,0))), IF($E8=3,IF(INDEX(AR!$AG$4:$AG$1019,MATCH($C8,AR!$E$4:$E$1019,0))="","",INDEX(AR!$AG$4:$AG$1019,MATCH($C8,AR!$E$4:$E$1019,0))), IF($E8=4,IF(INDEX(AR!$AL$4:$AL$1019,MATCH($C8,AR!$E$4:$E$1019,0))="","",INDEX(AR!$AL$4:$AL$1019,MATCH($C8,AR!$E$4:$E$1019,0))), IF($E8=5,IF(INDEX(AR!$AQ$4:$AQ$1019,MATCH($C8,AR!$E$4:$E$1019,0))="","",INDEX(AR!$AQ$4:$AQ$1019,MATCH($C8,AR!$E$4:$E$1019,0))),""))))))) -> 46055 | K8: =AR!J7 -> Closed | L8: {=_xlfn.IFS(AND($E8<>"",$M8="Pending",$K8="CTA"),TODAY()-$G8,AND($E8<>"",$M8="Pending",$K8="AUR"),TODAY()-$H8,AND($E8<>"",$M8="Pending",$K8="STT"),TODAY()-$I8,OR(K8="Closed",K8=""),"")} | M8: =VLOOKUP(C8,AR!$E$4:$AC$512,7,0) -> B | N8: =IF(AND(E8<>"",M8="Pending"),IF(L8>=5,"Overdue",IF(L8>=3,"High","")),"") | O8: =AR!M7 -> GC | P8: NO
A9: 5 | B9: Architectural | C9: 523213-01-RFAS-AR-0005 | D9: =_xlfn.XLOOKUP(C9,AR!$E$4:$E$56,AR!$D$4:$D$56) -> Level 4 - Overall Base Plan | E9: =IF(VLOOKUP(C9,AR!$E$4:$AC$512,5,0)="","",VLOOKUP(C9,AR!$E$4:$AC$1011,5,0)) -> 0 | F9: 46034 | G9: =IF(VLOOKUP(C9,AR!$E$4:$AC$512,3,0)="","",VLOOKUP(C9,AR!$E$4:$AC$512,3,0)) -> 46049 | H9: =IF(ISNA(MATCH($C9,AR!$E$4:$E$1019,0)),"", IF($E9=0,IF(INDEX(AR!$P$4:$P$1019,MATCH($C9,AR!$E$4:$E$1019,0))="","",INDEX(AR!$P$4:$P$1019,MATCH($C9,AR!$E$4:$E$1019,0))), IF($E9=1,IF(INDEX(AR!$U$4:$U$1019,MATCH($C9,AR!$E$4:$E$1019,0))="","",INDEX(AR!$U$4:$U$1019,MATCH($C9,AR!$E$4:$E$1019,0))), IF($E9=2,IF(INDEX(AR!$Z$4:$Z$1019,MATCH($C9,AR!$E$4:$E$1019,0))="","",INDEX(AR!$Z$4:$Z$1019,MATCH($C9,AR!$E$4:$E$1019,0))), IF($E9=3,IF(INDEX(AR!$AE$4:$AE$1019,MATCH($C9,AR!$E$4:$E$1019,0))="","",INDEX(AR!$AE$4:$AE$1019,MATCH($C9,AR!$E$4:$E$1019,0))), IF($E9=4,IF(INDEX(AR!$AJ$4:$AJ$1019,MATCH($C9,AR!$E$4:$E$1019,0))="","",INDEX(AR!$AJ$4:$AJ$1019,MATCH($C9,AR!$E$4:$E$1019,0))), IF($E9=5,IF(INDEX(AR!$AO$4:$AO$1019,MATCH($C9,AR!$E$4:$E$1019,0))="","",INDEX(AR!$AO$4:$AO$1019,MATCH($C9,AR!$E$4:$E$1019,0))),""))))))) -> 46050 | I9: =IF(ISNA(MATCH($C9,AR!$E$4:$E$1019,0)),"", IF($E9=0,IF(INDEX(AR!$Q$4:$Q$1019,MATCH($C9,AR!$E$4:$E$1019,0))="","",INDEX(AR!$Q$4:$Q$1019,MATCH($C9,AR!$E$4:$E$1019,0))), IF($E9=1,IF(INDEX(AR!$V$4:$V$1019,MATCH($C9,AR!$E$4:$E$1019,0))="","",INDEX(AR!$V$4:$V$1019,MATCH($C9,AR!$E$4:$E$1019,0))), IF($E9=2,IF(INDEX(AR!$AA$4:$AA$1019,MATCH($C9,AR!$E$4:$E$1019,0))="","",INDEX(AR!$AA$4:$AA$1019,MATCH($C9,AR!$E$4:$E$1019,0))), IF($E9=3,IF(INDEX(AR!$AF$4:$AF$1019,MATCH($C9,AR!$E$4:$E$1019,0))="","",INDEX(AR!$AF$4:$AF$1019,MATCH($C9,AR!$E$4:$E$1019,0))), IF($E9=4,IF(INDEX(AR!$AK$4:$AK$1019,MATCH($C9,AR!$E$4:$E$1019,0))="","",INDEX(AR!$AK$4:$AK$1019,MATCH($C9,AR!$E$4:$E$1019,0))), IF($E9=5,IF(INDEX(AR!$AP$4:$AP$1019,MATCH($C9,AR!$E$4:$E$1019,0))="","",INDEX(AR!$AP$4:$AP$1019,MATCH($C9,AR!$E$4:$E$1019,0))),""))))))) -> 46052 | J9: =IF(ISNA(MATCH($C9,AR!$E$4:$E$1019,0)),"", IF($E9=0,IF(INDEX(AR!$R$4:$R$1019,MATCH($C9,AR!$E$4:$E$1019,0))="","",INDEX(AR!$R$4:$R$1019,MATCH($C9,AR!$E$4:$E$1019,0))), IF($E9=1,IF(INDEX(AR!$W$4:$W$1019,MATCH($C9,AR!$E$4:$E$1019,0))="","",INDEX(AR!$W$4:$W$1019,MATCH($C9,AR!$E$4:$E$1019,0))), IF($E9=2,IF(INDEX(AR!$AB$4:$AB$1019,MATCH($C9,AR!$E$4:$E$1019,0))="","",INDEX(AR!$AB$4:$AB$1019,MATCH($C9,AR!$E$4:$E$1019,0))), IF($E9=3,IF(INDEX(AR!$AG$4:$AG$1019,MATCH($C9,AR!$E$4:$E$1019,0))="","",INDEX(AR!$AG$4:$AG$1019,MATCH($C9,AR!$E$4:$E$1019,0))), IF($E9=4,IF(INDEX(AR!$AL$4:$AL$1019,MATCH($C9,AR!$E$4:$E$1019,0))="","",INDEX(AR!$AL$4:$AL$1019,MATCH($C9,AR!$E$4:$E$1019,0))), IF($E9=5,IF(INDEX(AR!$AQ$4:$AQ$1019,MATCH($C9,AR!$E$4:$E$1019,0))="","",INDEX(AR!$AQ$4:$AQ$1019,MATCH($C9,AR!$E$4:$E$1019,0))),""))))))) -> 46059 | K9: =AR!J8 -> Closed | L9: {=_xlfn.IFS(AND($E9<>"",$M9="Pending",$K9="CTA"),TODAY()-$G9,AND($E9<>"",$M9="Pending",$K9="AUR"),TODAY()-$H9,AND($E9<>"",$M9="Pending",$K9="STT"),TODAY()-$I9,OR(K9="Closed",K9=""),"")} | M9: =VLOOKUP(C9,AR!$E$4:$AC$512,7,0) -> B | N9: =IF(AND(E9<>"",M9="Pending"),IF(L9>=5,"Overdue",IF(L9>=3,"High","")),"") | O9: =AR!M8 -> GC | P9: NO
A10: 6 | B10: Architectural | C10: 523213-01-RFAS-AR-0006 | D10: =_xlfn.XLOOKUP(C10,AR!$E$4:$E$56,AR!$D$4:$D$56) -> Level 5 - Overall Base Plan | E10: =IF(VLOOKUP(C10,AR!$E$4:$AC$512,5,0)="","",VLOOKUP(C10,AR!$E$4:$AC$1011,5,0)) -> 0 | F10: 46034 | G10: =IF(VLOOKUP(C10,AR!$E$4:$AC$512,3,0)="","",VLOOKUP(C10,AR!$E$4:$AC$512,3,0)) -> 46050 | H10: =IF(ISNA(MATCH($C10,AR!$E$4:$E$1019,0)),"", IF($E10=0,IF(INDEX(AR!$P$4:$P$1019,MATCH($C10,AR!$E$4:$E$1019,0))="","",INDEX(AR!$P$4:$P$1019,MATCH($C10,AR!$E$4:$E$1019,0))), IF($E10=1,IF(INDEX(AR!$U$4:$U$1019,MATCH($C10,AR!$E$4:$E$1019,0))="","",INDEX(AR!$U$4:$U$1019,MATCH($C10,AR!$E$4:$E$1019,0))), IF($E10=2,IF(INDEX(AR!$Z$4:$Z$1019,MATCH($C10,AR!$E$4:$E$1019,0))="","",INDEX(AR!$Z$4:$Z$1019,MATCH($C10,AR!$E$4:$E$1019,0))), IF($E10=3,IF(INDEX(AR!$AE$4:$AE$1019,MATCH($C10,AR!$E$4:$E$1019,0))="","",INDEX(AR!$AE$4:$AE$1019,MATCH($C10,AR!$E$4:$E$1019,0))), IF($E10=4,IF(INDEX(AR!$AJ$4:$AJ$1019,MATCH($C10,AR!$E$4:$E$1019,0))="","",INDEX(AR!$AJ$4:$AJ$1019,MATCH($C10,AR!$E$4:$E$1019,0))), IF($E10=5,IF(INDEX(AR!$AO$4:$AO$1019,MATCH($C10,AR!$E$4:$E$1019,0))="","",INDEX(AR!$AO$4:$AO$1019,MATCH($C10,AR!$E$4:$E$1019,0))),""))))))) -> 46053 | I10: =IF(ISNA(MATCH($C10,AR!$E$4:$E$1019,0)),"", IF($E10=0,IF(INDEX(AR!$Q$4:$Q$1019,MATCH($C10,AR!$E$4:$E$1019,0))="","",INDEX(AR!$Q$4:$Q$1019,MATCH($C10,AR!$E$4:$E$1019,0))), IF($E10=1,IF(INDEX(AR!$V$4:$V$1019,MATCH($C10,AR!$E$4:$E$1019,0))="","",INDEX(AR!$V$4:$V$1019,MATCH($C10,AR!$E$4:$E$1019,0))), IF($E10=2,IF(INDEX(AR!$AA$4:$AA$1019,MATCH($C10,AR!$E$4:$E$1019,0))="","",INDEX(AR!$AA$4:$AA$1019,MATCH($C10,AR!$E$4:$E$1019,0))), IF($E10=3,IF(INDEX(AR!$AF$4:$AF$1019,MATCH($C10,AR!$E$4:$E$1019,0))="","",INDEX(AR!$AF$4:$AF$1019,MATCH($C10,AR!$E$4:$E$1019,0))), IF($E10=4,IF(INDEX(AR!$AK$4:$AK$1019,MATCH($C10,AR!$E$4:$E$1019,0))="","",INDEX(AR!$AK$4:$AK$1019,MATCH($C10,AR!$E$4:$E$1019,0))), IF($E10=5,IF(INDEX(AR!$AP$4:$AP$1019,MATCH($C10,AR!$E$4:$E$1019,0))="","",INDEX(AR!$AP$4:$AP$1019,MATCH($C10,AR!$E$4:$E$1019,0))),""))))))) -> 46057 | J10: =IF(ISNA(MATCH($C10,AR!$E$4:$E$1019,0)),"", IF($E10=0,IF(INDEX(AR!$R$4:$R$1019,MATCH($C10,AR!$E$4:$E$1019,0))="","",INDEX(AR!$R$4:$R$1019,MATCH($C10,AR!$E$4:$E$1019,0))), IF($E10=1,IF(INDEX(AR!$W$4:$W$1019,MATCH($C10,AR!$E$4:$E$1019,0))="","",INDEX(AR!$W$4:$W$1019,MATCH($C10,AR!$E$4:$E$1019,0))), IF($E10=2,IF(INDEX(AR!$AB$4:$AB$1019,MATCH($C10,AR!$E$4:$E$1019,0))="","",INDEX(AR!$AB$4:$AB$1019,MATCH($C10,AR!$E$4:$E$1019,0))), IF($E10=3,IF(INDEX(AR!$AG$4:$AG$1019,MATCH($C10,AR!$E$4:$E$1019,0))="","",INDEX(AR!$AG$4:$AG$1019,MATCH($C10,AR!$E$4:$E$1019,0))), IF($E10=4,IF(INDEX(AR!$AL$4:$AL$1019,MATCH($C10,AR!$E$4:$E$1019,0))="","",INDEX(AR!$AL$4:$AL$1019,MATCH($C10,AR!$E$4:$E$1019,0))), IF($E10=5,IF(INDEX(AR!$AQ$4:$AQ$1019,MATCH($C10,AR!$E$4:$E$1019,0))="","",INDEX(AR!$AQ$4:$AQ$1019,MATCH($C10,AR!$E$4:$E$1019,0))),""))))))) | K10: =AR!J9 -> STT | L10: {=_xlfn.IFS(AND($E10<>"",$M10="Pending",$K10="CTA"),TODAY()-$G10,AND($E10<>"",$M10="Pending",$K10="AUR"),TODAY()-$H10,AND($E10<>"",$M10="Pending",$K10="STT"),TODAY()-$I10,OR(K10="Closed",K10=""),"")} -> 9 | M10: =VLOOKUP(C10,AR!$E$4:$AC$512,7,0) -> Pending | N10: =IF(AND(E10<>"",M10="Pending"),IF(L10>=5,"Overdue",IF(L10>=3,"High","")),"") -> Overdue | O10: =AR!M9 -> GC | P10: NO
A11: 7 | B11: Architectural | C11: 523213-01-RFAS-AR-0007 | D11: =_xlfn.XLOOKUP(C11,AR!$E$4:$E$56,AR!$D$4:$D$56) -> Level 6 - Overall Base Plan | E11: =IF(VLOOKUP(C11,AR!$E$4:$AC$512,5,0)="","",VLOOKUP(C11,AR!$E$4:$AC$1011,5,0)) -> 0 | F11: 46034 | G11: =IF(VLOOKUP(C11,AR!$E$4:$AC$512,3,0)="","",VLOOKUP(C11,AR!$E$4:$AC$512,3,0)) -> 46044 | H11: =IF(ISNA(MATCH($C11,AR!$E$4:$E$1019,0)),"", IF($E11=0,IF(INDEX(AR!$P$4:$P$1019,MATCH($C11,AR!$E$4:$E$1019,0))="","",INDEX(AR!$P$4:$P$1019,MATCH($C11,AR!$E$4:$E$1019,0))), IF($E11=1,IF(INDEX(AR!$U$4:$U$1019,MATCH($C11,AR!$E$4:$E$1019,0))="","",INDEX(AR!$U$4:$U$1019,MATCH($C11,AR!$E$4:$E$1019,0))), IF($E11=2,IF(INDEX(AR!$Z$4:$Z$1019,MATCH($C11,AR!$E$4:$E$1019,0))="","",INDEX(AR!$Z$4:$Z$1019,MATCH($C11,AR!$E$4:$E$1019,0))), IF($E11=3,IF(INDEX(AR!$AE$4:$AE$1019,MATCH($C11,AR!$E$4:$E$1019,0))="","",INDEX(AR!$AE$4:$AE$1019,MATCH($C11,AR!$E$4:$E$1019,0))), IF($E11=4,IF(INDEX(AR!$AJ$4:$AJ$1019,MATCH($C11,AR!$E$4:$E$1019,0))="","",INDEX(AR!$AJ$4:$AJ$1019,MATCH($C11,AR!$E$4:$E$1019,0))), IF($E11=5,IF(INDEX(AR!$AO$4:$AO$1019,MATCH($C11,AR!$E$4:$E$1019,0))="","",INDEX(AR!$AO$4:$AO$1019,MATCH($C11,AR!$E$4:$E$1019,0))),""))))))) -> 46049 | I11: =IF(ISNA(MATCH($C11,AR!$E$4:$E$1019,0)),"", IF($E11=0,IF(INDEX(AR!$Q$4:$Q$1019,MATCH($C11,AR!$E$4:$E$1019,0))="","",INDEX(AR!$Q$4:$Q$1019,MATCH($C11,AR!$E$4:$E$1019,0))), IF($E11=1,IF(INDEX(AR!$V$4:$V$1019,MATCH($C11,AR!$E$4:$E$1019,0))="","",INDEX(AR!$V$4:$V$1019,MATCH($C11,AR!$E$4:$E$1019,0))), IF($E11=2,IF(INDEX(AR!$AA$4:$AA$1019,MATCH($C11,AR!$E$4:$E$1019,0))="","",INDEX(AR!$AA$4:$AA$1019,MATCH($C11,AR!$E$4:$E$1019,0))), IF($E11=3,IF(INDEX(AR!$AF$4:$AF$1019,MATCH($C11,AR!$E$4:$E$1019,0))="","",INDEX(AR!$AF$4:$AF$1019,MATCH($C11,AR!$E$4:$E$1019,0))), IF($E11=4,IF(INDEX(AR!$AK$4:$AK$1019,MATCH($C11,AR!$E$4:$E$1019,0))="","",INDEX(AR!$AK$4:$AK$1019,MATCH($C11,AR!$E$4:$E$1019,0))), IF($E11=5,IF(INDEX(AR!$AP$4:$AP$1019,MATCH($C11,AR!$E$4:$E$1019,0))="","",INDEX(AR!$AP$4:$AP$1019,MATCH($C11,AR!$E$4:$E$1019,0))),""))))))) -> 46052 | J11: =IF(ISNA(MATCH($C11,AR!$E$4:$E$1019,0)),"", IF($E11=0,IF(INDEX(AR!$R$4:$R$1019,MATCH($C11,AR!$E$4:$E$1019,0))="","",INDEX(AR!$R$4:$R$1019,MATCH($C11,AR!$E$4:$E$1019,0))), IF($E11=1,IF(INDEX(AR!$W$4:$W$1019,MATCH($C11,AR!$E$4:$E$1019,0))="","",INDEX(AR!$W$4:$W$1019,MATCH($C11,AR!$E$4:$E$1019,0))), IF($E11=2,IF(INDEX(AR!$AB$4:$AB$1019,MATCH($C11,AR!$E$4:$E$1019,0))="","",INDEX(AR!$AB$4:$AB$1019,MATCH($C11,AR!$E$4:$E$1019,0))), IF($E11=3,IF(INDEX(AR!$AG$4:$AG$1019,MATCH($C11,AR!$E$4:$E$1019,0))="","",INDEX(AR!$AG$4:$AG$1019,MATCH($C11,AR!$E$4:$E$1019,0))), IF($E11=4,IF(INDEX(AR!$AL$4:$AL$1019,MATCH($C11,AR!$E$4:$E$1019,0))="","",INDEX(AR!$AL$4:$AL$1019,MATCH($C11,AR!$E$4:$E$1019,0))), IF($E11=5,IF(INDEX(AR!$AQ$4:$AQ$1019,MATCH($C11,AR!$E$4:$E$1019,0))="","",INDEX(AR!$AQ$4:$AQ$1019,MATCH($C11,AR!$E$4:$E$1019,0))),""))))))) -> 46059 | K11: =AR!J10 -> Closed | L11: {=_xlfn.IFS(AND($E11<>"",$M11="Pending",$K11="CTA"),TODAY()-$G11,AND($E11<>"",$M11="Pending",$K11="AUR"),TODAY()-$H11,AND($E11<>"",$M11="Pending",$K11="STT"),TODAY()-$I11,OR(K11="Closed",K11=""),"")} | M11: =VLOOKUP(C11,AR!$E$4:$AC$512,7,0) -> B | N11: =IF(AND(E11<>"",M11="Pending"),IF(L11>=5,"Overdue",IF(L11>=3,"High","")),"") | O11: =AR!M10 -> GC | P11: NO
A12: 8 | B12: Architectural | C12: 523213-01-RFAS-AR-0008 | D12: =_xlfn.XLOOKUP(C12,AR!$E$4:$E$56,AR!$D$4:$D$56) -> Roof Deck - Overall Base Plan | E12: =IF(VLOOKUP(C12,AR!$E$4:$AC$512,5,0)="","",VLOOKUP(C12,AR!$E$4:$AC$1011,5,0)) -> 0 | G12: =IF(VLOOKUP(C12,AR!$E$4:$AC$512,3,0)="","",VLOOKUP(C12,AR!$E$4:$AC$512,3,0)) -> 46062 | H12: =IF(ISNA(MATCH($C12,AR!$E$4:$E$1019,0)),"", IF($E12=0,IF(INDEX(AR!$P$4:$P$1019,MATCH($C12,AR!$E$4:$E$1019,0))="","",INDEX(AR!$P$4:$P$1019,MATCH($C12,AR!$E$4:$E$1019,0))), IF($E12=1,IF(INDEX(AR!$U$4:$U$1019,MATCH($C12,AR!$E$4:$E$1019,0))="","",INDEX(AR!$U$4:$U$1019,MATCH($C12,AR!$E$4:$E$1019,0))), IF($E12=2,IF(INDEX(AR!$Z$4:$Z$1019,MATCH($C12,AR!$E$4:$E$1019,0))="","",INDEX(AR!$Z$4:$Z$1019,MATCH($C12,AR!$E$4:$E$1019,0))), IF($E12=3,IF(INDEX(AR!$AE$4:$AE$1019,MATCH($C12,AR!$E$4:$E$1019,0))="","",INDEX(AR!$AE$4:$AE$1019,MATCH($C12,AR!$E$4:$E$1019,0))), IF($E12=4,IF(INDEX(AR!$AJ$4:$AJ$1019,MATCH($C12,AR!$E$4:$E$1019,0))="","",INDEX(AR!$AJ$4:$AJ$1019,MATCH($C12,AR!$E$4:$E$1019,0))), IF($E12=5,IF(INDEX(AR!$AO$4:$AO$1019,MATCH($C12,AR!$E$4:$E$1019,0))="","",INDEX(AR!$AO$4:$AO$1019,MATCH($C12,AR!$E$4:$E$1019,0))),""))))))) -> 46064 | I12: =IF(ISNA(MATCH($C12,AR!$E$4:$E$1019,0)),"", IF($E12=0,IF(INDEX(AR!$Q$4:$Q$1019,MATCH($C12,AR!$E$4:$E$1019,0))="","",INDEX(AR!$Q$4:$Q$1019,MATCH($C12,AR!$E$4:$E$1019,0))), IF($E12=1,IF(INDEX(AR!$V$4:$V$1019,MATCH($C12,AR!$E$4:$E$1019,0))="","",INDEX(AR!$V$4:$V$1019,MATCH($C12,AR!$E$4:$E$1019,0))), IF($E12=2,IF(INDEX(AR!$AA$4:$AA$1019,MATCH($C12,AR!$E$4:$E$1019,0))="","",INDEX(AR!$AA$4:$AA$1019,MATCH($C12,AR!$E$4:$E$1019,0))), IF($E12=3,IF(INDEX(AR!$AF$4:$AF$1019,MATCH($C12,AR!$E$4:$E$1019,0))="","",INDEX(AR!$AF$4:$AF$1019,MATCH($C12,AR!$E$4:$E$1019,0))), IF($E12=4,IF(INDEX(AR!$AK$4:$AK$1019,MATCH($C12,AR!$E$4:$E$1019,0))="","",INDEX(AR!$AK$4:$AK$1019,MATCH($C12,AR!$E$4:$E$1019,0))), IF($E12=5,IF(INDEX(AR!$AP$4:$AP$1019,MATCH($C12,AR!$E$4:$E$1019,0))="","",INDEX(AR!$AP$4:$AP$1019,MATCH($C12,AR!$E$4:$E$1019,0))),""))))))) | J12: =IF(ISNA(MATCH($C12,AR!$E$4:$E$1019,0)),"", IF($E12=0,IF(INDEX(AR!$R$4:$R$1019,MATCH($C12,AR!$E$4:$E$1019,0))="","",INDEX(AR!$R$4:$R$1019,MATCH($C12,AR!$E$4:$E$1019,0))), IF($E12=1,IF(INDEX(AR!$W$4:$W$1019,MATCH($C12,AR!$E$4:$E$1019,0))="","",INDEX(AR!$W$4:$W$1019,MATCH($C12,AR!$E$4:$E$1019,0))), IF($E12=2,IF(INDEX(AR!$AB$4:$AB$1019,MATCH($C12,AR!$E$4:$E$1019,0))="","",INDEX(AR!$AB$4:$AB$1019,MATCH($C12,AR!$E$4:$E$1019,0))), IF($E12=3,IF(INDEX(AR!$AG$4:$AG$1019,MATCH($C12,AR!$E$4:$E$1019,0))="","",INDEX(AR!$AG$4:$AG$1019,MATCH($C12,AR!$E$4:$E$1019,0))), IF($E12=4,IF(INDEX(AR!$AL$4:$AL$1019,MATCH($C12,AR!$E$4:$E$1019,0))="","",INDEX(AR!$AL$4:$AL$1019,MATCH($C12,AR!$E$4:$E$1019,0))), IF($E12=5,IF(INDEX(AR!$AQ$4:$AQ$1019,MATCH($C12,AR!$E$4:$E$1019,0))="","",INDEX(AR!$AQ$4:$AQ$1019,MATCH($C12,AR!$E$4:$E$1019,0))),""))))))) | K12: =AR!J11 -> AUR | L12: {=_xlfn.IFS(AND($E12<>"",$M12="Pending",$K12="CTA"),TODAY()-$G12,AND($E12<>"",$M12="Pending",$K12="AUR"),TODAY()-$H12,AND($E12<>"",$M12="Pending",$K12="STT"),TODAY()-$I12,OR(K12="Closed",K12=""),"")} -> 2 | M12: =VLOOKUP(C12,AR!$E$4:$AC$512,7,0) -> Pending | N12: =IF(AND(E12<>"",M12="Pending"),IF(L12>=5,"Overdue",IF(L12>=3,"High","")),"") | O12: =AR!M11 -> GC | P12: NO
A13: 9 | B13: Architectural | C13: 523213-01-RFAS-AR-0009 | D13: =_xlfn.XLOOKUP(C13,AR!$E$4:$E$56,AR!$D$4:$D$56) -> Level 1 - Floor Finishes & Details | E13: =IF(VLOOKUP(C13,AR!$E$4:$AC$512,5,0)="","",VLOOKUP(C13,AR!$E$4:$AC$1011,5,0)) -> 0 | G13: =IF(VLOOKUP(C13,AR!$E$4:$AC$512,3,0)="","",VLOOKUP(C13,AR!$E$4:$AC$512,3,0)) -> 46055 | H13: =IF(ISNA(MATCH($C13,AR!$E$4:$E$1019,0)),"", IF($E13=0,IF(INDEX(AR!$P$4:$P$1019,MATCH($C13,AR!$E$4:$E$1019,0))="","",INDEX(AR!$P$4:$P$1019,MATCH($C13,AR!$E$4:$E$1019,0))), IF($E13=1,IF(INDEX(AR!$U$4:$U$1019,MATCH($C13,AR!$E$4:$E$1019,0))="","",INDEX(AR!$U$4:$U$1019,MATCH($C13,AR!$E$4:$E$1019,0))), IF($E13=2,IF(INDEX(AR!$Z$4:$Z$1019,MATCH($C13,AR!$E$4:$E$1019,0))="","",INDEX(AR!$Z$4:$Z$1019,MATCH($C13,AR!$E$4:$E$1019,0))), IF($E13=3,IF(INDEX(AR!$AE$4:$AE$1019,MATCH($C13,AR!$E$4:$E$1019,0))="","",INDEX(AR!$AE$4:$AE$1019,MATCH($C13,AR!$E$4:$E$1019,0))), IF($E13=4,IF(INDEX(AR!$AJ$4:$AJ$1019,MATCH($C13,AR!$E$4:$E$1019,0))="","",INDEX(AR!$AJ$4:$AJ$1019,MATCH($C13,AR!$E$4:$E$1019,0))), IF($E13=5,IF(INDEX(AR!$AO$4:$AO$1019,MATCH($C13,AR!$E$4:$E$1019,0))="","",INDEX(AR!$AO$4:$AO$1019,MATCH($C13,AR!$E$4:$E$1019,0))),""))))))) -> 46057 | I13: =IF(ISNA(MATCH($C13,AR!$E$4:$E$1019,0)),"", IF($E13=0,IF(INDEX(AR!$Q$4:$Q$1019,MATCH($C13,AR!$E$4:$E$1019,0))="","",INDEX(AR!$Q$4:$Q$1019,MATCH($C13,AR!$E$4:$E$1019,0))), IF($E13=1,IF(INDEX(AR!$V$4:$V$1019,MATCH($C13,AR!$E$4:$E$1019,0))="","",INDEX(AR!$V$4:$V$1019,MATCH($C13,AR!$E$4:$E$1019,0))), IF($E13=2,IF(INDEX(AR!$AA$4:$AA$1019,MATCH($C13,AR!$E$4:$E$1019,0))="","",INDEX(AR!$AA$4:$AA$1019,MATCH($C13,AR!$E$4:$E$1019,0))), IF($E13=3,IF(INDEX(AR!$AF$4:$AF$1019,MATCH($C13,AR!$E$4:$E$1019,0))="","",INDEX(AR!$AF$4:$AF$1019,MATCH($C13,AR!$E$4:$E$1019,0))), IF($E13=4,IF(INDEX(AR!$AK$4:$AK$1019,MATCH($C13,AR!$E$4:$E$1019,0))="","",INDEX(AR!$AK$4:$AK$1019,MATCH($C13,AR!$E$4:$E$1019,0))), IF($E13=5,IF(INDEX(AR!$AP$4:$AP$1019,MATCH($C13,AR!$E$4:$E$1019,0))="","",INDEX(AR!$AP$4:$AP$1019,MATCH($C13,AR!$E$4:$E$1019,0))),""))))))) -> 46059 | J13: =IF(ISNA(MATCH($C13,AR!$E$4:$E$1019,0)),"", IF($E13=0,IF(INDEX(AR!$R$4:$R$1019,MATCH($C13,AR!$E$4:$E$1019,0))="","",INDEX(AR!$R$4:$R$1019,MATCH($C13,AR!$E$4:$E$1019,0))), IF($E13=1,IF(INDEX(AR!$W$4:$W$1019,MATCH($C13,AR!$E$4:$E$1019,0))="","",INDEX(AR!$W$4:$W$1019,MATCH($C13,AR!$E$4:$E$1019,0))), IF($E13=2,IF(INDEX(AR!$AB$4:$AB$1019,MATCH($C13,AR!$E$4:$E$1019,0))="","",INDEX(AR!$AB$4:$AB$1019,MATCH($C13,AR!$E$4:$E$1019,0))), IF($E13=3,IF(INDEX(AR!$AG$4:$AG$1019,MATCH($C13,AR!$E$4:$E$1019,0))="","",INDEX(AR!$AG$4:$AG$1019,MATCH($C13,AR!$E$4:$E$1019,0))), IF($E13=4,IF(INDEX(AR!$AL$4:$AL$1019,MATCH($C13,AR!$E$4:$E$1019,0))="","",INDEX(AR!$AL$4:$AL$1019,MATCH($C13,AR!$E$4:$E$1019,0))), IF($E13=5,IF(INDEX(AR!$AQ$4:$AQ$1019,MATCH($C13,AR!$E$4:$E$1019,0))="","",INDEX(AR!$AQ$4:$AQ$1019,MATCH($C13,AR!$E$4:$E$1019,0))),""))))))) -> 46059 | K13: =AR!J12 -> Closed | L13: {=_xlfn.IFS(AND($E13<>"",$M13="Pending",$K13="CTA"),TODAY()-$G13,AND($E13<>"",$M13="Pending",$K13="AUR"),TODAY()-$H13,AND($E13<>"",$M13="Pending",$K13="STT"),TODAY()-$I13,OR(K13="Closed",K13=""),"")} | M13: =VLOOKUP(C13,AR!$E$4:$AC$512,7,0) -> B | N13: =IF(AND(E13<>"",M13="Pending"),IF(L13>=5,"Overdue",IF(L13>=3,"High","")),"") | O13: =AR!M12 -> GC | P13: NO
A14: 10 | B14: Architectural | C14: 523213-01-RFAS-AR-0010 | D14: =_xlfn.XLOOKUP(C14,AR!$E$4:$E$56,AR!$D$4:$D$56) -> Level 2 - Floor Finishes & Details | E14: =IF(VLOOKUP(C14,AR!$E$4:$AC$512,5,0)="","",VLOOKUP(C14,AR!$E$4:$AC$1011,5,0)) -> 0 | G14: =IF(VLOOKUP(C14,AR!$E$4:$AC$512,3,0)="","",VLOOKUP(C14,AR!$E$4:$AC$512,3,0)) -> 46045 | H14: =IF(ISNA(MATCH($C14,AR!$E$4:$E$1019,0)),"", IF($E14=0,IF(INDEX(AR!$P$4:$P$1019,MATCH($C14,AR!$E$4:$E$1019,0))="","",INDEX(AR!$P$4:$P$1019,MATCH($C14,AR!$E$4:$E$1019,0))), IF($E14=1,IF(INDEX(AR!$U$4:$U$1019,MATCH($C14,AR!$E$4:$E$1019,0))="","",INDEX(AR!$U$4:$U$1019,MATCH($C14,AR!$E$4:$E$1019,0))), IF($E14=2,IF(INDEX(AR!$Z$4:$Z$1019,MATCH($C14,AR!$E$4:$E$1019,0))="","",INDEX(AR!$Z$4:$Z$1019,MATCH($C14,AR!$E$4:$E$1019,0))), IF($E14=3,IF(INDEX(AR!$AE$4:$AE$1019,MATCH($C14,AR!$E$4:$E$1019,0))="","",INDEX(AR!$AE$4:$AE$1019,MATCH($C14,AR!$E$4:$E$1019,0))), IF($E14=4,IF(INDEX(AR!$AJ$4:$AJ$1019,MATCH($C14,AR!$E$4:$E$1019,0))="","",INDEX(AR!$AJ$4:$AJ$1019,MATCH($C14,AR!$E$4:$E$1019,0))), IF($E14=5,IF(INDEX(AR!$AO$4:$AO$1019,MATCH($C14,AR!$E$4:$E$1019,0))="","",INDEX(AR!$AO$4:$AO$1019,MATCH($C14,AR!$E$4:$E$1019,0))),""))))))) -> 46049 | I14: =IF(ISNA(MATCH($C14,AR!$E$4:$E$1019,0)),"", IF($E14=0,IF(INDEX(AR!$Q$4:$Q$1019,MATCH($C14,AR!$E$4:$E$1019,0))="","",INDEX(AR!$Q$4:$Q$1019,MATCH($C14,AR!$E$4:$E$1019,0))), IF($E14=1,IF(INDEX(AR!$V$4:$V$1019,MATCH($C14,AR!$E$4:$E$1019,0))="","",INDEX(AR!$V$4:$V$1019,MATCH($C14,AR!$E$4:$E$1019,0))), IF($E14=2,IF(INDEX(AR!$AA$4:$AA$1019,MATCH($C14,AR!$E$4:$E$1019,0))="","",INDEX(AR!$AA$4:$AA$1019,MATCH($C14,AR!$E$4:$E$1019,0))), IF($E14=3,IF(INDEX(AR!$AF$4:$AF$1019,MATCH($C14,AR!$E$4:$E$1019,0))="","",INDEX(AR!$AF$4:$AF$1019,MATCH($C14,AR!$E$4:$E$1019,0))), IF($E14=4,IF(INDEX(AR!$AK$4:$AK$1019,MATCH($C14,AR!$E$4:$E$1019,0))="","",INDEX(AR!$AK$4:$AK$1019,MATCH($C14,AR!$E$4:$E$1019,0))), IF($E14=5,IF(INDEX(AR!$AP$4:$AP$1019,MATCH($C14,AR!$E$4:$E$1019,0))="","",INDEX(AR!$AP$4:$AP$1019,MATCH($C14,AR!$E$4:$E$1019,0))),""))))))) -> 46052 | J14: =IF(ISNA(MATCH($C14,AR!$E$4:$E$1019,0)),"", IF($E14=0,IF(INDEX(AR!$R$4:$R$1019,MATCH($C14,AR!$E$4:$E$1019,0))="","",INDEX(AR!$R$4:$R$1019,MATCH($C14,AR!$E$4:$E$1019,0))), IF($E14=1,IF(INDEX(AR!$W$4:$W$1019,MATCH($C14,AR!$E$4:$E$1019,0))="","",INDEX(AR!$W$4:$W$1019,MATCH($C14,AR!$E$4:$E$1019,0))), IF($E14=2,IF(INDEX(AR!$AB$4:$AB$1019,MATCH($C14,AR!$E$4:$E$1019,0))="","",INDEX(AR!$AB$4:$AB$1019,MATCH($C14,AR!$E$4:$E$1019,0))), IF($E14=3,IF(INDEX(AR!$AG$4:$AG$1019,MATCH($C14,AR!$E$4:$E$1019,0))="","",INDEX(AR!$AG$4:$AG$1019,MATCH($C14,AR!$E$4:$E$1019,0))), IF($E14=4,IF(INDEX(AR!$AL$4:$AL$1019,MATCH($C14,AR!$E$4:$E$1019,0))="","",INDEX(AR!$AL$4:$AL$1019,MATCH($C14,AR!$E$4:$E$1019,0))), IF($E14=5,IF(INDEX(AR!$AQ$4:$AQ$1019,MATCH($C14,AR!$E$4:$E$1019,0))="","",INDEX(AR!$AQ$4:$AQ$1019,MATCH($C14,AR!$E$4:$E$1019,0))),""))))))) -> 46059 | K14: =AR!J13 -> Closed | L14: {=_xlfn.IFS(AND($E14<>"",$M14="Pending",$K14="CTA"),TODAY()-$G14,AND($E14<>"",$M14="Pending",$K14="AUR"),TODAY()-$H14,AND($E14<>"",$M14="Pending",$K14="STT"),TODAY()-$I14,OR(K14="Closed",K14=""),"")} | M14: =VLOOKUP(C14,AR!$E$4:$AC$512,7,0) -> B | N14: =IF(AND(E14<>"",M14="Pending"),IF(L14>=5,"Overdue",IF(L14>=3,"High","")),"") | O14: =AR!M13 -> GC | P14: NO
A15: 11 | B15: Architectural | C15: 523213-01-RFAS-AR-0011 | D15: =_xlfn.XLOOKUP(C15,AR!$E$4:$E$56,AR!$D$4:$D$56) -> Level 3 - Floor Finishes & Details | E15: =IF(VLOOKUP(C15,AR!$E$4:$AC$512,5,0)="","",VLOOKUP(C15,AR!$E$4:$AC$1011,5,0)) -> 0 | G15: =IF(VLOOKUP(C15,AR!$E$4:$AC$512,3,0)="","",VLOOKUP(C15,AR!$E$4:$AC$512,3,0)) -> 46057 | H15: =IF(ISNA(MATCH($C15,AR!$E$4:$E$1019,0)),"", IF($E15=0,IF(INDEX(AR!$P$4:$P$1019,MATCH($C15,AR!$E$4:$E$1019,0))="","",INDEX(AR!$P$4:$P$1019,MATCH($C15,AR!$E$4:$E$1019,0))), IF($E15=1,IF(INDEX(AR!$U$4:$U$1019,MATCH($C15,AR!$E$4:$E$1019,0))="","",INDEX(AR!$U$4:$U$1019,MATCH($C15,AR!$E$4:$E$1019,0))), IF($E15=2,IF(INDEX(AR!$Z$4:$Z$1019,MATCH($C15,AR!$E$4:$E$1019,0))="","",INDEX(AR!$Z$4:$Z$1019,MATCH($C15,AR!$E$4:$E$1019,0))), IF($E15=3,IF(INDEX(AR!$AE$4:$AE$1019,MATCH($C15,AR!$E$4:$E$1019,0))="","",INDEX(AR!$AE$4:$AE$1019,MATCH($C15,AR!$E$4:$E$1019,0))), IF($E15=4,IF(INDEX(AR!$AJ$4:$AJ$1019,MATCH($C15,AR!$E$4:$E$1019,0))="","",INDEX(AR!$AJ$4:$AJ$1019,MATCH($C15,AR!$E$4:$E$1019,0))), IF($E15=5,IF(INDEX(AR!$AO$4:$AO$1019,MATCH($C15,AR!$E$4:$E$1019,0))="","",INDEX(AR!$AO$4:$AO$1019,MATCH($C15,AR!$E$4:$E$1019,0))),""))))))) -> 46059 | I15: =IF(ISNA(MATCH($C15,AR!$E$4:$E$1019,0)),"", IF($E15=0,IF(INDEX(AR!$Q$4:$Q$1019,MATCH($C15,AR!$E$4:$E$1019,0))="","",INDEX(AR!$Q$4:$Q$1019,MATCH($C15,AR!$E$4:$E$1019,0))), IF($E15=1,IF(INDEX(AR!$V$4:$V$1019,MATCH($C15,AR!$E$4:$E$1019,0))="","",INDEX(AR!$V$4:$V$1019,MATCH($C15,AR!$E$4:$E$1019,0))), IF($E15=2,IF(INDEX(AR!$AA$4:$AA$1019,MATCH($C15,AR!$E$4:$E$1019,0))="","",INDEX(AR!$AA$4:$AA$1019,MATCH($C15,AR!$E$4:$E$1019,0))), IF($E15=3,IF(INDEX(AR!$AF$4:$AF$1019,MATCH($C15,AR!$E$4:$E$1019,0))="","",INDEX(AR!$AF$4:$AF$1019,MATCH($C15,AR!$E$4:$E$1019,0))), IF($E15=4,IF(INDEX(AR!$AK$4:$AK$1019,MATCH($C15,AR!$E$4:$E$1019,0))="","",INDEX(AR!$AK$4:$AK$1019,MATCH($C15,AR!$E$4:$E$1019,0))), IF($E15=5,IF(INDEX(AR!$AP$4:$AP$1019,MATCH($C15,AR!$E$4:$E$1019,0))="","",INDEX(AR!$AP$4:$AP$1019,MATCH($C15,AR!$E$4:$E$1019,0))),""))))))) -> 46062 | J15: =IF(ISNA(MATCH($C15,AR!$E$4:$E$1019,0)),"", IF($E15=0,IF(INDEX(AR!$R$4:$R$1019,MATCH($C15,AR!$E$4:$E$1019,0))="","",INDEX(AR!$R$4:$R$1019,MATCH($C15,AR!$E$4:$E$1019,0))), IF($E15=1,IF(INDEX(AR!$W$4:$W$1019,MATCH($C15,AR!$E$4:$E$1019,0))="","",INDEX(AR!$W$4:$W$1019,MATCH($C15,AR!$E$4:$E$1019,0))), IF($E15=2,IF(INDEX(AR!$AB$4:$AB$1019,MATCH($C15,AR!$E$4:$E$1019,0))="","",INDEX(AR!$AB$4:$AB$1019,MATCH($C15,AR!$E$4:$E$1019,0))), IF($E15=3,IF(INDEX(AR!$AG$4:$AG$1019,MATCH($C15,AR!$E$4:$E$1019,0))="","",INDEX(AR!$AG$4:$AG$1019,MATCH($C15,AR!$E$4:$E$1019,0))), IF($E15=4,IF(INDEX(AR!$AL$4:$AL$1019,MATCH($C15,AR!$E$4:$E$1019,0))="","",INDEX(AR!$AL$4:$AL$1019,MATCH($C15,AR!$E$4:$E$1019,0))), IF($E15=5,IF(INDEX(AR!$AQ$4:$AQ$1019,MATCH($C15,AR!$E$4:$E$1019,0))="","",INDEX(AR!$AQ$4:$AQ$1019,MATCH($C15,AR!$E$4:$E$1019,0))),""))))))) | K15: =AR!J14 -> STT | L15: {=_xlfn.IFS(AND($E15<>"",$M15="Pending",$K15="CTA"),TODAY()-$G15,AND($E15<>"",$M15="Pending",$K15="AUR"),TODAY()-$H15,AND($E15<>"",$M15="Pending",$K15="STT"),TODAY()-$I15,OR(K15="Closed",K15=""),"")} -> 4 | M15: =VLOOKUP(C15,AR!$E$4:$AC$512,7,0) -> Pending | N15: =IF(AND(E15<>"",M15="Pending"),IF(L15>=5,"Overdue",IF(L15>=3,"High","")),"") -> High | O15: =AR!M14 -> GC | P15: NO
